city,zone,zone_type,locality
Kozhikode,Kozhikode,ZONE,St.Vincent Colony
Nellore,Nellore,ZONE,Pudiparthi
Nagpur,Dhantoli,ZONE,Congress Nagar
Nagpur,Ramdaspeth,ZONE,Giripeth
Tirunelveli,Tirunelveli,ZONE,Mullikulam
Tirunelveli,Tirunelveli,ZONE,Kuthukalvalasai
Allahabad,Allahabad,ZONE,Imli Gaon
Allahabad,Allahabad,ZONE,Daraganj
Bilaspur,Bilaspur,ZONE,Mudpar
Kakinada,Kakinada,ZONE,Indrapalem
Bilaspur,Bilaspur,ZONE,Pandarbhattha
Guntur,Guntur,ZONE,Vemavaram
Chennai,Chennai South West 2,ZONE,Pallavaram
Thiruvananthapuram,Thiruvananthapuram,ZONE,Edakode
Thrissur,Thrissur,ZONE,Kuttur
Tirunelveli,Tirunelveli,ZONE,Idayangudi
Warangal,Warangal,ZONE,Buchannapet
Agra,Kamla Nagar,ZONE,Labour Colony
Bangalore,BTM Layout,ZONE,Begur
Kottayam,Kottayam,ZONE,Choondacherry
Thiruvananthapuram,Thiruvananthapuram,ZONE,Kudayal
Thiruvananthapuram,Thiruvananthapuram,ZONE,Marayamuttom
Thiruvananthapuram,Thiruvananthapuram,ZONE,Veliyamcode
Aurangabad,Aurangabad,ZONE,Dudhad
Patna,Raja Bazar,ZONE,Gardanibagh
Dantewada,Dantewada,ZONE,Tikanpal
Chittoor,Chittoor,ZONE,Urandur
Chittoor,Chittoor,ZONE,Thandlam
Guntur,Guntur,ZONE,Ramapuram
Amritsar,Amritsar,ZONE,Neshta
Lucknow,Hazratganj,ZONE,Suspen
Nellore,Nellore,ZONE,Ananthamadugu
Nagpur,Ramdaspeth,ZONE,Trimurti Nagar
Warangal,Warangal,ZONE,Seetarampur
Warangal,Warangal,ZONE,Venkatapuram
Puducherry,Puducherry,ZONE,Mannadipattu
Guntur,Guntur,ZONE,Grandhasiri
Hooghly,Hooghly,ZONE,Balarambati
Hooghly,Hooghly,ZONE,Gopalnagar Harharia
Dantewada,Dantewada,ZONE,Korra
Mohali,Mohali,ZONE,Kumbra
Warangal,Warangal,ZONE,Venkataraopalli
Warangal,Warangal,ZONE,Appireddipalli
Tirunelveli,Tirunelveli,ZONE,Vijayapathi
Chittoor,Chittoor,ZONE,Danamaiahgarivuru
Rajahmundry,Rajahmundry,ZONE,Syamalanagar
Guntur,Guntur,ZONE,Ravikampadu
Delhi,Nehru place,ZONE,Govindpuri
Amritsar,Amritsar,ZONE,Mahmoodpura
Kolkata,Bhowanipore,ZONE,New Alipore
Warangal,Warangal,ZONE,Akkarajpalli
Tangerang,Tangerang,ZONE,Larangan Indah
North 24 Parganas,North 24 Parganas,ZONE,Mashyampur
Allahabad,Allahabad,ZONE,Tirath Raj Aushadhalaya
Nellore,Nellore,ZONE,Zakkepalligudur
Nellore,Nellore,ZONE,Jonnavada
Nellore,Nellore,ZONE,Papannagaripalli
Madurai,Madurai,ZONE,Odaipatti
Tangerang,Tangerang,ZONE,Karawaci Baru
Lucknow,Ashiyana,ZONE,Indralok Colony
North 24 Parganas,North 24 Parganas,ZONE,Deara
Gurgaon,Badsharpur,ZONE,Gurgaon Sector 109
Lucknow,Ashiyana,ZONE,Adarsh Nagar
Indore,Sapna Sangeeta,ZONE,Manikbagh
Ranchi,Ranchi,ZONE,Parasi
Mangalore,Mangalore,ZONE,Bengre Casba
Mangalore,Mangalore,ZONE,Boliyar
Amritsar,Amritsar,ZONE,Shahbazpura
Faridabad,Faridabad,ZONE,Kurali
Ranchi,Ranchi,ZONE,Banapiri
Ernakulam,Kakkanad,ZONE,Azhakam
Jamshedpur,Jamshedpur,ZONE,"TISCO, Central Mailing Section"
Jamshedpur,Jamshedpur,ZONE,Voltas Pvt. Ltd Diagonal Road
Salem,Salem,ZONE,Dadagapatti
Mysore,Mysore,ZONE,Saraswathipuram
Vadodara,Raopura,ZONE,Dandia Bazar
Thrissur,Thrissur,ZONE,Perumthuruthy
Aurangabad,Aurangabad,ZONE,Jamdi Jahangir
Kozhikode,Kozhikode,ZONE,Quilandibazar
Thiruvananthapuram,Thiruvananthapuram,ZONE,Parayathukonam
Aurangabad,Aurangabad,ZONE,Tisgaon
Pune,Hadapsar,ZONE,Sasanenagar
Chittoor,Chittoor,ZONE,Kovanur
Nellore,Nellore,ZONE,Fathekhanpet
Tiruchirappalli,Tiruchirappalli,ZONE,Clock Tower
Tirunelveli,Tirunelveli,ZONE,Kuthenkuli
Allahabad,Allahabad,ZONE,Deonahri
Thrissur,Thrissur,ZONE,Padiyur
Dantewada,Dantewada,ZONE,Gollapalli
Chittoor,Chittoor,ZONE,Peddakanuparthi
Aurangabad (BH),Aurangabad (BH),ZONE,Sori
Kanpur,Swaroop Nagar,ZONE,Elgin Mills
Kanpur,Kidwai Nagar,ZONE,J K Puri
Chittoor,Chittoor,ZONE,Kancharapalem
Chittoor,Chittoor,ZONE,Inagalur
Jaipur,Jhotwara,ZONE,A C Jobner
Guntur,Guntur,ZONE,Gogulapadu
Erode,Erode,ZONE,Cauvery Railway Station
Nellore,Nellore,ZONE,A.C.Nagar
Aurangabad,Aurangabad,ZONE,Bokud Jalgaon
Aurangabad,Aurangabad,ZONE,Gevarai BK
Tiruchirappalli,Tiruchirappalli,ZONE,Thiruvengimalai
Tiruchirappalli,Tiruchirappalli,ZONE,Boiler Project - TR
Warangal,Warangal,ZONE,Punugondla
Bangalore,Whitefield,ZONE,Kundalahalli
Thrissur,Thrissur,ZONE,Chembuchira
Chittoor,Chittoor,ZONE,Burakayalakota
Indore,Old Indore,ZONE,Indore Cloth Market
Thane,Ulhasnagar,ZONE,Ambernath
Dantewada,Dantewada,ZONE,Shyamgiri
Amritsar,Amritsar,ZONE,Baba Bakala
Warangal,Warangal,ZONE,Posanpalli
Tiruchirappalli,Tiruchirappalli,ZONE,Uyyakondanthirumalai
Tiruchirappalli,Tiruchirappalli,ZONE,Baderpettai
Kanpur,Swaroop Nagar,ZONE,Arya Nagar
Chittoor,Chittoor,ZONE,Sarakallu
Erode,Erode,ZONE,Bhavani Cutcherry
Nellore,Nellore,ZONE,Chilakalamarri
Aurangabad (BH),Aurangabad (BH),ZONE,Charam
Salem,Salem,ZONE,Sittampatti
Chittoor,Chittoor,ZONE,Satravada
Chandigarh,Sector 36,ZONE,Sector 40
Lucknow,Ashiyana,ZONE,Sarojini Nagar
Aurangabad (BH),Aurangabad (BH),ZONE,Anti
Bilaspur,Bilaspur,ZONE,Bacharwar
Bilaspur,Bilaspur,ZONE,Ranigaon
Guntur,Guntur,ZONE,Kiskindapalem
Thrissur,Thrissur,ZONE,Alur Mattam
Thrissur,Thrissur,ZONE,Kumarappanal
Tiruchirappalli,Tiruchirappalli,ZONE,Cholanganallur
Tiruchirappalli,Tiruchirappalli,ZONE,Adhigaram
Tiruchirappalli,Tiruchirappalli,ZONE,Ponnaiar Dam
Nashik,Gangapur Road,ZONE,Gangapur
Warangal,Warangal,ZONE,Andanalapadu
Tirunelveli,Tirunelveli,ZONE,Idaikal
Warangal,Warangal,ZONE,Laxmipur
Chittoor,Chittoor,ZONE,Gundlaguttapalle
Tirunelveli,Tirunelveli,ZONE,Karaiyiruppu
Allahabad,Allahabad,ZONE,Baraut
Lucknow,Ashiyana,ZONE,Garhi Chunauti
Delhi,South extension,ZONE,Gautam Nagar
Chennai,Chennai South West 2,ZONE,Chromepet
Chennai,Chennai South East 1,ZONE,Palavakkam
Kozhikode,Kozhikode,ZONE,Keezhariyur
Thrissur,Thrissur,ZONE,Agalad
Thrissur,Thrissur,ZONE,Annakara
Nellore,Nellore,ZONE,Narikellapalli
Thrissur,Thrissur,ZONE,Azhikode-Thrissur
Tiruchirappalli,Tiruchirappalli,ZONE,Alathur
Tirunelveli,Tirunelveli,ZONE,Santhinagar
Tirunelveli,Tirunelveli,ZONE,Sivanthipatti
Allahabad,Allahabad,ZONE,Bahadurganj
Kozhikode,Kozhikode,ZONE,Devagiri College
Kozhikode,Kozhikode,ZONE,Eranhipalam
Kozhikode,Kozhikode,ZONE,Madavoor
Kozhikode,Kozhikode,ZONE,Ramanattukara
Warangal,Warangal,ZONE,Nemiligonda
Indore,Palasia,ZONE,Indore Pardesipura
Aurangabad,Aurangabad,ZONE,Banoti
Tirunelveli,Tirunelveli,ZONE,Kilapavur
Warangal,Warangal,ZONE,Gudur
Allahabad,Allahabad,ZONE,Bajha Mazra Lohia Nagar
Bilaspur,Bilaspur,ZONE,Shivtarai
Kakinada,Kakinada,ZONE,Jagannaickpur
Guntur,Guntur,ZONE,Chamarru
Hooghly,Hooghly,ZONE,Bagnan Chaitanyabati
Hooghly,Hooghly,ZONE,Mandra
North Goa,North Goa,ZONE,Pilar
Meerut,Shastri Nagar,ZONE,L. L. R. M. Med.college
Tirunelveli,Tirunelveli,ZONE,Krishnapuram
Chittoor,Chittoor,ZONE,Batagundrevaripalle
Delhi,Greater kailash,ZONE,Greater Kailash Part 1
Jaipur,Vidhyadhar Nagar,ZONE,Vishwakarma Industrial Area
Salem,Salem,ZONE,Pappampadi
Tirunelveli,Tirunelveli,ZONE,Piranur
Delhi,Dwarka,ZONE,Dwarka Sector 15
Erode,Erode,ZONE,Pachampalayam
Karur,Karur,ZONE,Pappakkapatti
Madurai,Madurai,ZONE,Peraiyur
Tangerang,Tangerang,ZONE,Pagenjahan
San Juan,San Juan Region,ZONE,Barrio San Jose
North 24 Parganas,North 24 Parganas,ZONE,Sikrakulingarh
Gurgaon,Manesar,ZONE,Gurgaon Sector 66
Ahmedabad,Maninagar,ZONE,Khadia
Ahmedabad,Memnagar,ZONE,Thaltej
Singapore,Sengkang,ZONE,Punggol
Ghaziabad,Raj Nagar,ZONE,Raj Nagar Extension
Allahabad,Allahabad,ZONE,Naini
Panchkula,Panchkula,ZONE,Railly
Tangerang,Tangerang,ZONE,Karawaci
Kolkata,Central,ZONE,Bengal Chemical
Bilaspur,Bilaspur,ZONE,Kathakoni
Lucknow,Aliganj,ZONE,Sairpur
Ranchi,Ranchi,ZONE,Bisa
Guntur,Guntur,ZONE,Daida
Bhubaneswar,Bhubaneswar,ZONE,Acharya Vihar
Mangalore,Mangalore,ZONE,Sandspit
Mysore,Mysore,ZONE,Thumbasoge
Kannur,Kannur,ZONE,Chekkikulam
Kannur,Kannur,ZONE,Cheleri
Mysore,Mysore,ZONE,Vijayanagar
Hyderabad,Himayat nagar,ZONE,Adarsh Nagar
Nellore,Nellore,ZONE,Dachur
Ernakulam,Kakkanad,ZONE,Chathamattam
Kannur,Kannur,ZONE,Mattanur
Ludhiana,Ludhiana Zone 3,ZONE,Guru Tegh Bahadur nagar
Thiruvananthapuram,Thiruvananthapuram,ZONE,Vizhinjam
Tirunelveli,Tirunelveli,ZONE,Sivasailam
Bangalore,Indiranagar,ZONE,HAL 2nd Stage
Bhopal,East Bhopal,ZONE,Anand Nagar
East Khasi Hills,Shillong-East Khasi Hills,ZONE,Rynjah
Thiruvananthapuram,Thiruvananthapuram,ZONE,Amachal
Chittoor,Chittoor,ZONE,Gajulavaripalle
Guntur,Guntur,ZONE,Etukuru
Bhubaneswar,Bhubaneswar,ZONE,I R C Village
Chittoor,Chittoor,ZONE,Kasipentla
Amritsar,Amritsar,ZONE,Chak Sikandar
Amritsar,Amritsar,ZONE,Kullah
Guntur,Guntur,ZONE,Vengalayapalem
Guntur,Guntur,ZONE,Ponnur
Meerut,Sadar Bazaar,ZONE,Banker Street
Hooghly,Hooghly,ZONE,Radhanagar
Erode,Erode,ZONE,Chikkarasampalayam
Thiruvananthapuram,Thiruvananthapuram,ZONE,Puliyurkonam
Thrissur,Thrissur,ZONE,Mundur
Thrissur,Thrissur,ZONE,Punkunnu
Chittoor,Chittoor,ZONE,Bandrevu
Nellore,Nellore,ZONE,Nellimitta Kandriga
Aurangabad,Aurangabad,ZONE,Gondegaon
Patna,Raja Bazar,ZONE,Patna Sectt.
Chandigarh,Sector 36,ZONE,Punjab Uni
Warangal,Warangal,ZONE,Chillamcherla
Nellore,Nellore,ZONE,Zangalapalli
Salem,Salem,ZONE,Pudupet
Salem,Salem,ZONE,Punavasal
Bilaspur,Bilaspur,ZONE,Tenganmada
Lucknow,Indranagar,ZONE,Sector-18 Indiranagar
Chittoor,Chittoor,ZONE,Vijayapuram
Lucknow,Hazratganj,ZONE,U P Governer Camp
Guntur,Guntur,ZONE,Nekkallu
Guntur,Guntur,ZONE,Nagireddipalle
Vadodara,Alkapuri,ZONE,Undera
Madurai,Madurai,ZONE,T.Uchapatti
North 24 Parganas,North 24 Parganas,ZONE,Dhapa
Las Pinas,Las Pinas Region,ZONE,Manuyo Dos
North 24 Parganas,North 24 Parganas,ZONE,Sikharpur
Chennai,Chennai South West 1,ZONE,Kilkattalai
Chennai,Chennai South West 1,ZONE,Vanuvampet
Amritsar,Amritsar,ZONE,Kasail
North Goa,North Goa,ZONE,Qurinpani
Jamshedpur,Jamshedpur,ZONE,Golmuri
Mysore,Mysore,ZONE,Kethupura
Vijayawada,Benz Circle,ZONE,Vasavya Nagar
Kolkata,Dum dum,ZONE,Sinthi
Delhi,Dwarka,ZONE,Dwarka Sector 27
Kannur,Kannur,ZONE,Othayammadam
Ranchi,Ranchi,ZONE,Patrahatu
Ranchi,Ranchi,ZONE,Kochasindri
Thiruvananthapuram,Thiruvananthapuram,ZONE,Cheruvarakonam
Thrissur,Thrissur,ZONE,Vellanchira
Nellore,Nellore,ZONE,Manganellore
Nellore,Nellore,ZONE,Mandapam
Warangal,Warangal,ZONE,Soorpalli
Chittoor,Chittoor,ZONE,Ramapuram
Chittoor,Chittoor,ZONE,Readspet
Allahabad,Allahabad,ZONE,Mansoorabad
Allahabad,Allahabad,ZONE,Nibi Bari
Ludhiana,Ludhiana Zone 2,ZONE,Basant City
Quezon City,Quezon Region,ZONE,E. Rodriguez
Anantapur,Anantapur,ZONE,Bukkapatnam
Ghaziabad,Rajendra Nagar,ZONE,Rajendra Nagar
Faridabad,Faridabad,ZONE,Khaika
Erode,Erode,ZONE,Singampettai
Guntur,Guntur,ZONE,Manduru
Amritsar,Amritsar,ZONE,Mari Megha
Thiruvananthapuram,Thiruvananthapuram,ZONE,Njarayilkonam
Thrissur,Thrissur,ZONE,Kallur
Aurangabad,Aurangabad,ZONE,Paithan Sakhar Karkhana
Aurangabad,Aurangabad,ZONE,Wadwali
Tiruchirappalli,Tiruchirappalli,ZONE,Jainagar
Allahabad,Allahabad,ZONE,Chhapar
Salem,Salem,ZONE,Vellakadai
Chittoor,Chittoor,ZONE,Nanjampet
Dantewada,Dantewada,ZONE,Ronje
Warangal,Warangal,ZONE,Ramachandrapuram
Faridabad,Faridabad,ZONE,Kartik Vihar
Mumbai,Powai,ZONE,Hanuman Road
Tiruchirappalli,Tiruchirappalli,ZONE,Kothampatti
South Goa,South Goa,ZONE,Cundiam
Erode,Erode,ZONE,Kannivadi
Vijayawada,Suryaraopet,ZONE,Eluru Road
Nellore,Nellore,ZONE,Gogulapalli
Tiruchirappalli,Tiruchirappalli,ZONE,Perumalpalayam
Aurangabad (BH),Aurangabad (BH),ZONE,Pandaria
Chittoor,Chittoor,ZONE,Sampathikota
Kolkata,Santoshpur,ZONE,Santoshpur Avenue
Kolkata,Dum dum,ZONE,Satchasipara
Kolkata,Central,ZONE,Tala
North 24 Parganas,North 24 Parganas,ZONE,Kampa
Chittoor,Chittoor,ZONE,Valasapalle
Kanpur,Kidwai Nagar,ZONE,Juhi Colony
Lucknow,Aliganj,ZONE,Itaunja
Panchkula,Panchkula,ZONE,Barwala
Mysore,Mysore,ZONE,Naganahalli
Mysore,Mysore,ZONE,Hareenahalli
South Goa,South Goa,ZONE,Querim
Mysore,Mysore,ZONE,Tagadur
Kannur,Kannur,ZONE,Areekamala
Kottayam,Kottayam,ZONE,Chemmanathukara
Tirunelveli,Tirunelveli,ZONE,Kilakku Kalakad
Tirunelveli,Tirunelveli,ZONE,T.Vijayanarayanam
Aurangabad (BH),Aurangabad (BH),ZONE,Kurhwan
Bilaspur,Bilaspur,ZONE,Korja
Bilaspur,Bilaspur,ZONE,Dhandhan
North Goa,North Goa,ZONE,Betim
Guntur,Guntur,ZONE,Chandavaram
Amritsar,Amritsar,ZONE,Chananke
Tangerang,Tangerang,ZONE,Karang Mulya
Aurangabad,Aurangabad,ZONE,Shivaji Nagar
North 24 Parganas,North 24 Parganas,ZONE,Srikrishnapur
Bangalore,Marathahalli,ZONE,Panathur
Chittoor,Chittoor,ZONE,Simharajapuram
Guntur,Guntur,ZONE,Valluru
Guntur,Guntur,ZONE,Madala
Nellore,Nellore,ZONE,Nidigurthi
Salem,Salem,ZONE,Mettur Thermal Project
Amritsar,Amritsar,ZONE,Thatha
North Goa,North Goa,ZONE,Torxem
Hyderabad,Lb nagar,ZONE,Nagole
Faridabad,Faridabad,ZONE,Sector-29
Faridabad,Faridabad,ZONE,Hathin
Tangerang,Tangerang,ZONE,Karang Sari
North 24 Parganas,North 24 Parganas,ZONE,Gokna
Kottayam,Kottayam,ZONE,Alanad
Kozhikode,Kozhikode,ZONE,Tiruvannur
North 24 Parganas,North 24 Parganas,ZONE,Harishpur
North 24 Parganas,North 24 Parganas,ZONE,Thakurnagar
Gurgaon,Badsharpur,ZONE,Gurgaon Sector 50
Kottayam,Kottayam,ZONE,Velathusseri
Thrissur,Thrissur,ZONE,Chowannur
Jaipur,Malviya Nagar,ZONE,Nayla
Guntur,Guntur,ZONE,Chintallanka
Erode,Erode,ZONE,Kolanalli
Karur,Karur,ZONE,Chinnadharapuram
Hooghly,Hooghly,ZONE,Criper Road
Warangal,Warangal,ZONE,Lingagiri
Thiruvananthapuram,Thiruvananthapuram,ZONE,TV Chalai
Thrissur,Thrissur,ZONE,Chiyyaram
Kottayam,Kottayam,ZONE,Kanjiramattom
Tirunelveli,Tirunelveli,ZONE,Singaneri
Warangal,Warangal,ZONE,Pambapur
Thiruvananthapuram,Thiruvananthapuram,ZONE,Charupara
Thrissur,Thrissur,ZONE,Peechi
Aurangabad,Aurangabad,ZONE,Dhorkingaon
Kottayam,Kottayam,ZONE,Kappumthala
Kottayam,Kottayam,ZONE,Vadayar
Thiruvananthapuram,Thiruvananthapuram,ZONE,Karyavattom
Aurangabad,Aurangabad,ZONE,Deogaon Rangari
Lucknow,Ashiyana,ZONE,Roberts Line
Bilaspur,Bilaspur,ZONE,Lalpur
Lucknow,Hazratganj,ZONE,Zarda
Guntur,Guntur,ZONE,Sandepudi
North Goa,North Goa,ZONE,Sirsaim
Hooghly,Hooghly,ZONE,Sahaganj
Chennai,Chennai West,ZONE,Villivakkam
Tirunelveli,Tirunelveli,ZONE,Pallaikottai
Aurangabad (BH),Aurangabad (BH),ZONE,Jhari
Lucknow,Hazratganj,ZONE,New Hyderabad
Amritsar,Amritsar,ZONE,Chowk Rattan Singh
Dantewada,Dantewada,ZONE,Balood
North 24 Parganas,North 24 Parganas,ZONE,Nonachandanpukur
Kozhikode,Kozhikode,ZONE,Karuvampoyil
Thiruvananthapuram,Thiruvananthapuram,ZONE,Karimancode
Thrissur,Thrissur,ZONE,Kuttamangalam
Tawang,Zimithang,ZONE,Thingbu
Chittoor,Chittoor,ZONE,Chappidipalle
Nellore,Nellore,ZONE,Vepinapi
Madurai,Madurai,ZONE,K.Pudur
Madurai,Madurai,ZONE,Sakkarappanaickanur
Mumbai,Chembur,ZONE,Tilak Nagar
Bhopal,Central Bhopal,ZONE,MP Nagar
Hooghly,Hooghly,ZONE,Radhaballavpur
Kozhikode,Kozhikode,ZONE,Tamaracheri
Indore,Palasia,ZONE,SBI Main Branch Indore
Nellore,Nellore,ZONE,Pokkandala
Thrissur,Thrissur,ZONE,Karayamvattam
Nellore,Nellore,ZONE,Madamanur
Visakhapatnam,MVP,ZONE,Gorapalle
Tiruchirappalli,Tiruchirappalli,ZONE,Ramalinganagar South
Chittoor,Chittoor,ZONE,Horsely Hills
Chittoor,Chittoor,ZONE,Kotala
Thrissur,Thrissur,ZONE,Pallipuram
Nellore,Nellore,ZONE,Eduru
Warangal,Warangal,ZONE,Chilpur
Puducherry,Puducherry,ZONE,Mangalam
Tirunelveli,Tirunelveli,ZONE,Sankanaperi
Thiruvananthapuram,Thiruvananthapuram,ZONE,Cherunniyur
Thrissur,Thrissur,ZONE,Kunnamkulam
Nellore,Nellore,ZONE,Maramreddipalli
Allahabad,Allahabad,ZONE,Allenganj
Allahabad,Allahabad,ZONE,Bhatewra Kathar
Bilaspur,Bilaspur,ZONE,Achanakmar
Bilaspur,Bilaspur,ZONE,Chakrabhatha
Rajahmundry,Rajahmundry,ZONE,Sriramnagar
Lucknow,Ashiyana,ZONE,Manaknagar
Amritsar,Amritsar,ZONE,Tera Kalan
Mohali,Mohali,ZONE,Sialba Majri
Bhubaneswar,Bhubaneswar,ZONE,Jharapada
Bhubaneswar,Bhubaneswar,ZONE,Madanpur
Chittoor,Chittoor,ZONE,Periyambadi
Aurangabad (BH),Aurangabad (BH),ZONE,Belsara
Lucknow,Ashiyana,ZONE,Hasanpur Keoli
Nashik,Gangapur Road,ZONE,Matoshree Nagar
Chittoor,Chittoor,ZONE,Bhakarapet
Guntur,Guntur,ZONE,Kandrika
Salem,Salem,ZONE,Kannapadi
Makati,Makati Region,ZONE,Dasmariñas
Taguig,Taguig Region,ZONE,Dela Paz
Chittoor,Chittoor,ZONE,Keenatipalle
Chittoor,Chittoor,ZONE,Sompalle
Chittoor,Chittoor,ZONE,Bandapalle
Panchkula,Panchkula,ZONE,Industrial Estate
Jakarta,Cilandak/Pasar Minggu,ZONE,Cilandak
Kanpur,Kidwai Nagar,ZONE,Munshipurwa
Tangerang,Tangerang,ZONE,Kemuning
Hooghly,Hooghly,ZONE,Prabasnagar
Puducherry,Puducherry,ZONE,Bharathidasan Nagar
Makati,Makati Region,ZONE,Tejeros
North 24 Parganas,North 24 Parganas,ZONE,Gaighata
Ranchi,Ranchi,ZONE,Sarwada
Delhi,Punjabi bagh,ZONE,Paschim Vihar
Ahmedabad,Paldi,ZONE,Chandranagar
Surat,Katragam,ZONE,Amroli
Chandigarh,Sector 36,ZONE,Sector-17
São Paulo,Itaquera,ZONE,Vila Conceição
Gurgaon,Manesar,ZONE,Sherpur
Lucknow,Ashiyana,ZONE,Chander Nagar
Thiruvananthapuram,Thiruvananthapuram,ZONE,Pattom Palace
Kozhikode,Kozhikode,ZONE,Mannankavu
Thrissur,Thrissur,ZONE,Chavakkad
Nellore,Nellore,ZONE,Tikkavaram
Tiruchirappalli,Tiruchirappalli,ZONE,Puthanampatti
Bangalore,shivajinagar + MG Road,ZONE,Shivaji Nagar
Bangalore,Jayanagar,ZONE,Jayanagar 1 Block
Chittoor,Chittoor,ZONE,Veligallu
Allahabad,Allahabad,ZONE,Andhiyaari
Chittoor,Chittoor,ZONE,Govindapalem
Nellore,Nellore,ZONE,Thummur
Salem,Salem,ZONE,Rakkipatti
Salem,Salem,ZONE,Chendrayampalayam
Visakhapatnam,Gajuwaka,ZONE,Sujata Nagar
Warangal,Warangal,ZONE,Gangaram
Warangal,Warangal,ZONE,Jamandlapalli
Bangalore,Koramangala,ZONE,Koramangala
Warangal,Warangal,ZONE,M.G.M Hospital
Kozhikode,Kozhikode,ZONE,Kolathara
Tawang,Lhou,ZONE,Lumla
Allahabad,Allahabad,ZONE,Ahmedpur Asrauli
Chittoor,Chittoor,ZONE,Beerangi
Allahabad,Allahabad,ZONE,Deewanganj
Indore,Old Indore,ZONE,Indore Ram Bagh
Warangal,Warangal,ZONE,Akkampet
Tiruchirappalli,Tiruchirappalli,ZONE,Karattampatti
Guntur,Guntur,ZONE,Nadikudi
Chittoor,Chittoor,ZONE,155-kammapalle
Chittoor,Chittoor,ZONE,Kamavaram Kothapet
Chittoor,Chittoor,ZONE,Chintaparthi
Amritsar,Amritsar,ZONE,Raipur Kalan
Amritsar,Amritsar,ZONE,Ekal Gudda
Hooghly,Hooghly,ZONE,Arjuna
Nellore,Nellore,ZONE,Kommalapudi
Salem,Salem,ZONE,Sanjeevarayanpettai
Visakhapatnam,Gajuwaka,ZONE,Pedamushidivada
East Khasi Hills,Shillong-East Khasi Hills,ZONE,Marbisu
Warangal,Warangal,ZONE,Sudenapalli
Tirunelveli,Tirunelveli,ZONE,Maharajangar
Thiruvananthapuram,Thiruvananthapuram,ZONE,Kalamachal
Tawang,Zimithang,ZONE,Zimithang
Chittoor,Chittoor,ZONE,Gopidinne
Nellore,Nellore,ZONE,Punabaka
Salem,Salem,ZONE,Yercaud
Aurangabad (BH),Aurangabad (BH),ZONE,Rafiganj
Chittoor,Chittoor,ZONE,Tirumala North
Warangal,Warangal,ZONE,Kadavendi
Warangal,Warangal,ZONE,Komatipalli
Lucknow,Ashiyana,ZONE,Jaitikhera
Warangal,Warangal,ZONE,Pandikunta
Chittoor,Chittoor,ZONE,Karidirivaripalle
Aurangabad (BH),Aurangabad (BH),ZONE,Kunda
Allahabad,Allahabad,ZONE,Khiri
Madurai,Madurai,ZONE,Ambalakaranpatti
Madurai,Madurai,ZONE,Chockalingapuram
Salem,Salem,ZONE,Thenkumarai
Kolkata,Salt lake,ZONE,Subhash Sarabor
Chittoor,Chittoor,ZONE,Jambada
Guntur,Guntur,ZONE,Manthenavaripalem
Amritsar,Amritsar,ZONE,Bhopa Rai
North Goa,North Goa,ZONE,Menkurim
Erode,Erode,ZONE,Perundurai Sanitorium
North 24 Parganas,North 24 Parganas,ZONE,Koniara
Chittoor,Chittoor,ZONE,Varadaiahpalem
Bangalore,HSR Layout,ZONE,Haralur
Navi Mumbai,Vashi,ZONE,Vashi
Delhi,Punjabi bagh,ZONE,Meera Bagh
Delhi,Mehrauli,ZONE,Sainik Farm
Salem,Salem,ZONE,Pavalathanur
Tangerang,Tangerang,ZONE,Ganda Ria
North 24 Parganas,North 24 Parganas,ZONE,Gouranganagar
Aurangabad,Aurangabad,ZONE,Mahmoodpura
Hooghly,Hooghly,ZONE,Madhurpur
Tiruchirappalli,Tiruchirappalli,ZONE,A.Pudupatti
Warangal,Warangal,ZONE,Chinnapendyal
Chittoor,Chittoor,ZONE,Nandanuru
Aurangabad (BH),Aurangabad (BH),ZONE,Purhara
Bilaspur,Bilaspur,ZONE,Jairamnagar
Delhi,Model town,ZONE,Model Town 3
Guntur,Guntur,ZONE,Chadalavada
Chennai,Chennai South West 2,ZONE,Nanganallur
Nellore,Nellore,ZONE,Rajupalem
Bangalore,Jayanagar,ZONE,Jayanagar 5 Block
Agra,Taj Ganj,ZONE,Nai Ki Mandi
Thiruvananthapuram,Thiruvananthapuram,ZONE,Vellallur
Thiruvananthapuram,Thiruvananthapuram,ZONE,Changa
Thiruvananthapuram,Thiruvananthapuram,ZONE,Meenmutty
Thrissur,Thrissur,ZONE,Vettilappara
Aurangabad,Aurangabad,ZONE,Sarafa
Tiruchirappalli,Tiruchirappalli,ZONE,Kalingapatti
Puducherry,Puducherry,ZONE,Manamedu
Warangal,Warangal,ZONE,Peddavangara
Thrissur,Thrissur,ZONE,Chattikulam
Patna,Kankarbagh,ZONE,Pakri
Chittoor,Chittoor,ZONE,Kothapalem
Chittoor,Chittoor,ZONE,Dasukuppam
Chittoor,Chittoor,ZONE,Peddakannali
Lucknow,Ashiyana,ZONE,Kalli Pacchim
Nellore,Nellore,ZONE,Komarika
Kottayam,Kottayam,ZONE,Kizhakkenmattom
Thiruvananthapuram,Thiruvananthapuram,ZONE,Russelpuram
Nellore,Nellore,ZONE,Damanellore
Tiruchirappalli,Tiruchirappalli,ZONE,Mohavanur
Nagpur,Wardhaman Nagar,ZONE,Katolroad
Tirunelveli,Tirunelveli,ZONE,Kidanganeri
Kakinada,Kakinada,ZONE,Kovvuru
Warangal,Warangal,ZONE,Rangapur
Warangal,Warangal,ZONE,Sriramgiri
Allahabad,Allahabad,ZONE,Serawan
Guntur,Guntur,ZONE,Amaravathi
Amritsar,Amritsar,ZONE,Rattoke Gurudwara
Amritsar,Amritsar,ZONE,Mohanpura
South Tangerang,South Tangerang,ZONE,Pondok Cabe Udik
Quezon City,Quezon Region,ZONE,Project 4
San Juan,San Juan Region,ZONE,Greenhills South
Guntur,Guntur,ZONE,Pedaparimi
Karur,Karur,ZONE,K.Pudupatti
Salem,Salem,ZONE,Kanjanaickenpatti
Tangerang,Tangerang,ZONE,Cikande
Aurangabad,Aurangabad,ZONE,Banjara Colony
Hooghly,Hooghly,ZONE,Makhla
Aurangabad,Aurangabad,ZONE,Ulkanagari
North 24 Parganas,North 24 Parganas,ZONE,Mulajore
Chittoor,Chittoor,ZONE,Thamballapalle
Panchkula,Panchkula,ZONE,Sector 4
Faridabad,Faridabad,ZONE,Bhuvapur
Jakarta,Cengkareng/Penjaringan/Kalideres,ZONE,Penjaringan
Karur,Karur,ZONE,D.Idayapatti
Surat,Varaccha,ZONE,Vatsalyadham
Noida,Sector 57,ZONE,Sector 21
Kakinada,Kakinada,ZONE,Gandhinagar
Guntur,Guntur,ZONE,Gandiganumala
Delhi,Shastri nagar,ZONE,Gulabi Bagh
Mangalore,Mangalore,ZONE,Bunts Hostel Road
Mysore,Mysore,ZONE,Kodagahalli
Hyderabad,Nallakunta,ZONE,Osmania University
Kannur,Kannur,ZONE,Mallannur
Ernakulam,Kakkanad,ZONE,Kothamangalam
Thiruvananthapuram,Thiruvananthapuram,ZONE,Perurkada
Nellore,Nellore,ZONE,Gunupadu
Allahabad,Allahabad,ZONE,Babhani Hethar
Salem,Salem,ZONE,R.Komarapalayam
Aurangabad,Aurangabad,ZONE,Khadgaon
Aurangabad,Aurangabad,ZONE,Narayangaon
Visakhapatnam,Gajuwaka,ZONE,Narsingaraopeta
Tiruchirappalli,Tiruchirappalli,ZONE,Yelurpatti
Tiruchirappalli,Tiruchirappalli,ZONE,Pirattiyur
Tirunelveli,Tirunelveli,ZONE,Naduvakrichi
Agra,Agra City,ZONE,Phulatti Bazar
Warangal,Warangal,ZONE,Panthani
Warangal,Warangal,ZONE,Venkatapur
Chittoor,Chittoor,ZONE,Basinikonda
Allahabad,Allahabad,ZONE,Chamrupur Urf Nantaut
Chittoor,Chittoor,ZONE,Pachalamarri
Chittoor,Chittoor,ZONE,Bhavani Nagar
Amritsar,Amritsar,ZONE,Bachiwind
Tirunelveli,Tirunelveli,ZONE,Vadakkupudur
Allahabad,Allahabad,ZONE,George Town
Aurangabad (BH),Aurangabad (BH),ZONE,Amona
Meerut,Sadar Bazaar,ZONE,Sardhana
Chittoor,Chittoor,ZONE,Papanaidupet
Guntur,Guntur,ZONE,Nallapadu
Jaipur,Vaishali Nagar,ZONE,Nanan
Guntur,Guntur,ZONE,Repalle Bazar
Erode,Erode,ZONE,Kanakkampalayam
Hooghly,Hooghly,ZONE,Gajinadaspur
Jaipur,Vidhyadhar Nagar,ZONE,Chandpole Bazar
Erode,Erode,ZONE,A.Sembulichampalayam
Kozhikode,Kozhikode,ZONE,Moolad
Thiruvananthapuram,Thiruvananthapuram,ZONE,Nilakkamukku
Thiruvananthapuram,Thiruvananthapuram,ZONE,Vettiyara
Nellore,Nellore,ZONE,Gottirprolu
Nellore,Nellore,ZONE,Gundlapalem
Visakhapatnam,MVP,ZONE,Mamidipalem
Visakhapatnam,Gajuwaka,ZONE,Marripalem
East Khasi Hills,Shillong-East Khasi Hills,ZONE,Mawreng
Warangal,Warangal,ZONE,Kamepalli
Tirunelveli,Tirunelveli,ZONE,Uvari
Thrissur,Thrissur,ZONE,Chalakudi
Agra,Taj Ganj,ZONE,Saket Colony
Bhopal,Central Bhopal,ZONE,Shastri Nagar
Allahabad,Allahabad,ZONE,Jalalpur Kasba
Patna,Raja Bazar,ZONE,Danapur Bazar
Chandigarh,Sector 20,ZONE,ICICI Bank Sec.9
South Goa,South Goa,ZONE,Bogmalo
Guntur,Guntur,ZONE,Tummalacheruvu
Warangal,Warangal,ZONE,Nainala
Chittoor,Chittoor,ZONE,Eachaneri
Guwahati,Guwahati,ZONE,Panjabari
Erode,Erode,ZONE,Mylrangam
Madurai,Madurai,ZONE,Pudur Bazaar
Salem,Salem,ZONE,Sathapadi
South Tangerang,South Tangerang,ZONE,Kedaung
Tangerang,Tangerang,ZONE,Marga Sari
Indore,Sapna Sangeeta,ZONE,Annapurna Nagar
Aurangabad (BH),Aurangabad (BH),ZONE,Gordiha
Bilaspur,Bilaspur,ZONE,Sonthi
Bilaspur,Bilaspur,ZONE,Semra
Guntur,Guntur,ZONE,Nelapadu
Karur,Karur,ZONE,S.Vellalapatti
Kozhikode,Kozhikode,ZONE,Pazhur
Warangal,Warangal,ZONE,Dwarakapet
Tirunelveli,Tirunelveli,ZONE,Chockammpatti
Allahabad,Allahabad,ZONE,Sarai Inayat
Chittoor,Chittoor,ZONE,Ramakuppam
Erode,Erode,ZONE,Olagadam
Thrissur,Thrissur,ZONE,Anapuzha
Tirunelveli,Tirunelveli,ZONE,Achampadu
Warangal,Warangal,ZONE,Mudupugal
Agra,Taj Ganj,ZONE,P.R.R
Allahabad,Allahabad,ZONE,Bharat Nagar
Kozhikode,Kozhikode,ZONE,Kundungal
Kozhikode,Kozhikode,ZONE,Kythapoyil
Thrissur,Thrissur,ZONE,Poyya
Kottayam,Kottayam,ZONE,Chempilavu
Thiruvananthapuram,Thiruvananthapuram,ZONE,Kudappanamoodu
Nashik,Mumbai Naka,ZONE,Dwarka Corner
Warangal,Warangal,ZONE,Kondapur
Tiruchirappalli,Tiruchirappalli,ZONE,Top Sengattupatti
Thrissur,Thrissur,ZONE,Koovakkattukunnu
Chittoor,Chittoor,ZONE,Alathur
Nellore,Nellore,ZONE,Chatagotla
Nellore,Nellore,ZONE,Tatiparthi
Nellore,Nellore,ZONE,Pathadevarayapalli
Nellore,Nellore,ZONE,Dundigam
Warangal,Warangal,ZONE,Kothapalli
Thiruvananthapuram,Thiruvananthapuram,ZONE,Chaikkottukonam
Thrissur,Thrissur,ZONE,Kiralur
Nagpur,Wardhaman Nagar,ZONE,Mankapur
Nashik,Gangapur Road,ZONE,Sharanpur
Warangal,Warangal,ZONE,Pamnoor
Warangal,Warangal,ZONE,Muthojipet
Warangal,Warangal,ZONE,Wadlakonda
Chittoor,Chittoor,ZONE,Bandarlapalle
Guntur,Guntur,ZONE,Vunguturu
Hooghly,Hooghly,ZONE,Dihiratanpur
Tiruchirappalli,Tiruchirappalli,ZONE,R.Valavanur
Mohali,Mohali,ZONE,Roorkee Pukhta
South Goa,South Goa,ZONE,Palolem
Erode,Erode,ZONE,Dhimbam
Chittoor,Chittoor,ZONE,Bisanatham
Chittoor,Chittoor,ZONE,Palamaner
Bilaspur,Bilaspur,ZONE,Kotri
Bilaspur,Bilaspur,ZONE,Kanteli
Amritsar,Amritsar,ZONE,Basarke
Amritsar,Amritsar,ZONE,Mehsampura
Nellore,Nellore,ZONE,Anumasamudram
Kolkata,Central,ZONE,Sales Tax Building
Tirunelveli,Tirunelveli,ZONE,Karisalkudiyiruppu
Taguig,Taguig Region,ZONE,Concepcion Uno
Hooghly,Hooghly,ZONE,Dingalhati
Chennai,Chennai South West 2,ZONE,Tambaram East
Hyderabad,Marredpally,ZONE,East Marredpally
Ahmedabad,Maninagar,ZONE,Shah Alam Roza
Kanpur,Kidwai Nagar,ZONE,Meerpur Cantt
Kanpur,Kakadeo,ZONE,Nsi
Guntur,Guntur,ZONE,Nandivelugu
Karur,Karur,ZONE,Paganatham
North 24 Parganas,North 24 Parganas,ZONE,Labony Estate
North 24 Parganas,North 24 Parganas,ZONE,Sohai Kumarpur
Chandigarh,Sector 36,ZONE,Sector-51
Mysore,Mysore,ZONE,Talakad
Ernakulam,Kakkanad,ZONE,Thottumughom
Kannur,Kannur,ZONE,Kuttikkakam
Nellore,Nellore,ZONE,Bhatlakanupur
Kozhikode,Kozhikode,ZONE,Kilinnanyam
Kozhikode,Kozhikode,ZONE,Kunnathara
Thiruvananthapuram,Thiruvananthapuram,ZONE,Kallara
Thiruvananthapuram,Thiruvananthapuram,ZONE,Koliakode
Warangal,Warangal,ZONE,Venkatadripet
Tirunelveli,Tirunelveli,ZONE,Singamparai
Bangalore,Banaswadi,ZONE,Lingarajapuram
Tirunelveli,Tirunelveli,ZONE,Surandai
Allahabad,Allahabad,ZONE,Mungari
Allahabad,Allahabad,ZONE,Barha Kalan
Tiruchirappalli,Tiruchirappalli,ZONE,Maruthandakurichi
Tiruchirappalli,Tiruchirappalli,ZONE,Palanganangudi
Tirunelveli,Tirunelveli,ZONE,Ponnakudi
Thrissur,Thrissur,ZONE,Irinjalakuda
Thrissur,Thrissur,ZONE,Kanakamala
Chittoor,Chittoor,ZONE,Moram
Allahabad,Allahabad,ZONE,Phaphamau
Allahabad,Allahabad,ZONE,Nasratpur
Patna,Raja Bazar,ZONE,Kidwaipuri
Chittoor,Chittoor,ZONE,Athur
Dantewada,Dantewada,ZONE,Gamawada
Thrissur,Thrissur,ZONE,Kukkulissery
Bhopal,Old Bhopal,ZONE,Gandhi Medical College
Chittoor,Chittoor,ZONE,Peddapalavedu
Aurangabad (BH),Aurangabad (BH),ZONE,Son Nagar
Chandigarh,Sector 36,ZONE,Sector 35
Bilaspur,Bilaspur,ZONE,Majhgaon
Bilaspur,Bilaspur,ZONE,Mochh
Dantewada,Dantewada,ZONE,Polampalli
Delhi,Preet vihar,ZONE,Anand Vihar
Chittoor,Chittoor,ZONE,Panguru
Jaipur,Raja Park,ZONE,Gulab Bari
Erode,Erode,ZONE,Bhavani
Thrissur,Thrissur,ZONE,Puthanpalli
Nellore,Nellore,ZONE,Cherlopalli
Salem,Salem,ZONE,Salem North
Visakhapatnam,Gajuwaka,ZONE,Bheemunipatnam
Visakhapatnam,Gajuwaka,ZONE,Kancharapalem
East Khasi Hills,Shillong-East Khasi Hills,ZONE,Phlang Mawsyrpat
Bangalore,Koramangala,ZONE,Koramangala 1 Block
Warangal,Warangal,ZONE,Fort Warangal
Tirunelveli,Tirunelveli,ZONE,Parappadi
Agra,Taj Ganj,ZONE,Shahaganj
Chittoor,Chittoor,ZONE,Mulakalacheruvu
Allahabad,Allahabad,ZONE,Ismailganj
Tiruchirappalli,Tiruchirappalli,ZONE,Agalanganallur
Aurangabad,Aurangabad,ZONE,Parsoda Sk
Guntur,Guntur,ZONE,Kornepadu
Mohali,Mohali,ZONE,T.C.Kharar
South Goa,South Goa,ZONE,Banastrim
Hooghly,Hooghly,ZONE,Salikona
Guntur,Guntur,ZONE,Pedapalem
Nashik,Panchavati,ZONE,Ganjmal
Aurangabad (BH),Aurangabad (BH),ZONE,Fort Daudnagar
Indore,Old Indore,ZONE,Bhagirath Pura
Chittoor,Chittoor,ZONE,Kshurikapuram
Guntur,Guntur,ZONE,Bodilaveedu
Bilaspur,Bilaspur,ZONE,Sagar
Nellore,Nellore,ZONE,Mittatmakur
Jakarta,Cempaka Putih/Kemayoran/Menteng/Tanah abang,ZONE,Rawa Sari
North 24 Parganas,North 24 Parganas,ZONE,Chaital
Guntur,Guntur,ZONE,Mugachintalapalem
São Paulo,Vila Mariana,ZONE,Jardim Paulista
Erode,Erode,ZONE,Kalichettipalayam. Mettupalayam
Madurai,Madurai,ZONE,Melur East
Madurai,Madurai,ZONE,S.Kottaipatti
North 24 Parganas,North 24 Parganas,ZONE,Baksha
North 24 Parganas,North 24 Parganas,ZONE,Nimdaria
North 24 Parganas,North 24 Parganas,ZONE,Naihati Anandabazar
Hyderabad,Lb nagar,ZONE,Ramakrishna Puram
Chennai,Chennai South East 1,ZONE,Kotturpuram
Taguig,Taguig Region,ZONE,Palingon
Bangalore,Yelahanka,ZONE,Maruthi Nagar
Gurgaon,Manesar,ZONE,Gurgaon Sector 112
Ahmedabad,Naranpura,ZONE,Khodiyarnagar
Faridabad,Faridabad,ZONE,Jawahar Nagar Palwal
Patna,Kankarbagh,ZONE,Patrakar Nagar
Nellore,Nellore,ZONE,North Mopur
Tangerang,Tangerang,ZONE,Bantar Panjang
Indore,Palasia,ZONE,Janta Colony
Delhi,Rohini,ZONE,Rohini Sector 11
Delhi,Rohini,ZONE,Rohini Sector 28
Ghaziabad,Vaishali,ZONE,Kaushambi
Salem,Salem,ZONE,Savariyur
Aurangabad,Aurangabad,ZONE,Gadhejalgaon
Nashik,Nashik Road,ZONE,Nashik Road
Warangal,Warangal,ZONE,Upparapalli
Chittoor,Chittoor,ZONE,Yadamari
Allahabad,Allahabad,ZONE,Bigahra Usmanpur
Chittoor,Chittoor,ZONE,Kotakonda
Bilaspur,Bilaspur,ZONE,Surhi
Madurai,Madurai,ZONE,Melavlavu
Tangerang,Tangerang,ZONE,Poris Plawad Indah
Hooghly,Hooghly,ZONE,Deulpara.
São Paulo,Vila Mariana,ZONE,Jardim América
Chennai,Chennai North East,ZONE,Tondiarpet
Nellore,Nellore,ZONE,Thurupu Yerraballi
Jakarta,PuloGadung/Duren Sawit,ZONE,Pisangan Timur
Delhi,Vasant kunj,ZONE,Rajokari
Thiruvananthapuram,Thiruvananthapuram,ZONE,Mudapuram
Thrissur,Thrissur,ZONE,Talikulam
Aurangabad,Aurangabad,ZONE,Shevta
Tiruchirappalli,Tiruchirappalli,ZONE,Khajamalai Colony
East Khasi Hills,Shillong-East Khasi Hills,ZONE,Tynger
East Khasi Hills,Shillong-East Khasi Hills,ZONE,Mawpat
Warangal,Warangal,ZONE,Modugulaguda
Bangalore,HSR Layout,ZONE,Bellandur
Warangal,Warangal,ZONE,Teegaram
Chittoor,Chittoor,ZONE,Kurizala
Dantewada,Dantewada,ZONE,Gondpalli
Warangal,Warangal,ZONE,China Raman Cherla
Ranchi,Ranchi,ZONE,Nibaranpur
Ranchi,Ranchi,ZONE,Ranchi Court
Mumbai,Fort area,ZONE,Girgaon
Mumbai,Tardeo,ZONE,Mumbai Central
Las Pinas,Las Pinas Region,ZONE,Paranaque City
Bhubaneswar,Bhubaneswar,ZONE,Mancheswar R S
Guntur,Guntur,ZONE,Lam Ars
Guntur,Guntur,ZONE,Katrapadu
Ernakulam,Kakkanad,ZONE,Nellimattam
Ernakulam,Tripunithura,ZONE,Kolenchery
Ernakulam,Tripunithura,ZONE,Ayavana
Tiruchirappalli,Tiruchirappalli,ZONE,Ponnusangampatti
North 24 Parganas,North 24 Parganas,ZONE,Kanmari
Chittoor,Chittoor,ZONE,Somala
Chittoor,Chittoor,ZONE,Tirupati South
Visakhapatnam,MVP,ZONE,Maddilapalem
Mangalore,Mangalore,ZONE,Shaktinagar
Ranchi,Ranchi,ZONE,Lapung
Mangalore,Mangalore,ZONE,Kinnikambla
Thrissur,Thrissur,ZONE,Thichur
Thrissur,Thrissur,ZONE,Cherur
Aurangabad,Aurangabad,ZONE,Karanjkheda
Warangal,Warangal,ZONE,Vangapahad
Tirunelveli,Tirunelveli,ZONE,Vellalankulam
Aurangabad (BH),Aurangabad (BH),ZONE,Beri
Aurangabad (BH),Aurangabad (BH),ZONE,War
Chittoor,Chittoor,ZONE,Vajjireddipalle
Lucknow,Ashiyana,ZONE,Locomotive W Shop
Karur,Karur,ZONE,Potharavuthanpatti
Guntur,Guntur,ZONE,Muppalla
Nellore,Nellore,ZONE,Kandra
Tangerang,Tangerang,ZONE,Cirarab
Hooghly,Hooghly,ZONE,Naity
Puducherry,Puducherry,ZONE,Karamanikuppam
Taguig,Taguig Region,ZONE,Ususan
Chennai,Chennai South 2,ZONE,Thousand Lights
Ahmedabad,Memnagar,ZONE,Memnagar
Ahmedabad,Satellite,ZONE,Ambli
Guntur,Guntur,ZONE,Kondayapalem
Guntur,Guntur,ZONE,Dhulipalla
Karur,Karur,ZONE,Sendamangalam
Nellore,Nellore,ZONE,Nelaballi
Faridabad,Faridabad,ZONE,Sector-2
Amritsar,Amritsar,ZONE,Beharipura
Hooghly,Hooghly,ZONE,Mohisgoria
Hooghly,Hooghly,ZONE,Kaikala
Lucknow,Indranagar,ZONE,Shivaji puram
Tangerang,Tangerang,ZONE,Ranca Iyuh
Tangerang,Tangerang,ZONE,Kuta Bumi
Tangerang,Tangerang,ZONE,Mekarsari
Kolkata,Dum dum,ZONE,Jugipura Satgachi
Kottayam,Kottayam,ZONE,Villoonni
Kottayam,Kottayam,ZONE,Pala Town
Kozhikode,Kozhikode,ZONE,West Hill Beach
Nagpur,Sadar,ZONE,Mohan Nagar
Warangal,Warangal,ZONE,Ookal
Puducherry,Puducherry,ZONE,Calapet
Jakarta,Cengkareng/Penjaringan/Kalideres,ZONE,Rawa Buaya
Kottayam,Kottayam,ZONE,Chakkampuzha
Tiruchirappalli,Tiruchirappalli,ZONE,Tiruvellerai
Tirunelveli,Tirunelveli,ZONE,Mathapuram
Erode,Erode,ZONE,Kadathur
Salem,Salem,ZONE,Periasathapadi
Nashik,Panchavati,ZONE,RTO Corner
Chittoor,Chittoor,ZONE,Damalacheruvu
Tirunelveli,Tirunelveli,ZONE,Valasai
Tirunelveli,Tirunelveli,ZONE,Industrial Colony Pettai
Bilaspur,Bilaspur,ZONE,Bansajhal
Chittoor,Chittoor,ZONE,Theertham
Kozhikode,Kozhikode,ZONE,Eramangalam
Ernakulam,Panampilly Nagar,ZONE,Panampilly Nagar
Kottayam,Kottayam,ZONE,Karikkattoor
Kozhikode,Kozhikode,ZONE,Puliyavil
Thiruvananthapuram,Thiruvananthapuram,ZONE,Ptp Nagar
Nellore,Nellore,ZONE,Vakadu
Allahabad,Allahabad,ZONE,Issauta
Bhopal,Central Bhopal,ZONE,1100 Qrts.
Kottayam,Kottayam,ZONE,Padinjarekkara
Kozhikode,Kozhikode,ZONE,Nut Street
Thrissur,Thrissur,ZONE,Velur Thrissur
Tiruchirappalli,Tiruchirappalli,ZONE,Konappampatti
Pune,Karve nagar,ZONE,Nanded City
Pune,Pimpri chinchwad,ZONE,Pimple Saudagar
East Khasi Hills,Shillong-East Khasi Hills,ZONE,Ladmawphlang
Tirunelveli,Tirunelveli,ZONE,Dohnavur
Bangalore,Hebbal + HBR layout,ZONE,RMV Extension
Hyderabad,Kukatpally,ZONE,Miyapur
Allahabad,Allahabad,ZONE,Rampur Kotwa
Guntur,Guntur,ZONE,Arepalle Agraharam
Amritsar,Amritsar,ZONE,Fatehwal
Amritsar,Amritsar,ZONE,Islamabad
North 24 Parganas,North 24 Parganas,ZONE,Nazat Hatkhola
North 24 Parganas,North 24 Parganas,ZONE,Karnamadhabpur
Quezon City,Quezon Region,ZONE,Santol
North 24 Parganas,North 24 Parganas,ZONE,Panitar
Mumbai,Fort area,ZONE,Umerkhadi
São Paulo,Mooca,ZONE,Vila Santa Isabel
Tirunelveli,Tirunelveli,ZONE,Erukkanthurai
Bangalore,Majestic,ZONE,Chickpet
Warangal,Warangal,ZONE,Pragathi Industrial Estate
Kozhikode,Kozhikode,ZONE,Feroke Pettah
Kozhikode,Kozhikode,ZONE,Kodiyathur
Thiruvananthapuram,Thiruvananthapuram,ZONE,Thokkad
Thrissur,Thrissur,ZONE,Chittissery
Bhopal,East Bhopal,ZONE,Govindpura
Nellore,Nellore,ZONE,South Mopur
Amritsar,Amritsar,ZONE,Jhamke
Hyderabad,Afzal gunj,ZONE,Balapur
Madurai,Madurai,ZONE,Karupatti
North 24 Parganas,North 24 Parganas,ZONE,Ganti
Faridabad,Faridabad,ZONE,Roshan Nagar
Pune,Bibvewadi,ZONE,Mohammadwadi
Ludhiana,Ludhiana Zone 1,ZONE,Prakash colony
Kannur,Kannur,ZONE,Burnacherry
Karur,Karur,ZONE,Vadiyam
Hyderabad,Banjara hills,ZONE,Banjara Hills
Nellore,Nellore,ZONE,Veligandla
Jakarta,Kelapa Gading,ZONE,Tugu Utara
Salem,Salem,ZONE,Kuppanur
Kolkata,Tollygunge,ZONE,Lake Market
Chittoor,Chittoor,ZONE,Thugundram
Warangal,Warangal,ZONE,Saireddipalli
Delhi,Malviya nagar,ZONE,Neb Sarai
Salem,Salem,ZONE,Velur
Aurangabad,Aurangabad,ZONE,Sirasgaon
Thane,Dombivali,ZONE,Dombivli West
Tiruchirappalli,Tiruchirappalli,ZONE,Koppampatti
Warangal,Warangal,ZONE,Akinepalli
Tirunelveli,Tirunelveli,ZONE,Kilavirasigamani
Tirunelveli,Tirunelveli,ZONE,Tiruvengadam
Guwahati,Guwahati,ZONE,Pandu
Delhi,Karol bagh,ZONE,Anand Parbat
Mumbai,Chembur,ZONE,Trombay
Pune,Vishrantwadi,ZONE,Wagholi
Vijayawada,Bhavanipuram,ZONE,Bhavanipuram
Jaipur,C Scheme,ZONE,Civil Lines
Ranchi,Ranchi,ZONE,Boreya
Ranchi,Ranchi,ZONE,Pithoria
Ranchi,Ranchi,ZONE,Champadih
Ranchi,Ranchi,ZONE,Govindpur
Mangalore,Mangalore,ZONE,Paladka
Kannur,Kannur,ZONE,Nirmalagiri
Guntur,Guntur,ZONE,Vangipuram
Jaipur,C Scheme,ZONE,N.C.R.Building
Erode,Erode,ZONE,Kasthurbagarm
Erode,Erode,ZONE,Valipalayam
Madurai,Madurai,ZONE,M.Kallupatti
Madurai,Madurai,ZONE,A.Thottiapatti
Salem,Salem,ZONE,Metturdam North
North 24 Parganas,North 24 Parganas,ZONE,Paschim Madhyampur
Chennai,Chennai South West 2,ZONE,Mangadu
South Goa,South Goa,ZONE,Velim
Ahmedabad,Saraspur,ZONE,Dudheshwar Tavdipura
Visakhapatnam,MVP,ZONE,Siripuram
Singapore,Clementi,ZONE,Buona Vista
Nellore,Nellore,ZONE,Vangallu
Bhopal,Central Bhopal,ZONE,Kotra Sultanabad
Amritsar,Amritsar,ZONE,Warah
Nellore,Nellore,ZONE,Ananthapuram
Thrissur,Thrissur,ZONE,Mulagunnathukavu
Nellore,Nellore,ZONE,Annamedu
Nellore,Nellore,ZONE,Nayudupeta
Bhopal,East Bhopal,ZONE,Patel Nagar
Ranchi,Ranchi,ZONE,Lalpur
Ernakulam,Kakkanad,ZONE,Edapally
São Paulo,Mooca,ZONE,Jardim Vila Formosa
Chittoor,Chittoor,ZONE,Chokkandlapalle
Thrissur,Thrissur,ZONE,Koartti Kizhakkummuri
Salem,Salem,ZONE,Selavadai
Thrissur,Thrissur,ZONE,Manakulangara
Dantewada,Dantewada,ZONE,Burgum
Aurangabad,Aurangabad,ZONE,Sawaladbara
Warangal,Warangal,ZONE,Kesireddypalli
Warangal,Warangal,ZONE,Ramsagar
Jakarta,Kebon Jeruk/Tomang/Slipi,ZONE,Kembangan Utara
North Goa,North Goa,ZONE,Cumbharjua
Guntur,Guntur,ZONE,Siripuram
Erode,Erode,ZONE,Pundurai Semur
Madurai,Madurai,ZONE,Kalligudi
Jakarta,Kebayoran/Bintaro,ZONE,Ulujami
Taguig,Taguig Region,ZONE,Ibayo–Tipas
Taguig,Taguig Region,ZONE,Tuktukan
Gurgaon,Badsharpur,ZONE,Gurgaon Sector 65
Erode,Erode,ZONE,Nanjaithalaiyur
Nellore,Nellore,ZONE,Mungamuru
Madurai,Madurai,ZONE,South Gate
Madurai,Madurai,ZONE,Attapatti
Salem,Salem,ZONE,Umayapuram
Lucknow,Hazratganj,ZONE,Kasimpur Biruha
Warangal,Warangal,ZONE,Abbapur
Aurangabad (BH),Aurangabad (BH),ZONE,Ibrahimpur
Kolkata,Bhowanipore,ZONE,New Market
Delhi,Rohini,ZONE,Rohini Sector 4
Salem,Salem,ZONE,Ayodhiyapattinam
Bilaspur,Bilaspur,ZONE,Hirri
Hooghly,Hooghly,ZONE,Arandi
Ranchi,Ranchi,ZONE,Khukhra
Guntur,Guntur,ZONE,Kanumalacheruvu
Jakarta,Cempaka Putih/Kemayoran/Menteng/Tanah abang,ZONE,Harapan Mulya
Jakarta,Cempaka Putih/Kemayoran/Menteng/Tanah abang,ZONE,Kebon Kacang
Jaipur,Malviya Nagar,ZONE,Airport Sanganer
South Goa,South Goa,ZONE,Baina
Guntur,Guntur,ZONE,Pedavadlapudi
Madurai,Madurai,ZONE,Vadugapatti
Mysore,Mysore,ZONE,Alanahalli
Aurangabad,Aurangabad,ZONE,Laxmi Nagar
Navi Mumbai,Vashi,ZONE,Rabale
Guntur,Guntur,ZONE,Kotcherla
Meerut,Saket Ganganagar,ZONE,Saket
Mumbai,Dahisar,ZONE,Dahisar East
Delhi,Karol bagh,ZONE,Old Rajendra Nagar
Noida,Sector 57,ZONE,Sector 12
Madurai,Madurai,ZONE,Lalapuram
Tangerang,Tangerang,ZONE,Pasir
North 24 Parganas,North 24 Parganas,ZONE,Bidhan Nagar CK Market
North 24 Parganas,North 24 Parganas,ZONE,Sandeler Bil
Visakhapatnam,MVP,ZONE,Chinna Waltair
Erode,Erode,ZONE,Kidarai
Nashik,Mumbai Naka,ZONE,Radha Vasudev Batavia Nagar
Hooghly,Hooghly,ZONE,Talandu
North 24 Parganas,North 24 Parganas,ZONE,Sadhana Ausudhalaya Road
Faridabad,Faridabad,ZONE,Sector 36
South Goa,South Goa,ZONE,Betul
Ahmedabad,Maninagar,ZONE,Vatva
Ranchi,Ranchi,ZONE,Pancha
Guntur,Guntur,ZONE,Reddipalem
Gurgaon,Sector43,ZONE,Sidhrawali
Patna,Rajendra Nagar,ZONE,Sandalpur
Erode,Erode,ZONE,Pudupeerkadavu`
Guntur,Guntur,ZONE,Nidubrole
Nellore,Nellore,ZONE,Kethugunta
Salem,Salem,ZONE,Manmalai
Noida,Sector 50,ZONE,Sector 77
Kolkata,Jadavpur,ZONE,Nowbhanga
Delhi,Dwarka,ZONE,Dwarka Sector 21
Noida,Sector 25,ZONE,Sector 45
Hooghly,Hooghly,ZONE,Patul
Kozhikode,Kozhikode,ZONE,Parappanpoyil
Nellore,Nellore,ZONE,Krakatur
Indore,Vijaynagar,ZONE,Vijay Nagar
Warangal,Warangal,ZONE,Krishnajigudem
Puducherry,Puducherry,ZONE,Kottakuppam
Guntur,Guntur,ZONE,Chinaparimi
Madurai,Madurai,ZONE,Poosaripatti
Salem,Salem,ZONE,Guttapatti
Tangerang,Tangerang,ZONE,Paninggilan
Tangerang,Tangerang,ZONE,Cipaeh
Hooghly,Hooghly,ZONE,Digsui
Hooghly,Hooghly,ZONE,Sarai
South Goa,South Goa,ZONE,Gogol
Mangalore,Mangalore,ZONE,Thodar
Mysore,Mysore,ZONE,Kunthanabelathur
Coimbatore,Race Course,ZONE,Kovaipudur
Kozhikode,Kozhikode,ZONE,Paleri Town
Kozhikode,Kozhikode,ZONE,Arakinar
Nellore,Nellore,ZONE,Chintareddypalem
Bangalore,BTM Layout,ZONE,BTM Layout 1st Stage
Kannur,Kannur,ZONE,Chunda
Allahabad,Allahabad,ZONE,Chandpur
Salem,Salem,ZONE,Vazhavandhi
Warangal,Warangal,ZONE,Pasaragonda
Tangerang,Tangerang,ZONE,Kedaung Barat
Gurgaon,DLFPhaseI,ZONE,Gurgaon Sector 26A
Mumbai,Bandra,ZONE,Bandra West
Bhubaneswar,Bhubaneswar,ZONE,Harachandi Sahi
Noida,Sector 62,ZONE,Sector 59
Dantewada,Dantewada,ZONE,Kistaram
Erode,Erode,ZONE,Bannari
Kannur,Kannur,ZONE,Chokli
Nagpur,Wardhaman Nagar,ZONE,Azamshah Layout
Nellore,Nellore,ZONE,Leguntapadu
Tiruchirappalli,Tiruchirappalli,ZONE,Sembulichampatti
Tirunelveli,Tirunelveli,ZONE,Alagunatchiapuram
Chittoor,Chittoor,ZONE,13-gollapalle
Nashik,Gangapur Road,ZONE,Pandit Colony
Indore,Vijaynagar,ZONE,Malviya Nagar
Bhubaneswar,Bhubaneswar,ZONE,Jaydev Vihar
São Paulo,Itaquera,ZONE,Itaquera
East Khasi Hills,Shillong-East Khasi Hills,ZONE,Nongumlong
Thrissur,Thrissur,ZONE,Eravimangalam
Tiruchirappalli,Tiruchirappalli,ZONE,Evur
Tiruchirappalli,Tiruchirappalli,ZONE,Vathalai Gudalur
East Khasi Hills,Shillong-East Khasi Hills,ZONE,Cherrabazar
Bangalore,Rajajinagar,ZONE,West Of Chord Road
Warangal,Warangal,ZONE,Kondur
Chittoor,Chittoor,ZONE,Thavanampalle
Warangal,Warangal,ZONE,Bhatpally
Allahabad,Allahabad,ZONE,Birpur
Aurangabad (BH),Aurangabad (BH),ZONE,Rajbaria Kala
Chittoor,Chittoor,ZONE,Durga Samudram
Amritsar,Amritsar,ZONE,Balharwal
Amritsar,Amritsar,ZONE,Dhulka
North Goa,North Goa,ZONE,Bicholim
Guntur,Guntur,ZONE,Peravalipalem
Nellore,Nellore,ZONE,Tsoudepalli
Madurai,Madurai,ZONE,Tidiyan
Tangerang,Tangerang,ZONE,Pala Sari
Lucknow,Hazratganj,ZONE,Mehndiganj
Kolkata,Salt lake,ZONE,Beliaghata
Nellore,Nellore,ZONE,Ulavapalle
North 24 Parganas,North 24 Parganas,ZONE,Athpur
North 24 Parganas,North 24 Parganas,ZONE,Bagangram
Quezon City,Quezon Region,ZONE,South Triangle
Faridabad,Faridabad,ZONE,Sector 7
Gurgaon,Manesar,ZONE,Gurgaon Sector 74
Guntur,Guntur,ZONE,Mulakaluru
Hooghly,Hooghly,ZONE,Mankundu Govt.Colony
São Paulo,Vila Mariana,ZONE,Chácara Inglesa
Nellore,Nellore,ZONE,Pulicotnagar
Delhi,Malviya nagar,ZONE,Arjun Nagar
Ghaziabad,Indirapuram,ZONE,Crossings Republik
Ludhiana,Ludhiana Zone 3,ZONE,Harcharan nagar
Thrissur,Thrissur,ZONE,Katungode
Aurangabad,Aurangabad,ZONE,Chite Pimpalgaon
Warangal,Warangal,ZONE,Mohammadapur
Jaipur,Jhotwara,ZONE,Rajpura
Erode,Erode,ZONE,Kuppandampalayam
Erode,Erode,ZONE,Kurumandur
Karur,Karur,ZONE,Pethachinagar
Karur,Karur,ZONE,Jegadabi
Tirunelveli,Tirunelveli,ZONE,Kulasekarapatti
Chittoor,Chittoor,ZONE,Gyarampalle-kothapalle
Lucknow,Aliganj,ZONE,Aliganj
Kozhikode,Kozhikode,ZONE,Thandorapara
Mysore,Mysore,ZONE,First Stage Ind Suburb
Ernakulam,Panampilly Nagar,ZONE,Mulavukad
Ernakulam,Tripunithura,ZONE,Vettickal
Mysore,Mysore,ZONE,Duddagere
Ernakulam,Tripunithura,ZONE,Marithazham
Lucknow,Ashiyana,ZONE,LDA Colony sector G
Lucknow,Aliganj,ZONE,Sector - K
Thiruvananthapuram,Thiruvananthapuram,ZONE,Kaudiar Square
Thrissur,Thrissur,ZONE,Perngamuck
Aurangabad,Aurangabad,ZONE,Gangapur
Nellore,Nellore,ZONE,Dakkanuru
Tiruchirappalli,Tiruchirappalli,ZONE,Mangalam
Tiruchirappalli,Tiruchirappalli,ZONE,Mavilipatti
Pune,Karve nagar,ZONE,Warje
Allahabad,Allahabad,ZONE,Sansarpur
Allahabad,Allahabad,ZONE,Bhaganpur
Thiruvananthapuram,Thiruvananthapuram,ZONE,Kurumbayam
East Khasi Hills,Shillong-East Khasi Hills,ZONE,Mawtawar
Tiruchirappalli,Tiruchirappalli,ZONE,Pushpanagar
Kottayam,Kottayam,ZONE,Chempu
Kozhikode,Kozhikode,ZONE,Kallachi
Kozhikode,Kozhikode,ZONE,Tharopoyil
Tirunelveli,Tirunelveli,ZONE,Karandaneri
Bangalore,Majestic,ZONE,Mission Road
North Goa,North Goa,ZONE,Betki
Chittoor,Chittoor,ZONE,Papepalle
Chittoor,Chittoor,ZONE,Vootupalle
Agra,Taj Ganj,ZONE,Agra Barrcks
Aurangabad (BH),Aurangabad (BH),ZONE,Amilauna
South Goa,South Goa,ZONE,Colva
Tirunelveli,Tirunelveli,ZONE,Marudur
Tirunelveli,Tirunelveli,ZONE,Terkukallikulam
Nellore,Nellore,ZONE,Venkannapalem
Hooghly,Hooghly,ZONE,Talpur
Madurai,Madurai,ZONE,Anuppanadi Housing Board Colon
Madurai,Madurai,ZONE,Chettikulam
Salem,Salem,ZONE,Appamasamudram
Salem,Salem,ZONE,P.Mettur
Mumbai,Borivali,ZONE,Borivali West
Pune,Kothrud,ZONE,Tilak Road
Surat,Athawa,ZONE,Sania Kande
Ranchi,Ranchi,ZONE,Angrabari
Mangalore,Mangalore,ZONE,Kuthethur Bajav
Mysore,Mysore,ZONE,Kupparavalli
Mysore,Mysore,ZONE,Thumnerale
Kottayam,Kottayam,ZONE,Nalunnackal
Tangerang,Tangerang,ZONE,Serdang Kulon
Tangerang,Tangerang,ZONE,Tanjakan
North 24 Parganas,North 24 Parganas,ZONE,Goalbathan
North 24 Parganas,North 24 Parganas,ZONE,Kelabagan
Chittoor,Chittoor,ZONE,S.S.Konda
Chittoor,Chittoor,ZONE,Pathapeta-palamaner
Lucknow,Hazratganj,ZONE,Darul Safa
Tiruchirappalli,Tiruchirappalli,ZONE,Pallividai
Thane,Dombivali,ZONE,Dombivli I.A.
Tiruchirappalli,Tiruchirappalli,ZONE,Tiruchirappalli Contonment
Bhubaneswar,Bhubaneswar,ZONE,Mahukhanda
Allahabad,Allahabad,ZONE,Deoli
Aurangabad (BH),Aurangabad (BH),ZONE,Belain
Dantewada,Dantewada,ZONE,Bhansi
Amritsar,Amritsar,ZONE,Rajatal
Tirunelveli,Tirunelveli,ZONE,Melur
Mumbai,Dadar,ZONE,Dadar
Ludhiana,Ludhiana Zone 3,ZONE,Urban estate dugri
Ludhiana,Ludhiana Zone 1,ZONE,Balloke
Ranchi,Ranchi,ZONE,Bhawro
Ernakulam,Tripunithura,ZONE,Nagapuzha
Nellore,Nellore,ZONE,Madhavayapalem
Tangerang,Tangerang,ZONE,Sentul
Quezon City,Quezon Region,ZONE,Krus na Ligas
Hyderabad,Hitech city,ZONE,Hitech City
Hooghly,Hooghly,ZONE,Angus
Kozhikode,Kozhikode,ZONE,Thuvakkode
Kozhikode,Kozhikode,ZONE,Vengalam
Salem,Salem,ZONE,Mettankadu
Delhi,Shahdara,ZONE,Jhilmil Colony
Bangalore,Banashankari + RR Nagar,ZONE,Thyagarajanagar
Mysore,Mysore,ZONE,Kolur
Delhi,Preet vihar,ZONE,Manak Vihar
East Khasi Hills,Shillong-East Khasi Hills,ZONE,Kharang
Warangal,Warangal,ZONE,Cheetur
Chittoor,Chittoor,ZONE,Chinnatippasamudram
Chittoor,Chittoor,ZONE,Mudivedu
Kozhikode,Kozhikode,ZONE,Maikavu
Thiruvananthapuram,Thiruvananthapuram,ZONE,Vembayam
Nellore,Nellore,ZONE,Vellanti
Patna,Rajendra Nagar,ZONE,Rajendra Nagar
Aurangabad,Aurangabad,ZONE,Bhagur
Warangal,Warangal,ZONE,Pothireddipalli
Mysore,Mysore,ZONE,Doora
North Goa,North Goa,ZONE,Malar
Chennai,Chennai North,ZONE,Choolai
Karur,Karur,ZONE,Kilasakkarakottai
Madurai,Madurai,ZONE,Tirumangalam
Jakarta,Cilandak/Pasar Minggu,ZONE,Kebagusan
Salem,Salem,ZONE,Anuppur
Jakarta,Setiabudi/Tebet/Kuningan,ZONE,Manggarai
Hooghly,Hooghly,ZONE,Dilakash
Hooghly,Hooghly,ZONE,Kanakshally
Makati,Makati Region,ZONE,Pitogo
Las Pinas,Las Pinas Region,ZONE,Pamplona Uno
Las Pinas,Las Pinas Region,ZONE,Talon Uno
Hyderabad,Himayat nagar,ZONE,Ashok Nagar
Ernakulam,Panampilly Nagar,ZONE,Nazreth
Kannur,Kannur,ZONE,Sreestha
Erode,Erode,ZONE,Punjaithamaraikulam
Ahmedabad,Maninagar,ZONE,Rakhial
Tiruchirappalli,Tiruchirappalli,ZONE,Govindapuram
Bhubaneswar,Bhubaneswar,ZONE,Dumduma Housing Board Colony
Tirunelveli,Tirunelveli,ZONE,Karivalamvandanallur
Tirunelveli,Tirunelveli,ZONE,Manalur
North 24 Parganas,North 24 Parganas,ZONE,Dakshin Korakati
Las Pinas,Las Pinas Region,ZONE,Tambo
Bangalore,HSR Layout,ZONE,Kudlu Main Road
Navi Mumbai,JNPT,ZONE,Navghar
Panchkula,Panchkula,ZONE,Raipur Rani
Faridabad,Faridabad,ZONE,Ballabgarh
Nellore,Nellore,ZONE,Pynapuram
Singapore,Sengkang,ZONE,Sengkang
Nellore,Nellore,ZONE,Kollapanayunipalli
Ranchi,Ranchi,ZONE,Jaipur
Kanpur,Swaroop Nagar,ZONE,Motijheel
Dantewada,Dantewada,ZONE,Sukma
Amritsar,Amritsar,ZONE,Usman
Jaipur,Durgapura,ZONE,Gopalpura
Hooghly,Hooghly,ZONE,Arambagh
Hooghly,Hooghly,ZONE,Chuadanga
Guntur,Guntur,ZONE,Vaddeswaram
Guntur,Guntur,ZONE,Gutlapalle
Cavite,Cavite,ZONE,Cavite City
Ranchi,Ranchi,ZONE,Hesal
Ranchi,Ranchi,ZONE,Bhitta
Ranchi,Ranchi,ZONE,Itki
Lucknow,Ashiyana,ZONE,Bangla Bazar
Mysore,Mysore,ZONE,Someshwarapura
Mangalore,Mangalore,ZONE,Neermarga
Ranchi,Ranchi,ZONE,Gutua
Mysore,Mysore,ZONE,Chandagala
Mysore,Mysore,ZONE,Haginavalu
Mangalore,Mangalore,ZONE,Karnire
Jakarta,PuloGadung/Duren Sawit,ZONE,Penggilingan
Jakarta,PuloGadung/Duren Sawit,ZONE,Jatinegara Kaum
Chittoor,Chittoor,ZONE,Naraharipet
Allahabad,Allahabad,ZONE,Pure Ghasi
Aurangabad (BH),Aurangabad (BH),ZONE,Sargawan
Chittoor,Chittoor,ZONE,Gurramkonda Vandlavuru
Guntur,Guntur,ZONE,Valiveru
Nellore,Nellore,ZONE,Venugampalli
Tiruchirappalli,Tiruchirappalli,ZONE,Viragalur
Bhubaneswar,Bhubaneswar,ZONE,Kuha
Chittoor,Chittoor,ZONE,Peddaupparapalle
Kanpur,Chunniganj,ZONE,Kulgaon
Ranchi,Ranchi,ZONE,Semra
Ranchi,Ranchi,ZONE,Kokdoro
North Goa,North Goa,ZONE,Onda I.E.
Guntur,Guntur,ZONE,Kondamudi
Guntur,Guntur,ZONE,Kolluru
Quezon City,Quezon Region,ZONE,Damayang Lagi
Mohali,Mohali,ZONE,Phase 9
Ludhiana,Ludhiana Zone 1,ZONE,New Tagore Nagar
Hooghly,Hooghly,ZONE,Ankri-serampore
Thiruvananthapuram,Thiruvananthapuram,ZONE,Kadakkavur
Salem,Salem,ZONE,S.N.Mangalam
Tiruchirappalli,Tiruchirappalli,ZONE,Hapf Township
Bangalore,Yeshwantpur,ZONE,T Dasarahalli
Bangalore,Banashankari + RR Nagar,ZONE,Srinagar
Ranchi,Ranchi,ZONE,Mesra
Mysore,Mysore,ZONE,Industrial Estate
East Khasi Hills,Shillong-East Khasi Hills,ZONE,Laban
Warangal,Warangal,ZONE,Tattupalli
Warangal,Warangal,ZONE,Mahabubabad
Kozhikode,Kozhikode,ZONE,Calicut Courts
Thrissur,Thrissur,ZONE,Pullut North
Thrissur,Thrissur,ZONE,Kuttikkad
Salem,Salem,ZONE,Piliyur
Patna,Rajendra Nagar,ZONE,Kalyanpur
Chittoor,Chittoor,ZONE,Karakollu
Dantewada,Dantewada,ZONE,Chintalnar
Tiruchirappalli,Tiruchirappalli,ZONE,Kallagam
Warangal,Warangal,ZONE,Padamatikeshavapur
Tiruchirappalli,Tiruchirappalli,ZONE,Tiruchirappalli R.S.
Tiruchirappalli,Tiruchirappalli,ZONE,Tirunedungulam
Delhi,Pitampura,ZONE,Sant Nagar
Noida,Sector 62,ZONE,Sector 61
Hooghly,Hooghly,ZONE,Berela
Guntur,Guntur,ZONE,Kazipeta
Karur,Karur,ZONE,Vennamalai
Nellore,Nellore,ZONE,Alimili
Madurai,Madurai,ZONE,Koovalapuram
Madurai,Madurai,ZONE,Tirali
Salem,Salem,ZONE,Kamalapuram
North 24 Parganas,North 24 Parganas,ZONE,Buruj
North 24 Parganas,North 24 Parganas,ZONE,Choto Sahebkhali
Guntur,Guntur,ZONE,China Garlapadu
Madurai,Madurai,ZONE,Valayankulam
Hyderabad,Marredpally,ZONE,Sikh Village
South Tangerang,South Tangerang,ZONE,Cilenggang
Lucknow,Ashiyana,ZONE,Keoli
Bhubaneswar,Bhubaneswar,ZONE,Chanahat
Allahabad,Allahabad,ZONE,Mandardeeh Mafi
Allahabad,Allahabad,ZONE,Shukulpur
Mumbai,Kurla,ZONE,Kurla West
Mumbai,Fort area,ZONE,Khetwadi
Vadodara,Waghodia Road,ZONE,Sama
Jakarta,Cempaka Putih/Kemayoran/Menteng/Tanah abang,ZONE,Menteng
Gurgaon,DLFPhaseI,ZONE,DLF Phase V
Bilaspur,Bilaspur,ZONE,High Court Bilaspur
Bilaspur,Bilaspur,ZONE,Gudi
Puducherry,Puducherry,ZONE,Moutrepaleam
Ranchi,Ranchi,ZONE,Sukurhutu
Ranchi,Ranchi,ZONE,Ghunsuli
Salem,Salem,ZONE,Veerakkal
Mysore,Mysore,ZONE,Gattavadi
Mysore,Mysore,ZONE,Gandhinagar
Guntur,Guntur,ZONE,Lingamukkapalle
Madurai,Madurai,ZONE,Nedungulam
Tangerang,Tangerang,ZONE,Legok Sula Maju
Tangerang,Tangerang,ZONE,Tanjung Anom
Hooghly,Hooghly,ZONE,Haripur
Ranchi,Ranchi,ZONE,AG Bihar
Hooghly,Hooghly,ZONE,Kumarpara
Aurangabad,Aurangabad,ZONE,M G M
Ernakulam,Panampilly Nagar,ZONE,Marine Drive
Guntur,Guntur,ZONE,Mallayapalem
Ernakulam,Kakkanad,ZONE,Naval Armament Depot - Aluva
Kannur,Kannur,ZONE,Muzhappala
Erode,Erode,ZONE,Semmangarai
Madurai,Madurai,ZONE,Narimedu
Indore,Sapna Sangeeta,ZONE,Usha Nagar
Kolkata,Tollygunge,ZONE,Sahanagar
Kolkata,Santoshpur,ZONE,Sarsoona
North 24 Parganas,North 24 Parganas,ZONE,Kamduni
São Paulo,Itaquera,ZONE,Parque Central
North 24 Parganas,North 24 Parganas,ZONE,Kathur
Quezon City,Quezon Region,ZONE,Baesa
Mysore,Mysore,ZONE,Makodu
Mysore,Mysore,ZONE,Heggadahalli
Tiruchirappalli,Tiruchirappalli,ZONE,Thinnanur
Pune,Ambegaon,ZONE,Junnar
Warangal,Warangal,ZONE,Yelkatte
Aurangabad (BH),Aurangabad (BH),ZONE,Madanpur
Kannur,Kannur,ZONE,Azhikode South
Amritsar,Amritsar,ZONE,Jhanjoti
Erode,Erode,ZONE,Kangayam East
Tangerang,Tangerang,ZONE,Sukaasih
North 24 Parganas,North 24 Parganas,ZONE,Ramghat
Hyderabad,Bolarum,ZONE,Suchitra Circle
Mangalore,Mangalore,ZONE,Kateel
Mysore,Mysore,ZONE,Kanenur
Mysore,Mysore,ZONE,Doddamulagodu
Kannur,Kannur,ZONE,Koodali
North 24 Parganas,North 24 Parganas,ZONE,Andharmanik
North 24 Parganas,North 24 Parganas,ZONE,Bankra
North 24 Parganas,North 24 Parganas,ZONE,Mirhati
North 24 Parganas,North 24 Parganas,ZONE,Murarisah
Quezon City,Quezon Region,ZONE,Ramon Magsaysay
Singapore,City,ZONE,Beach Road
Faridabad,Faridabad,ZONE,Nh-3
Kottayam,Kottayam,ZONE,Mattakkara
Kannur,Kannur,ZONE,Thekkumbad
Ranchi,Ranchi,ZONE,Kanke Road
Ranchi,Ranchi,ZONE,Guru
Mysore,Mysore,ZONE,Arjunahalli
Mysore,Mysore,ZONE,Honnenahalli
Mysore,Mysore,ZONE,Doddamaragowdanahalli
Kannur,Kannur,ZONE,Kolacherry
Thiruvananthapuram,Thiruvananthapuram,ZONE,Kuravankonam
Kottayam,Kottayam,ZONE,Kadappattoor
Thiruvananthapuram,Thiruvananthapuram,ZONE,Neyyattinkara
Thrissur,Thrissur,ZONE,Panamkulam
Indore,Sapna Sangeeta,ZONE,Mhow Barracks
Nellore,Nellore,ZONE,Vemulachedu
Tirunelveli,Tirunelveli,ZONE,Cheranmahadevi
Chittoor,Chittoor,ZONE,Krishnapuram
Aurangabad (BH),Aurangabad (BH),ZONE,Chauri
Amritsar,Amritsar,ZONE,Chogawan Rupowali
Hooghly,Hooghly,ZONE,Duttapur
Amritsar,Amritsar,ZONE,Gharyala
Kozhikode,Kozhikode,ZONE,Mattanode
Thiruvananthapuram,Thiruvananthapuram,ZONE,Thottakkad
Thrissur,Thrissur,ZONE,Edakkazhiyur
Bhopal,Old Bhopal,ZONE,Bairagarh Kalan
Bangalore,Majestic,ZONE,Sampangiramnagar
Warangal,Warangal,ZONE,Thimmampet
Guwahati,Guwahati,ZONE,Dhirenpara
Kozhikode,Kozhikode,ZONE,Edakkara - Quilandy
Thrissur,Thrissur,ZONE,Pullur
Aurangabad,Aurangabad,ZONE,Khumbhephal
Aurangabad,Aurangabad,ZONE,Pimpri Raja
Tiruchirappalli,Tiruchirappalli,ZONE,T.Valaiyur
Chittoor,Chittoor,ZONE,Thukivakam
Bhopal,Central Bhopal,ZONE,South T.T. Nagar
Chittoor,Chittoor,ZONE,A.P.H.B.Colony
Aurangabad,Aurangabad,ZONE,Talni
Warangal,Warangal,ZONE,Lingapuram
Tiruchirappalli,Tiruchirappalli,ZONE,Periyakurukkai
Thiruvananthapuram,Thiruvananthapuram,ZONE,Thannimoodu
Nellore,Nellore,ZONE,Macherlavaripalem
Aurangabad (BH),Aurangabad (BH),ZONE,Gorkati
Aurangabad (BH),Aurangabad (BH),ZONE,Entwan
Chittoor,Chittoor,ZONE,Pothukanuma
Bilaspur,Bilaspur,ZONE,Bhalukhondhra
Rajahmundry,Rajahmundry,ZONE,Gandhipuram
Hooghly,Hooghly,ZONE,Chitrasali
Erode,Erode,ZONE,Nichampalayam
Tiruchirappalli,Tiruchirappalli,ZONE,Kaliyampatti
Noida,Sector 62,ZONE,Sector 63
Dantewada,Dantewada,ZONE,Kerlapal
North Goa,North Goa,ZONE,Thana
Hooghly,Hooghly,ZONE,Harishchak
Warangal,Warangal,ZONE,Maripeda
Warangal,Warangal,ZONE,Vemulapalli
Nellore,Nellore,ZONE,North Amaluru
Aurangabad (BH),Aurangabad (BH),ZONE,Dumari
Salem,Salem,ZONE,Veeragoundanur
Nashik,Gangapur Road,ZONE,Mahatma Nagar
Tangerang,Tangerang,ZONE,Karang Serang
Indore,Vijaynagar,ZONE,Nalanda Parisar
Kolkata,Tollygunge,ZONE,Panchasayar
North 24 Parganas,North 24 Parganas,ZONE,Keotia
North 24 Parganas,North 24 Parganas,ZONE,Kumra Kashipur
Chittoor,Chittoor,ZONE,Gudyanampalle
Delhi,Rohini,ZONE,Rohini Sector 35
Karur,Karur,ZONE,Nagampalli
Jakarta,Kebon Jeruk/Tomang/Slipi,ZONE,Duri Utara
Ludhiana,Ludhiana Zone 2,ZONE,Defence Colony
Ahmedabad,Paldi,ZONE,Shardanagar
North 24 Parganas,North 24 Parganas,ZONE,Mamabhagina
Gurgaon,CivilLines,ZONE,Civil Lines
Chittoor,Chittoor,ZONE,Kakavedu
Nellore,Nellore,ZONE,Peddaputtedu
Jakarta,Setiabudi/Tebet/Kuningan,ZONE,Kuningan Timur
Ghaziabad,Rajendra Nagar,ZONE,Shalimar Garden
Puducherry,Puducherry,ZONE,Anna Nagar
Chennai,Chennai West,ZONE,Thirumullaivoyal
Bilaspur,Bilaspur,ZONE,Mithunawagaon
Chittoor,Chittoor,ZONE,Ayyavaripalle
Indore,Sapna Sangeeta,ZONE,Navlakha
Greater Noida,Greater Noida,ZONE,Beta I
Jamshedpur,Jamshedpur,ZONE,Tatanagar
Puducherry,Puducherry,ZONE,Pillayarkuppam
Ranchi,Ranchi,ZONE,"CMD, Mecon Ltd"
Mysore,Mysore,ZONE,Aswalu
Ernakulam,Tripunithura,ZONE,Amballur
Greater Noida,Greater Noida,ZONE,Ecotech II
Mysore,Mysore,ZONE,Chinnadagudihundi
Mysore,Mysore,ZONE,Halepura
Nellore,Nellore,ZONE,Brahmadevam
Pune,Bibvewadi,ZONE,Parvati Gaon
Pune,Kothrud,ZONE,Shaniwar Peth
Tirunelveli,Tirunelveli,ZONE,Jawahar Nagar
Tirunelveli,Tirunelveli,ZONE,Rajavallipuram
Chittoor,Chittoor,ZONE,Mudiyamvaripalle
Allahabad,Allahabad,ZONE,Koraon
Salem,Salem,ZONE,Rajapalayam
Bangalore,Electronics City,ZONE,Jigani
Thiruvananthapuram,Thiruvananthapuram,ZONE,Vamanapuram
Thiruvananthapuram,Thiruvananthapuram,ZONE,Amaravila
Aurangabad,Aurangabad,ZONE,Babhulgaon
Thane,Vasai,ZONE,Nalasopara
Bhubaneswar,Bhubaneswar,ZONE,Jadupur
Warangal,Warangal,ZONE,Uggampalli
Chittoor,Chittoor,ZONE,Mathyam
Guwahati,Guwahati,ZONE,Lachitnagar
Amritsar,Amritsar,ZONE,Sheikh
Guntur,Guntur,ZONE,Gajullanka
Guntur,Guntur,ZONE,Vuppudi
Guntur,Guntur,ZONE,Zulakallu
Erode,Erode,ZONE,Mallanguli
Kannur,Kannur,ZONE,Nettur
Kozhikode,Kozhikode,ZONE,Mennaniam
Kozhikode,Kozhikode,ZONE,Payyoli Angadi
Kozhikode,Kozhikode,ZONE,Vayalada
Thrissur,Thrissur,ZONE,Nellikunnu
Tiruchirappalli,Tiruchirappalli,ZONE,Edamalaipatti Pudur
Warangal,Warangal,ZONE,Pullampet
Allahabad,Allahabad,ZONE,Barha
Nellore,Nellore,ZONE,Mulapeta
Aurangabad,Aurangabad,ZONE,Vaijapur Town
Chittoor,Chittoor,ZONE,Jangavandlapalle
Dantewada,Dantewada,ZONE,Gadapal
Tiruchirappalli,Tiruchirappalli,ZONE,Tirupattur
Mohali,Mohali,ZONE,Phatwan
Chittoor,Chittoor,ZONE,Mungilipattu
Allahabad,Allahabad,ZONE,M L N Engg.Coll.
Chittoor,Chittoor,ZONE,Peddayellakunta
Salem,Salem,ZONE,Pungavadi
Kanpur,Kidwai Nagar,ZONE,Nasra
North 24 Parganas,North 24 Parganas,ZONE,Karnolkora
Delhi,Cannought place,ZONE,Darya Ganj
Amritsar,Amritsar,ZONE,Jaunke
Nellore,Nellore,ZONE,Pathanapuram
Jakarta,Cilandak/Pasar Minggu,ZONE,Cilandak Timur
Madurai,Madurai,ZONE,Achampatti
Salem,Salem,ZONE,Nadupatti
Tangerang,Tangerang,ZONE,Mauk Timur
Hooghly,Hooghly,ZONE,Jangipara
Delhi,Janakpuri,ZONE,Uttam Nagar
Jaipur,Durgapura,ZONE,Industrial Estate
Nellore,Nellore,ZONE,Bodagudipadu
Madurai,Madurai,ZONE,Sembarani
Hooghly,Hooghly,ZONE,Puinan
Chennai,Chennai South 2,ZONE,Harrington Road
Chennai,Chennai North,ZONE,MKB Nagar
Hooghly,Hooghly,ZONE,Madpur
Amritsar,Amritsar,ZONE,Khojkipur
Ranchi,Ranchi,ZONE,Adalhatu
Mysore,Mysore,ZONE,Chikkeriyur
São Paulo,Vila Mariana,ZONE,Jardim Luzitânia
Singapore,Tampines,ZONE,Tanah Merah
Noida,Sector 15,ZONE,Sector 14
Gurgaon,Mirpur,ZONE,Mirpur
Mysore,Mysore,ZONE,Yachenahalli
Ernakulam,Kakkanad,ZONE,Kalady Plantation
Ernakulam,Kakkanad,ZONE,Mattoor
South Goa,South Goa,ZONE,Quirlapale
Salem,Salem,ZONE,Sinnappampatti
South Tangerang,South Tangerang,ZONE,Muncul
Indore,Palasia,ZONE,Kanchan Bag
Faridabad,Faridabad,ZONE,Chandpur
São Paulo,Santana,ZONE,Tucuruvi
Indore,Palasia,ZONE,Khajrana
Mohali,Mohali,ZONE,Phase 3B-2
Karur,Karur,ZONE,Ponnagoundanur
Mysore,Mysore,ZONE,Krishna Raja Nagar
Mangalore,Mangalore,ZONE,Adyar
Kottayam,Kottayam,ZONE,Aruvithura
Thrissur,Thrissur,ZONE,Kurumal
Warangal,Warangal,ZONE,Singarajpalli
Warangal,Warangal,ZONE,Ashoknagar
Warangal,Warangal,ZONE,Chintanekkonda
Warangal,Warangal,ZONE,Mekhal Ghat
Allahabad,Allahabad,ZONE,Girdkot
Chittoor,Chittoor,ZONE,Chalamangalam
Chittoor,Chittoor,ZONE,Nallappareddiyuru
Bilaspur,Bilaspur,ZONE,Nawadih
Nellore,Nellore,ZONE,Thurupurompi Dodla
Hooghly,Hooghly,ZONE,Ranjitbati
São Paulo,Santana,ZONE,Vila Maria Zélia
Bhubaneswar,Bhubaneswar,ZONE,Andharua
Hooghly,Hooghly,ZONE,Paschimgopinathpur
Guntur,Guntur,ZONE,Nuzendla
Hyderabad,Sanath nagar,ZONE,Erragadda
Karur,Karur,ZONE,Savarimedu
Madurai,Madurai,ZONE,Melanachikulam
Madurai,Madurai,ZONE,Valasai
Nellore,Nellore,ZONE,Bheemavaram
Thrissur,Thrissur,ZONE,Edavilangu
Thrissur,Thrissur,ZONE,Koolimuttam
Thrissur,Thrissur,ZONE,Parappur
Nellore,Nellore,ZONE,Kottur
Salem,Salem,ZONE,Puluthikuttai
Bangalore,Vijayanagar,ZONE,Deepanjalinagar
Warangal,Warangal,ZONE,Vavilala
Chittoor,Chittoor,ZONE,Katiperi
Salem,Salem,ZONE,Karadiyur
Dantewada,Dantewada,ZONE,Mailawada
Guntur,Guntur,ZONE,Komaravallipadu
Tiruchirappalli,Tiruchirappalli,ZONE,Woriur
San Juan,San Juan Region,ZONE,Pag-Asa
Delhi,Shastri nagar,ZONE,Bharat Nagar
Delhi,Lajpat nagar,ZONE,Bhogal
South Goa,South Goa,ZONE,Agonda
Guntur,Guntur,ZONE,Parastyalluru
Guntur,Guntur,ZONE,Sitarampuram Mines
Erode,Erode,ZONE,Anjanur
Ernakulam,Kakkanad,ZONE,Kothamangalam College
Ernakulam,Tripunithura,ZONE,Kaninad
Warangal,Warangal,ZONE,Relakunta
Salem,Salem,ZONE,Rajapalayam East
Salem,Salem,ZONE,Duddampatti
Tangerang,Tangerang,ZONE,Kosambi
Noida,Sector 18,ZONE,Sector 20
Chittoor,Chittoor,ZONE,Muthukuvaripalle
Chittoor,Chittoor,ZONE,Pullleticheruvupalle
São Paulo,Butantã,ZONE,Rio Pequeno
Visakhapatnam,Dwaraka Nagar,ZONE,MuraliNagar
Mysore,Mysore,ZONE,Nanjipura
Mangalore,Mangalore,ZONE,Paduperar
Kottayam,Kottayam,ZONE,Thottakom
Kottayam,Kottayam,ZONE,Vattukulam
Kozhikode,Kozhikode,ZONE,Rayarangoth
Tirunelveli,Tirunelveli,ZONE,Unnankulam
Tirunelveli,Tirunelveli,ZONE,Narasinganallur
Chittoor,Chittoor,ZONE,Siddavaram
Chittoor,Chittoor,ZONE,Devalapalle
Agra,Delhi Gate,ZONE,Billoch Pura
Chittoor,Chittoor,ZONE,Rachapalem
Guntur,Guntur,ZONE,Boppudi
Chennai,Chennai South Central,ZONE,Nandambakkam
Erode,Erode,ZONE,Pudupalayam
Erode,Erode,ZONE,Punjaipalatholuvu
Karur,Karur,ZONE,Nadayanur
Karur,Karur,ZONE,Palaiyur
Madurai,Madurai,ZONE,P.Thottiapatti
Jakarta,Mangga Besar/Mangga Dua,ZONE,Duri Pulo
North 24 Parganas,North 24 Parganas,ZONE,Chaigharia
Las Pinas,Las Pinas Region,ZONE,Almanza Uno
North 24 Parganas,North 24 Parganas,ZONE,Rudrapur
North 24 Parganas,North 24 Parganas,ZONE,Sonakenia
Hyderabad,Sanath nagar,ZONE,Kalyan Nagar
Hooghly,Hooghly,ZONE,Addconagar
Hooghly,Hooghly,ZONE,Karui
Jaipur,Raja Park,ZONE,Manoharpur
Jaipur,Vidhyadhar Nagar,ZONE,Nangal Purohit
Jaipur,Raja Park,ZONE,R.A.C.
Nellore,Nellore,ZONE,Appasamudram
Quezon City,Quezon Region,ZONE,Malaya
Chennai,Chennai North East,ZONE,Minjur
Hyderabad,Afzal gunj,ZONE,Old City
Faridabad,Faridabad,ZONE,Gurukul Indraprashtha
Kottayam,Kottayam,ZONE,Mattathipara
Tiruchirappalli,Tiruchirappalli,ZONE,Sirugambur
Nagpur,Sadar,ZONE,Gittikhadan
Tirunelveli,Tirunelveli,ZONE,Aladiyur
Puducherry,Puducherry,ZONE,Dhanvantry Nagar
Tirunelveli,Tirunelveli,ZONE,Pappankulam
Quezon City,Quezon Region,ZONE,East Kamias
Kottayam,Kottayam,ZONE,Neeloor
Kozhikode,Kozhikode,ZONE,Chombala
Thiruvananthapuram,Thiruvananthapuram,ZONE,Channamkara
Nashik,Panchavati,ZONE,Nashik Main Road
Pune,Karve nagar,ZONE,Bavdhan
Hooghly,Hooghly,ZONE,Paschimpara
Jaipur,Malviya Nagar,ZONE,Naraina
Guntur,Guntur,ZONE,Gudibandivaripalem
Chittoor,Chittoor,ZONE,Kothavenkatapuram
Allahabad,Allahabad,ZONE,Basahra Uparhar
Kakinada,Kakinada,ZONE,Thammavaram
Kannur,Kannur,ZONE,Kottayad
Ernakulam,Panampilly Nagar,ZONE,Vaduthala
Kottayam,Kottayam,ZONE,Chirakadavu
Ernakulam,Panampilly Nagar,ZONE,Matsyapuri
Kozhikode,Kozhikode,ZONE,Avadukka
Kozhikode,Kozhikode,ZONE,Cheekilode
Tiruchirappalli,Tiruchirappalli,ZONE,Melur
Chittoor,Chittoor,ZONE,T.Sakirevupalle
Aurangabad (BH),Aurangabad (BH),ZONE,Naur
Allahabad,Allahabad,ZONE,Bhatauti
Thrissur,Thrissur,ZONE,Naduvilkkara
Thrissur,Thrissur,ZONE,Venkitangu
Visakhapatnam,MVP,ZONE,Chittivalasa
Tiruchirappalli,Tiruchirappalli,ZONE,Adavathur
East Khasi Hills,Shillong-East Khasi Hills,ZONE,Iewmawiong
Warangal,Warangal,ZONE,Kandikonda
Kozhikode,Kozhikode,ZONE,Siddhasamaj
Kozhikode,Kozhikode,ZONE,Thinur
Nellore,Nellore,ZONE,Tellapadu
Bangalore,shivajinagar + MG Road,ZONE,MG Road
Bangalore,Banashankari + RR Nagar,ZONE,KR Road
Amritsar,Amritsar,ZONE,Verka
Lucknow,Hazratganj,ZONE,Ranipara
Hooghly,Hooghly,ZONE,Kapasdanga Roybazarcolony
Hooghly,Hooghly,ZONE,Keotalatbagan
Agra,Delhi Gate,ZONE,Civil Court
Aurangabad (BH),Aurangabad (BH),ZONE,Nimabidhoul
Chittoor,Chittoor,ZONE,Gudarevupalle
Bilaspur,Bilaspur,ZONE,Rajpur
Guntur,Guntur,ZONE,Venigallavaripalem
North 24 Parganas,North 24 Parganas,ZONE,Basirhat RS
South Goa,South Goa,ZONE,Xeldem
Singapore,Clementi,ZONE,Alexandra
Warangal,Warangal,ZONE,Dharmaram
Thiruvananthapuram,Thiruvananthapuram,ZONE,Bonaccord
Thrissur,Thrissur,ZONE,Cheruvallur
Thrissur,Thrissur,ZONE,Elinjipra
Thrissur,Thrissur,ZONE,Kodakara
Allahabad,Allahabad,ZONE,Cavellary Lines
North Goa,North Goa,ZONE,Querim
North Goa,North Goa,ZONE,Shiroda
Hooghly,Hooghly,ZONE,Asudkhola
Hyderabad,Habsiguda,ZONE,Habsiguda
Karur,Karur,ZONE,Manjanaickenpatti
Vijayawada,Bhavanipuram,ZONE,Panditnehru Bus Station
Jakarta,Kelapa Gading,ZONE,Suka Pura
Salem,Salem,ZONE,Nethimedu
Tangerang,Tangerang,ZONE,Ranca Bango
Las Pinas,Las Pinas Region,ZONE,San Dionisio
Pune,Karve nagar,ZONE,Narhe
Mangalore,Mangalore,ZONE,Mantrady
Nellore,Nellore,ZONE,Damagunta
Nellore,Nellore,ZONE,Siddavaram
Salem,Salem,ZONE,Kattukottai
North 24 Parganas,North 24 Parganas,ZONE,Ghosalbati
Warangal,Warangal,ZONE,Torrur
Allahabad,Allahabad,ZONE,Prem Misirpur Korali
Guntur,Guntur,ZONE,Edlapalli
Guntur,Guntur,ZONE,Allaparru
Aurangabad,Aurangabad,ZONE,Janephal
Bhubaneswar,Bhubaneswar,ZONE,Khandagiri
Guntur,Guntur,ZONE,A.T.Agraharam
Allahabad,Allahabad,ZONE,Lohgara
Pune,Kothrud,ZONE,Senapati Bapat Marg
Singapore,Sengkang,ZONE,Kovan
Ludhiana,Ludhiana Zone 1,ZONE,Karabara Basti
Ranchi,Ranchi,ZONE,Pokta
Delhi,Cannought place,ZONE,Patiala House
Hooghly,Hooghly,ZONE,Mriga Chatra
Guntur,Guntur,ZONE,Sattenapalle
Salem,Salem,ZONE,Gonur
Tangerang,Tangerang,ZONE,Cibadak
Nashik,Panchavati,ZONE,kumavat nagar
North 24 Parganas,North 24 Parganas,ZONE,Bangaon RS
Quezon City,Quezon Region,ZONE,Kristong Hari
Noida,Sector 50,ZONE,Sector 51
Faridabad,Faridabad,ZONE,Kondal
Faridabad,Faridabad,ZONE,Uttawar
Guntur,Guntur,ZONE,Thimmareddipuram
Thiruvananthapuram,Thiruvananthapuram,ZONE,Puthusserimukku
Thrissur,Thrissur,ZONE,Marathakkara
Visakhapatnam,MVP,ZONE,Chinamushidiwada
Mysore,Mysore,ZONE,Gokulam
Kannur,Kannur,ZONE,Korom
Tiruchirappalli,Tiruchirappalli,ZONE,Melakalkandarkottai
Tirunelveli,Tirunelveli,ZONE,Mahendragiri
Allahabad,Allahabad,ZONE,Darashahazmal
Amritsar,Amritsar,ZONE,Kohali
Amritsar,Amritsar,ZONE,Lidhar
Aurangabad,Aurangabad,ZONE,Veergaon
Lucknow,Ashiyana,ZONE,Manasnagar
Amritsar,Amritsar,ZONE,Dhariwal
Erode,Erode,ZONE,Pariyur Vellalapalayam
Karur,Karur,ZONE,Moolimangalam
Jakarta,Kebayoran/Bintaro,ZONE,Kebayoran Lama Selatan
Tangerang,Tangerang,ZONE,Legok
North 24 Parganas,North 24 Parganas,ZONE,Aswini Nagar
Ernakulam,Panampilly Nagar,ZONE,Malipuram
Kannur,Kannur,ZONE,Pavanoormotta
Kottayam,Kottayam,ZONE,Suryanarayana Puram
South Tangerang,South Tangerang,ZONE,Cempaka Putih
Tirunelveli,Tirunelveli,ZONE,Nochikulam
Warangal,Warangal,ZONE,Abdulnagaram
Chittoor,Chittoor,ZONE,Sugalimitta
Kolkata,Jadavpur,ZONE,Viveknagar
North 24 Parganas,North 24 Parganas,ZONE,Mathbariabad
Amritsar,Amritsar,ZONE,Meherbanapura
Amritsar,Amritsar,ZONE,Sarli Khurd
Delhi,Karol bagh,ZONE,Patel Nagar
Chittoor,Chittoor,ZONE,Yerpedu
Ahmedabad,Satellite,ZONE,Prahlad Nagar
Noida,Sector 15,ZONE,Sector 14A
Salem,Salem,ZONE,Fairlands
Ranchi,Ranchi,ZONE,Dhurwa
Mysore,Mysore,ZONE,Harohalli
Madurai,Madurai,ZONE,M.Pudupatti
Mohali,Mohali,ZONE,"Pb.Urban Development Authority, Ph-8"
North Goa,North Goa,ZONE,Neura
Ranchi,Ranchi,ZONE,Rajaulatu
Mysore,Mysore,ZONE,Yerehalli
North 24 Parganas,North 24 Parganas,ZONE,Sangrampur
Kannur,Kannur,ZONE,Eramam Desom
Hooghly,Hooghly,ZONE,Shyambazar
Aurangabad,Aurangabad,ZONE,Cidco Colony
Nagpur,Dhantoli,ZONE,Ajni
Bhubaneswar,Bhubaneswar,ZONE,Taraboi
Aurangabad (BH),Aurangabad (BH),ZONE,Mahara
Chittoor,Chittoor,ZONE,Diguvapalem
Kakinada,Kakinada,ZONE,Peddapurappadu
Guntur,Guntur,ZONE,Malladi
Delhi,Cannought place,ZONE,C G O Complex
Erode,Erode,ZONE,Nanjai Uttukuli
Kozhikode,Kozhikode,ZONE,Kavil
Salem,Salem,ZONE,M.Karipatti
Tiruchirappalli,Tiruchirappalli,ZONE,Thalamalaipatti
Tirunelveli,Tirunelveli,ZONE,Vallioor
Kozhikode,Kozhikode,ZONE,Velliparamba
Tiruchirappalli,Tiruchirappalli,ZONE,Omandur
Tiruchirappalli,Tiruchirappalli,ZONE,Todaiyur
Tiruchirappalli,Tiruchirappalli,ZONE,Elangakurichi
Thrissur,Thrissur,ZONE,Porathissery
Thrissur,Thrissur,ZONE,Mangad
Tiruchirappalli,Tiruchirappalli,ZONE,Kalpalayam
Warangal,Warangal,ZONE,Shodesha Palli
Bhubaneswar,Bhubaneswar,ZONE,Suryanagar
Guntur,Guntur,ZONE,Panditivaripalem
Jaipur,C Scheme,ZONE,Bapu Nagar
Erode,Erode,ZONE,Chinnapallam
Allahabad,Allahabad,ZONE,Bhandiwar
Chittoor,Chittoor,ZONE,Vasanadu
Kakinada,Kakinada,ZONE,Tarlampudi
Lucknow,Ashiyana,ZONE,L D A Colony
Hooghly,Hooghly,ZONE,Chandannagar R.S
Madurai,Madurai,ZONE,Thathaneri
South Tangerang,South Tangerang,ZONE,Pamulang Barat
Tangerang,Tangerang,ZONE,Babakan
North 24 Parganas,North 24 Parganas,ZONE,Kazipara
Allahabad,Allahabad,ZONE,Kaundhiyra
Allahabad,Allahabad,ZONE,Mohdpur Taluka
Jakarta,Mangga Besar/Mangga Dua,ZONE,Mangga Dua Selatan
Jakarta,Setiabudi/Tebet/Kuningan,ZONE,Karet Semanggi
Tangerang,Tangerang,ZONE,Lontar
Aurangabad,Aurangabad,ZONE,Kailash Nagar
Aurangabad,Aurangabad,ZONE,Khadkeshwar
Kolkata,Bhowanipore,ZONE,Alipore
Hyderabad,Punjagutta,ZONE,Raj Bhavan Road
Gurgaon,Manesar,ZONE,Gurgaon Sector 104
Bangalore,Whitefield,ZONE,Seegehalli
Erode,Erode,ZONE,Nadupatti
Guntur,Guntur,ZONE,Vellaturu
Nellore,Nellore,ZONE,Kundam
Nellore,Nellore,ZONE,Gudipadu
Madurai,Madurai,ZONE,Kappalur Indl.Estate
Madurai,Madurai,ZONE,Vellamalaipatti
Tangerang,Tangerang,ZONE,Salembaran Jati
Amritsar,Amritsar,ZONE,Kairon
Bangalore,shivajinagar + MG Road,ZONE,Victoria Layout
Kakinada,Kakinada,ZONE,Bandanapudi
Ranchi,Ranchi,ZONE,Mahuajari
Mangalore,Mangalore,ZONE,Taccode
Hyderabad,Kachiguda,ZONE,King Koti
Panchkula,Panchkula,ZONE,Sector-10
Kannur,Kannur,ZONE,Angadikadavu
Mysore,Mysore,ZONE,Lakshmipuram
Mysore,Mysore,ZONE,Ramakrishna Nagar
Mysore,Mysore,ZONE,Hullahalli
Kannur,Kannur,ZONE,Keezhpalli
Ludhiana,Ludhiana Zone 1,ZONE,Rishi Nagar
Kozhikode,Kozhikode,ZONE,Vatayam
Thiruvananthapuram,Thiruvananthapuram,ZONE,Kalliyoor
Kozhikode,Kozhikode,ZONE,Kozhukkallur
Thrissur,Thrissur,ZONE,Maruthayur
Thrissur,Thrissur,ZONE,Pazhuvil West
East Khasi Hills,Shillong-East Khasi Hills,ZONE,Mahadeo
East Khasi Hills,Shillong-East Khasi Hills,ZONE,Mawlong
Warangal,Warangal,ZONE,Pembarthy
Warangal,Warangal,ZONE,Siddapur
Warangal,Warangal,ZONE,Perkaveid
Tirunelveli,Tirunelveli,ZONE,Sethurayanputhur
Aurangabad (BH),Aurangabad (BH),ZONE,Shimri Dhamni
Aurangabad,Aurangabad,ZONE,Anwi
Visakhapatnam,Gajuwaka,ZONE,Rv Nagar
Tiruchirappalli,Tiruchirappalli,ZONE,Unniyur
Warangal,Warangal,ZONE,Wanaparthy
Tirunelveli,Tirunelveli,ZONE,Kudankulam
Thiruvananthapuram,Thiruvananthapuram,ZONE,Pacha
Allahabad,Allahabad,ZONE,Basgit Bazar
Indore,Sapna Sangeeta,ZONE,Indore CGO Complex
Warangal,Warangal,ZONE,Pangidipalli
Tiruchirappalli,Tiruchirappalli,ZONE,Siruganur
Guntur,Guntur,ZONE,Obulesunipalle
Guntur,Guntur,ZONE,Karuchola
Bhubaneswar,Bhubaneswar,ZONE,Harirajpur
Tiruchirappalli,Tiruchirappalli,ZONE,Singalandapuram
Kanpur,Kakadeo,ZONE,Sarvodaya Nagar
Amritsar,Amritsar,ZONE,D.B.J. Singh
Jaipur,Raja Park,ZONE,Deva Ka Bas
Delhi,Janakpuri,ZONE,Naraina Vihar
Dantewada,Dantewada,ZONE,Konta
Mohali,Mohali,ZONE,"Semi Conductor complex, B-8"
Hooghly,Hooghly,ZONE,Tarahat
Hooghly,Hooghly,ZONE,Khanpur
Erode,Erode,ZONE,Kottaimulanur
Kozhikode,Kozhikode,ZONE,Naderi
Visakhapatnam,MVP,ZONE,Arilova
Tiruchirappalli,Tiruchirappalli,ZONE,Varadarajapuram
Warangal,Warangal,ZONE,Mallial
Warangal,Warangal,ZONE,Tadlapoosalapalli
Chittoor,Chittoor,ZONE,Itikanellore
Nellore,Nellore,ZONE,Narukuru
Indore,Old Indore,ZONE,Indore Raj Mohalla
Aurangabad,Aurangabad,ZONE,Akoli Wadgaon
Allahabad,Allahabad,ZONE,Phoolpur
Allahabad,Allahabad,ZONE,Buir
Guntur,Guntur,ZONE,Gopalamvaripalem
Amritsar,Amritsar,ZONE,BSF Campus
Tiruchirappalli,Tiruchirappalli,ZONE,Sorathur
Tiruchirappalli,Tiruchirappalli,ZONE,T.Murungaipatti
Warangal,Warangal,ZONE,Kasimdevipet
Chittoor,Chittoor,ZONE,Bangarupalem
Guwahati,Guwahati,ZONE,Satgaon
Chittoor,Chittoor,ZONE,Peddatippasamudram
Kanpur,Swaroop Nagar,ZONE,N C Line
Kanpur,Swaroop Nagar,ZONE,Naveen Market
North 24 Parganas,North 24 Parganas,ZONE,Chandmari Road
Bilaspur,Bilaspur,ZONE,Darri
Amritsar,Amritsar,ZONE,Bhangwan
Guntur,Guntur,ZONE,Komerapudi
Guntur,Guntur,ZONE,Jalalapalem
Delhi,Preet vihar,ZONE,Karkardooma
Tangerang,Tangerang,ZONE,Bencongan Indah
Manila,Manila Region,ZONE,Sampaloc
Makati,Makati Region,ZONE,Carmona
Taguig,Taguig Region,ZONE,Oranbo
North 24 Parganas,North 24 Parganas,ZONE,Feeder Road
Amritsar,Amritsar,ZONE,Bath
Guntur,Guntur,ZONE,Gurazalla
Hooghly,Hooghly,ZONE,Dakshin Rasulpur
Jakarta,Kebon Jeruk/Tomang/Slipi,ZONE,Palmerah
Erode,Erode,ZONE,Karvazhi
Nellore,Nellore,ZONE,Vavileru
Tangerang,Tangerang,ZONE,Jurumudi Baru
North 24 Parganas,North 24 Parganas,ZONE,Paschim Sridharkati
Delhi,Mehrauli,ZONE,Dera Mandi
Guntur,Guntur,ZONE,Kanteru
Bangalore,Indiranagar,ZONE,Murugeshpalya
Greater Noida,Greater Noida,ZONE,Ecotech I
Ernakulam,Kakkanad,ZONE,Mekkad
Guntur,Guntur,ZONE,Ponnekallu
Nellore,Nellore,ZONE,Kovurpalli
Indore,Palasia,ZONE,Hukumchand Mill
North 24 Parganas,North 24 Parganas,ZONE,Kantabagan
Kannur,Kannur,ZONE,Chandanakampara
Ghaziabad,Raj Nagar,ZONE,Kavi Nagar
Faridabad,Faridabad,ZONE,Faridpur
Nellore,Nellore,ZONE,Ganeswarapuram
Ranchi,Ranchi,ZONE,Chotamuri
Ranchi,Ranchi,ZONE,Jon R.S.
Mangalore,Mangalore,ZONE,Bijai
Thiruvananthapuram,Thiruvananthapuram,ZONE,Neyyar Dam
Aurangabad,Aurangabad,ZONE,Warud Kaji
Allahabad,Allahabad,ZONE,Sayed Serawan
Bilaspur,Bilaspur,ZONE,Sukli
Salem,Salem,ZONE,M.Pallipatti
North 24 Parganas,North 24 Parganas,ZONE,Dinabandhunagar
Faridabad,Faridabad,ZONE,Sector 21 C
Lucknow,Hazratganj,ZONE,Mall
Hyderabad,Nallakunta,ZONE,Nallakunta
Madurai,Madurai,ZONE,Mannadimangalam
Lucknow,Ashiyana,ZONE,Vrindavan Colony
Delhi,Chanakyapuri,ZONE,Moti Bagh
Kozhikode,Kozhikode,ZONE,Emmamparamba
Kozhikode,Kozhikode,ZONE,Kilur Meladi
Thrissur,Thrissur,ZONE,Peramangalam
Salem,Salem,ZONE,Sivadapuram
Visakhapatnam,MVP,ZONE,Sagar Nagar
Kozhikode,Kozhikode,ZONE,Kuppayakode
Allahabad,Allahabad,ZONE,Masauli
Allahabad,Allahabad,ZONE,Zera
Allahabad,Allahabad,ZONE,Hetapatti
Nellore,Nellore,ZONE,Chiramana
Tiruchirappalli,Tiruchirappalli,ZONE,Kuhur
Tiruchirappalli,Tiruchirappalli,ZONE,Punjai Sangendai
Dantewada,Dantewada,ZONE,Banda
Mumbai,Tardeo,ZONE,Altamount Road
Salem,Salem,ZONE,Deevattipatti
Tangerang,Tangerang,ZONE,Pakojan
Kolkata,Dum dum,ZONE,Health Institute
Noida,Sector 71,ZONE,Sector 40
Amritsar,Amritsar,ZONE,Sheron Bagga
Amritsar,Amritsar,ZONE,Bhilowal
Meerut,Sadar Bazaar,ZONE,Kaiser Ganj
Erode,Erode,ZONE,Mettuvalasu
Ludhiana,Ludhiana Zone 1,ZONE,Joshi nagar
Madurai,Madurai,ZONE,Sellur
Salem,Salem,ZONE,Sheepfarm
Aurangabad (BH),Aurangabad (BH),ZONE,Bedauli
Aurangabad (BH),Aurangabad (BH),ZONE,R. B. Nagar
North 24 Parganas,North 24 Parganas,ZONE,Kalupur
Bilaspur,Bilaspur,ZONE,Vyapar Vihar
Chittoor,Chittoor,ZONE,Chinnaickenpalle
Chittoor,Chittoor,ZONE,Ekambarakuppam
Aurangabad (BH),Aurangabad (BH),ZONE,Saduri Karma
Amritsar,Amritsar,ZONE,Sarli Kalan
Noida,Gejha,ZONE,Sector 93
Jakarta,Kramat Jati/Pasar Rebo,ZONE,Cipayung
Mohali,Mohali,ZONE,Sector- 73
Ranchi,Ranchi,ZONE,Jamchuajaria
Kannur,Kannur,ZONE,Muzhakunnu
Kottayam,Kottayam,ZONE,Aymanam
Ernakulam,Tripunithura,ZONE,Marika
Thrissur,Thrissur,ZONE,Chazhur
Thrissur,Thrissur,ZONE,Kandassankadavu
Nellore,Nellore,ZONE,Dampur
Tirunelveli,Tirunelveli,ZONE,Melakalangal
Chittoor,Chittoor,ZONE,Valligatla
Allahabad,Allahabad,ZONE,Pipraon
Allahabad,Allahabad,ZONE,Badokhar
Lucknow,Aliganj,ZONE,Sarvoday Nagar
Guntur,Guntur,ZONE,Bapatla
Guntur,Guntur,ZONE,Merikapudi
North Goa,North Goa,ZONE,Pilgao
Hooghly,Hooghly,ZONE,Gotan
Guntur,Guntur,ZONE,Tadepalle
Karur,Karur,ZONE,Ramakrishnapuram
Nellore,Nellore,ZONE,Kammavaripalem
Tangerang,Tangerang,ZONE,Sasak
Kolkata,Dum dum,ZONE,Baranagar
North 24 Parganas,North 24 Parganas,ZONE,Chikanpara
North 24 Parganas,North 24 Parganas,ZONE,Sasan
Gurgaon,Sector10,ZONE,Gurgaon Sector 9
Bangalore,Yelahanka,ZONE,Chikkajala
Bangalore,Marathahalli,ZONE,Gunjur
Chittoor,Chittoor,ZONE,Vagavedu
Guntur,Guntur,ZONE,Bommarajupalle
Hooghly,Hooghly,ZONE,Gourhati
Guntur,Guntur,ZONE,Reddigudem
Guntur,Guntur,ZONE,Murthota
Karur,Karur,ZONE,Kakkavadi
Nellore,Nellore,ZONE,Manubolupadu
Nellore,Nellore,ZONE,Velampalli
Hooghly,Hooghly,ZONE,Chakundi
North 24 Parganas,North 24 Parganas,ZONE,Baidyapur
Quezon City,Quezon Region,ZONE,Bungad
Singapore,Orchard,ZONE,Dempsey
Ludhiana,Ludhiana Zone 3,ZONE,Jamalpur Awana
Coimbatore,Sai Baba Colony,ZONE,Gnanambika Mills
Coimbatore,Race Course,ZONE,Sundarapuram
Erode,Erode,ZONE,Thuyyampundurai
Lucknow,Aliganj,ZONE,Triveni nagar
Salem,Salem,ZONE,Konanchettiyur
Salem,Salem,ZONE,Karukkalvadi
São Paulo,Jabaquara,ZONE,Vila Santa Catarina
North 24 Parganas,North 24 Parganas,ZONE,Ghatbour
Kozhikode,Kozhikode,ZONE,Vavad
Nellore,Nellore,ZONE,Sangam
Quezon City,Quezon Region,ZONE,Quirino 2-A
Mumbai,Dadar,ZONE,Matunga
Kozhikode,Kozhikode,ZONE,Vaidyarangadi
Thiruvananthapuram,Thiruvananthapuram,ZONE,Nellimoodu
Thiruvananthapuram,Thiruvananthapuram,ZONE,Ambalathara
Aurangabad,Aurangabad,ZONE,Aurangabad Railway Station
Aurangabad,Aurangabad,ZONE,Golatgaon
Tiruchirappalli,Tiruchirappalli,ZONE,Karungulam
Warangal,Warangal,ZONE,Shivunipalli
Karur,Karur,ZONE,Munnur
Madurai,Madurai,ZONE,Kilaiyur
Warangal,Warangal,ZONE,Cherlapalli
Aurangabad (BH),Aurangabad (BH),ZONE,Uphara
Kozhikode,Kozhikode,ZONE,Meppayur
Kozhikode,Kozhikode,ZONE,Anakampoyil
Ernakulam,Panampilly Nagar,ZONE,Nedungad
Kannur,Kannur,ZONE,Pallivayal
Kottayam,Kottayam,ZONE,Kudalloor
Kottayam,Kottayam,ZONE,Eravinalloor
Tiruchirappalli,Tiruchirappalli,ZONE,Veeramanipatti
Pune,Bibvewadi,ZONE,Market Yard
Pune,Kothrud,ZONE,Shukrawar Peth
Warangal,Warangal,ZONE,Ingurthy
Allahabad,Allahabad,ZONE,Jasra
Kozhikode,Kozhikode,ZONE,Beypore
Thiruvananthapuram,Thiruvananthapuram,ZONE,Kilimanur
Thiruvananthapuram,Thiruvananthapuram,ZONE,Azhurmarket
Thrissur,Thrissur,ZONE,Vaniampara
Nellore,Nellore,ZONE,Krishnapuram
Salem,Salem,ZONE,Vengipalayam
East Khasi Hills,Shillong-East Khasi Hills,ZONE,Phudmawri
Visakhapatnam,MVP,ZONE,Vedullanarava
Warangal,Warangal,ZONE,Marrigudem
Kottayam,Kottayam,ZONE,Eravimangalam
Kozhikode,Kozhikode,ZONE,Nedumparamba
Aurangabad,Aurangabad,ZONE,Lasur Station
Pune,Kothrud,ZONE,Erandwane
East Khasi Hills,Shillong-East Khasi Hills,ZONE,Sonatola
Warangal,Warangal,ZONE,Ayodhyapur
Warangal,Warangal,ZONE,Devannapet
Bilaspur,Bilaspur,ZONE,Dongaria
Puducherry,Puducherry,ZONE,Tirukkanur
Coimbatore,Sai Baba Colony,ZONE,Vadamadurai Kurudampalayam
Erode,Erode,ZONE,Thoppupalayam
Guntur,Guntur,ZONE,Venkatayapalem
Gurgaon,Manesar,ZONE,Gurgaon Sector 91
Tirunelveli,Tirunelveli,ZONE,Terku Vallioor
Nellore,Nellore,ZONE,Kandaleru Dam
Lucknow,Ashiyana,ZONE,Malihabad
Vijayawada,Benz Circle,ZONE,Nidamanuru
Bangalore,Whitefield,ZONE,Hagadur
Surat,Katragam,ZONE,Dabholi
Vadodara,Vasna Road,ZONE,Mobha
Bangalore,Vijayanagar,ZONE,Chandra Layout
Mangalore,Mangalore,ZONE,Padu
Mysore,Mysore,ZONE,Attigodu
Ernakulam,Kakkanad,ZONE,Chendamangalam
Jakarta,Cengkareng/Penjaringan/Kalideres,ZONE,Kamal Muara
Lucknow,Aliganj,ZONE,Aliganj sector L
Surat,Vesu,ZONE,City Light Town
Kolkata,Dum dum,ZONE,Nagerbazar
North 24 Parganas,North 24 Parganas,ZONE,Gotra
Warangal,Warangal,ZONE,Quilashapur
Aurangabad (BH),Aurangabad (BH),ZONE,Manika
Chittoor,Chittoor,ZONE,Mittoor
Kakinada,Kakinada,ZONE,Manjeru
Amritsar,Amritsar,ZONE,Amarkot
Tiruchirappalli,Tiruchirappalli,ZONE,Ambil
Aurangabad,Aurangabad,ZONE,Tanda Bazar
Warangal,Warangal,ZONE,Poredupalli
Warangal,Warangal,ZONE,Yerjerla
Allahabad,Allahabad,ZONE,Kamlanagar
Chittoor,Chittoor,ZONE,Madhavamala
Dantewada,Dantewada,ZONE,Kumharras
Guntur,Guntur,ZONE,Gonepudi
Amritsar,Amritsar,ZONE,Vijayanagar
Guntur,Guntur,ZONE,Amaravathi Road
Kanpur,Kidwai Nagar,ZONE,Dmsrde
Amritsar,Amritsar,ZONE,Banwalipur
Chittoor,Chittoor,ZONE,Siddarajurangarajukandiga
Delhi,Patparganj,ZONE,Ghazipur
Delhi,Shahdara,ZONE,Bhajanpura
Puducherry,Puducherry,ZONE,Murungapakkam
Mysore,Mysore,ZONE,Kugalur
Jaipur,Malviya Nagar,ZONE,Mrec Jaipur
Erode,Erode,ZONE,Kasthuripalayam
Nellore,Nellore,ZONE,Perumallapadu
Tangerang,Tangerang,ZONE,Sidoko
North 24 Parganas,North 24 Parganas,ZONE,Shyam Nagar Dum Dum
Hyderabad,Mehdipatnam,ZONE,Tolichowki
Bangalore,HSR Layout,ZONE,Harlur
Thiruvananthapuram,Thiruvananthapuram,ZONE,Melkadakkavur
Aurangabad,Aurangabad,ZONE,Bahulkheda
Tiruchirappalli,Tiruchirappalli,ZONE,Inampuliyur
Hooghly,Hooghly,ZONE,Patuligram
Ranchi,Ranchi,ZONE,Malsering
Ernakulam,Panampilly Nagar,ZONE,Palluruthy South
East Khasi Hills,Shillong-East Khasi Hills,ZONE,Mawhiang
Bangalore,Marathahalli,ZONE,Marathahalli
Bangalore,BTM Layout,ZONE,BTM Layout 2nd Stage
Thrissur,Thrissur,ZONE,Alagappanagar
Chittoor,Chittoor,ZONE,Poyya
Kottayam,Kottayam,ZONE,Kollad
Guntur,Guntur,ZONE,Penugudurupadu
North Goa,North Goa,ZONE,Ribandar
Hooghly,Hooghly,ZONE,Chandannagar Barasat
Jaipur,Raja Park,ZONE,Taskola
Guntur,Guntur,ZONE,Mandapadu
Karur,Karur,ZONE,Palayajeyankondam
Nellore,Nellore,ZONE,Somavarappadu
Salem,Salem,ZONE,Pachanampatti
Tangerang,Tangerang,ZONE,Larangan Utara
North 24 Parganas,North 24 Parganas,ZONE,Bhojpara
North 24 Parganas,North 24 Parganas,ZONE,Purba Sankardaha
Erode,Erode,ZONE,Kalipalayam
Erode,Erode,ZONE,Alampalayam
Hyderabad,Habsiguda,ZONE,Moula Ali
Ahmedabad,Paldi,ZONE,Navjivan
Salem,Salem,ZONE,Udayarpalayam
South Tangerang,South Tangerang,ZONE,Setu
Nashik,Panchavati,ZONE,Hirawadi
Quezon City,Quezon Region,ZONE,Tandang Sora
Guntur,Guntur,ZONE,Abbineniguntapalem
Guntur,Guntur,ZONE,Guntur Bazar
Noida,Sector 18,ZONE,Sector 16
Bhubaneswar,Bhubaneswar,ZONE,Chandrasekharpur
Warangal,Warangal,ZONE,Kamareddigudem
Warangal,Warangal,ZONE,Madhapur
Warangal,Warangal,ZONE,Bollonipalli
Karur,Karur,ZONE,Vengamedu
Bilaspur,Bilaspur,ZONE,Pipartarai
Amritsar,Amritsar,ZONE,Mohan Bhandari
Amritsar,Amritsar,ZONE,Bhagwanpura
Delhi,Rohini,ZONE,Rohini Sector 31
Gurgaon,DLFPhaseI,ZONE,Gurgaon Sector 29
Gurgaon,CivilLines,ZONE,Gurgaon Sector 38
Hooghly,Hooghly,ZONE,Mrigala
San Juan,San Juan Region,ZONE,Brgy. 78
Indore,Old Indore,ZONE,Malharganj
Hooghly,Hooghly,ZONE,Netaji Mahavidyalaya
Erode,Erode,ZONE,Ingur
Erode,Erode,ZONE,Malayampalayam
Karur,Karur,ZONE,Pallamarudapatti
Nellore,Nellore,ZONE,Thurpu Kambampadu
Tangerang,Tangerang,ZONE,Kebon Besar
North 24 Parganas,North 24 Parganas,ZONE,Adhata
Agra,Kamla Nagar,ZONE,Ram Bagh
Quezon City,Quezon Region,ZONE,Saint Ignatius
Mumbai,Fort area,ZONE,Mohammed Ali Road
Singapore,Geylang,ZONE,Geylang
Faridabad,Faridabad,ZONE,Gehlab
Taguig,Taguig Region,ZONE,North Signal Village
Ahmedabad,Memnagar,ZONE,Thaltej Road
Singapore,Woodlands,ZONE,Springleaf
Amritsar,Amritsar,ZONE,Khara
Singapore,Jurong East,ZONE,Chinese Garden
Panchkula,Panchkula,ZONE,Sector-9
Tangerang,Tangerang,ZONE,Kadu Agung
Delhi,Rohini,ZONE,Rohini Sector 8
Navi Mumbai,Nerul,ZONE,Nerul Node-III
Faridabad,Faridabad,ZONE,Nangal Jat
Ranchi,Ranchi,ZONE,Morabadi
Mumbai,Fort area,ZONE,Ballard Estate
Bangalore,Electronics City,ZONE,Bommasandra
Salem,Salem,ZONE,Bommiampatti
Puducherry,Puducherry,ZONE,Mudaliarpet
Mysore,Mysore,ZONE,Rajiv Nagar
Thiruvananthapuram,Thiruvananthapuram,ZONE,Karode
Thrissur,Thrissur,ZONE,Mullurkkara
Tiruchirappalli,Tiruchirappalli,ZONE,Kanjanaickenpatti
Tirunelveli,Tirunelveli,ZONE,Anaintha Perumal Nadanur
Bhubaneswar,Bhubaneswar,ZONE,Turumal
Tirunelveli,Tirunelveli,ZONE,Kodaganallur
Aurangabad (BH),Aurangabad (BH),ZONE,Dadar
Lucknow,Ashiyana,ZONE,Aurawan
Lucknow,Aliganj,ZONE,Diguria
Nellore,Nellore,ZONE,Uppalamarthy
Hooghly,Hooghly,ZONE,Baganda
Quezon City,Quezon Region,ZONE,Maharlika
Faridabad,Faridabad,ZONE,Sector 35
Chennai,Chennai South East 1,ZONE,Gandhi Nagar
Ranchi,Ranchi,ZONE,Nawadih
Mysore,Mysore,ZONE,Kabini Colony
Mysore,Mysore,ZONE,Tilaknagar
Coimbatore,Sai Baba Colony,ZONE,Periyanaickenpalayam
Erode,Erode,ZONE,Alampadi
Vijayawada,Bhavanipuram,ZONE,Patamata Lanka
Jakarta,PuloGadung/Duren Sawit,ZONE,Duren Sawit
Lucknow,Gomtinagar,ZONE,Vishesh khand
Salem,Salem,ZONE,Kakkapalayam
Guntur,Guntur,ZONE,Ananthavaram
Thrissur,Thrissur,ZONE,Kakkassery
East Khasi Hills,Shillong-East Khasi Hills,ZONE,Nehu
East Khasi Hills,Shillong-East Khasi Hills,ZONE,Mawlat
East Khasi Hills,Shillong-East Khasi Hills,ZONE,Umsning
Bangalore,Jayanagar,ZONE,Jayanagar 7 Block
Bangalore,Electronics City,ZONE,Neralur
Warangal,Warangal,ZONE,Grainmarket
Kozhikode,Kozhikode,ZONE,Kanni Paramba
Thrissur,Thrissur,ZONE,Perinjanam
Kannur,Kannur,ZONE,Chittodi
Aurangabad,Aurangabad,ZONE,Wadgaon Tigji
Nellore,Nellore,ZONE,Kolagatla
Mysore,Mysore,ZONE,Shanuboganahalli
Tangerang,Tangerang,ZONE,Cipete
Kolkata,Tollygunge,ZONE,Garfa
Pune,Bibvewadi,ZONE,Satara Road
Bhubaneswar,Bhubaneswar,ZONE,C G Colony
South Goa,South Goa,ZONE,Durbhat
Guntur,Guntur,ZONE,Damarapalle
Ludhiana,Ludhiana Zone 1,ZONE,Sardar nagar
Ludhiana,Ludhiana Zone 1,ZONE,New Professor colony
Warangal,Warangal,ZONE,Metpalli
Tirunelveli,Tirunelveli,ZONE,Sankarankovil Bazaar
Salem,Salem,ZONE,Pattuthurai
Allahabad,Allahabad,ZONE,Leader
Kolkata,Dum dum,ZONE,Subhas Nagar
Kolkata,Central,ZONE,Ultadanga Main Road
Faridabad,Faridabad,ZONE,Chawla Colony
São Paulo,Mooca,ZONE,Mooca
Ranchi,Ranchi,ZONE,"CMD, R&D SAIL"
Nellore,Nellore,ZONE,Nallagonda
Warangal,Warangal,ZONE,Mupparamkurd
Warangal,Warangal,ZONE,Tirumalagiri
Jaipur,Raja Park,ZONE,Udaipuria
Chennai,Chennai South East 2,ZONE,Mandaveli
Karur,Karur,ZONE,Puliyur
Karur,Karur,ZONE,Muthurengampatti
Tangerang,Tangerang,ZONE,Pasir Ampo
Las Pinas,Las Pinas Region,ZONE,Pamplona Dos
Chennai,Chennai North,ZONE,Purasawakkam
Hyderabad,Banjara hills,ZONE,Film Nagar
Guntur,Guntur,ZONE,Kaithepalle
Jaipur,C Scheme,ZONE,Rajasthan State Hotel
Erode,Erode,ZONE,Gettisamudram Colony
Erode,Erode,ZONE,Vinnapalli
Nellore,Nellore,ZONE,Dagadarthi
Tangerang,Tangerang,ZONE,Bunder
Nashik,Panchavati,ZONE,Dattanagar
Faridabad,Faridabad,ZONE,Sector 76
Faridabad,Faridabad,ZONE,Dayal Bagh Colony
Faridabad,Faridabad,ZONE,EO HUDA Sector-8
Lucknow,Hazratganj,ZONE,Mawai Khurd
Coimbatore,Race Course,ZONE,Coimbatore Ukkadam
Salem,Salem,ZONE,Narayananagar
Faridabad,Faridabad,ZONE,Indication Plot 19 Sector-6
Patna,Kankarbagh,ZONE,Hanuman Nagar
Kolkata,Tollygunge,ZONE,Naktala
North 24 Parganas,North 24 Parganas,ZONE,Sarkarpara Kuthipara
Kozhikode,Kozhikode,ZONE,Cherandathur
Indore,Vijaynagar,ZONE,AB Road
Aurangabad,Aurangabad,ZONE,Osmanpura
Tiruchirappalli,Tiruchirappalli,ZONE,Karuppur
Tirunelveli,Tirunelveli,ZONE,Andipatti
Pune,Kothrud,ZONE,Bhavani Peth
Warangal,Warangal,ZONE,Chandrugonda
Vadodara,Vasna Road,ZONE,Tandalja
Kozhikode,Kozhikode,ZONE,Narikkuni
Thrissur,Thrissur,ZONE,Potta
Tiruchirappalli,Tiruchirappalli,ZONE,Kallupatti
Warangal,Warangal,ZONE,Tharigoppula
Nellore,Nellore,ZONE,Pothireddypalem
Guntur,Guntur,ZONE,Repalle
Karur,Karur,ZONE,Kanakkuvelampatti
Karur,Karur,ZONE,Koonampatti
Nellore,Nellore,ZONE,Yellasiri
Madurai,Madurai,ZONE,Uranganpatti
Tirunelveli,Tirunelveli,ZONE,Melapavur
Chittoor,Chittoor,ZONE,Nelavoy
Chittoor,Chittoor,ZONE,Amilepalle
Aurangabad (BH),Aurangabad (BH),ZONE,Panchaukhar
Allahabad,Allahabad,ZONE,Sarai Madan Urf Chanti
Aurangabad (BH),Aurangabad (BH),ZONE,Koilwan
Bilaspur,Bilaspur,ZONE,Akhrar
Rajahmundry,Rajahmundry,ZONE,Spinning Mills Center
Ernakulam,Panampilly Nagar,ZONE,Perumanur
Delhi,Model town,ZONE,Adarsh Nagar
Kottayam,Kottayam,ZONE,Moolavattom
Allahabad,Allahabad,ZONE,Deoghat
Thrissur,Thrissur,ZONE,Punnayurkulam
Visakhapatnam,Maharanipeta,ZONE,Naval Base
East Khasi Hills,Shillong-East Khasi Hills,ZONE,Sohiong
Thiruvananthapuram,Thiruvananthapuram,ZONE,Sreekaryam
Nellore,Nellore,ZONE,Nellipudi
Tiruchirappalli,Tiruchirappalli,ZONE,Valayapatti
Warangal,Warangal,ZONE,Peddaramancherla
Bangalore,Hebbal + HBR layout,ZONE,RT Nagar
Lucknow,Ashiyana,ZONE,Sgpgi
Aurangabad (BH),Aurangabad (BH),ZONE,Lahasa
Hooghly,Hooghly,ZONE,Tarakeswar Math
Coimbatore,Singanallur,ZONE,Peelamedu
Warangal,Warangal,ZONE,Oorattam
Chittoor,Chittoor,ZONE,Yellutla
Bilaspur,Bilaspur,ZONE,Pasan
Chittoor,Chittoor,ZONE,Kuppam Badur
Guntur,Guntur,ZONE,Chityala Thanda
Guntur,Guntur,ZONE,Reteru
Guntur,Guntur,ZONE,Paludevarlapadu
Amritsar,Amritsar,ZONE,Mallunangal
North 24 Parganas,North 24 Parganas,ZONE,Barasat
North 24 Parganas,North 24 Parganas,ZONE,Belpur
Quezon City,Quezon Region,ZONE,Santo Niño
Anantapur,Anantapur,ZONE,Hindupur
Faridabad,Faridabad,ZONE,Sector 19
Hyderabad,Trimulgherry,ZONE,AS Rao Nagar
Ahmedabad,Paldi,ZONE,Jivraj Park
Kozhikode,Kozhikode,ZONE,Cherooppa
Warangal,Warangal,ZONE,Singaram
Amritsar,Amritsar,ZONE,Lola
Hooghly,Hooghly,ZONE,Pratappur
Karur,Karur,ZONE,Mylampatti
Karur,Karur,ZONE,Nachalur
Karur,Karur,ZONE,Tharagampatti
Madurai,Madurai,ZONE,Madurai Bazaar
Jakarta,Kelapa Gading,ZONE,Warakas
Kolkata,Santoshpur,ZONE,Kalikapur
Ludhiana,Ludhiana Zone 1,ZONE,Shimla colony
Mysore,Mysore,ZONE,Kurahatti
Mysore,Mysore,ZONE,Konasur
Karur,Karur,ZONE,Kurichi
Kolkata,Salt lake,ZONE,Keoratala
Aurangabad (BH),Aurangabad (BH),ZONE,Baluganj
Chittoor,Chittoor,ZONE,Peddur
Aurangabad (BH),Aurangabad (BH),ZONE,Turta
Kakinada,Kakinada,ZONE,Nemam
Amritsar,Amritsar,ZONE,Mandir Mathra Bhagi
Warangal,Warangal,ZONE,Gundenga
Warangal,Warangal,ZONE,Challagarige
Chittoor,Chittoor,ZONE,Rompicherla
Amritsar,Amritsar,ZONE,Kot Ralia Ram
Guwahati,Guwahati,ZONE,Rehabari
Aurangabad (BH),Aurangabad (BH),ZONE,Silar
Chittoor,Chittoor,ZONE,Ramasamudram
Chittoor,Chittoor,ZONE,Pakala Bazar
Amritsar,Amritsar,ZONE,Manak Dheke
Mumbai,Goregaon,ZONE,Jogeshwari East
Surat,Vesu,ZONE,Pandesara
Vadodara,Alkapuri,ZONE,Gorwa
Ranchi,Ranchi,ZONE,Tikratoli
Ernakulam,Kakkanad,ZONE,Kunnukara
Hooghly,Hooghly,ZONE,Dihiboira
Karur,Karur,ZONE,Kovilur
Tangerang,Tangerang,ZONE,Gondrong
Nashik,Mumbai Naka,ZONE,Kalpataru Nagar
Mohali,Mohali,ZONE,Sector-79
Amritsar,Amritsar,ZONE,Begowal
Guntur,Guntur,ZONE,Vijayapuri South
Hooghly,Hooghly,ZONE,Ballaldighi
Kozhikode,Kozhikode,ZONE,Peruvannamuzhi
Thrissur,Thrissur,ZONE,Guruvayur
Thrissur,Thrissur,ZONE,Iringapuram
Thrissur,Thrissur,ZONE,Thrissur East
Aurangabad,Aurangabad,ZONE,Balapur
Hooghly,Hooghly,ZONE,Balagarh
Mysore,Mysore,ZONE,Gandanahalli
Kannur,Kannur,ZONE,Mullakodi
Bangalore,Malleswaram,ZONE,Guttahalli
Tirunelveli,Tirunelveli,ZONE,Anaikulam
Warangal,Warangal,ZONE,Ontimamidipalli
Kozhikode,Kozhikode,ZONE,Kannoth
Thiruvananthapuram,Thiruvananthapuram,ZONE,Karumom
Thrissur,Thrissur,ZONE,Edathirinji
Mysore,Mysore,ZONE,Asokapuram
Thrissur,Thrissur,ZONE,Mothirakkanni
Tiruchirappalli,Tiruchirappalli,ZONE,Malvoy Kannanur
Chittoor,Chittoor,ZONE,Pandillapalle
Warangal,Warangal,ZONE,Chityal
Amritsar,Amritsar,ZONE,Bhoprai
North Goa,North Goa,ZONE,Reis Magos
Hooghly,Hooghly,ZONE,Bajitpur
Erode,Erode,ZONE,Mylambadi
Guntur,Guntur,ZONE,Polakampadu Ind. Area
Karur,Karur,ZONE,Kosur
Madurai,Madurai,ZONE,Kuraiyur
Madurai,Madurai,ZONE,Ayyanarkulam
Salem,Salem,ZONE,Muthampatti
Tangerang,Tangerang,ZONE,Pabuaran
Tangerang,Tangerang,ZONE,Banyu Asih
Meerut,Sadar Bazaar,ZONE,Sotiganj
Hooghly,Hooghly,ZONE,Poshpur
Kolkata,Tollygunge,ZONE,Behala Municipal Market
Guntur,Guntur,ZONE,Morjampadu
Erode,Erode,ZONE,Karaiyur
Kottayam,Kottayam,ZONE,Pattithanam
Erode,Erode,ZONE,Athani
Erode,Erode,ZONE,Brahmadesam
Erode,Erode,ZONE,Udhiyur
Tirunelveli,Tirunelveli,ZONE,Pazhankottai
Warangal,Warangal,ZONE,Brahmanakothapalli
Allahabad,Allahabad,ZONE,Kanti
Delhi,Rohini,ZONE,Rohini Sector 21
Navi Mumbai,Nerul,ZONE,Juinagar
Panchkula,Panchkula,ZONE,Chiken
Thane,Thane Central,ZONE,Majiwada
Ranchi,Ranchi,ZONE,Baredih
Kanpur,Kakadeo,ZONE,Kaushalpuri
Erode,Erode,ZONE,Mullampatti
Guntur,Guntur,ZONE,Kattavaripalem
Ranchi,Ranchi,ZONE,Rargaon
Mangalore,Mangalore,ZONE,Chelairu
Ernakulam,Kakkanad,ZONE,Panipra
Karur,Karur,ZONE,Melapalayam
Nellore,Nellore,ZONE,Mypadu
Jakarta,Cilandak/Pasar Minggu,ZONE,Srengseng Sawah
Guntur,Guntur,ZONE,Chinapalem
Faridabad,Faridabad,ZONE,Jawan
North 24 Parganas,North 24 Parganas,ZONE,Bowthakurani
North 24 Parganas,North 24 Parganas,ZONE,Rameswarpur
Hyderabad,Afzal gunj,ZONE,Asif Nagar
Delhi,Mehrauli,ZONE,Sat Bari
Erode,Erode,ZONE,Injampalli
Hooghly,Hooghly,ZONE,Cheragram
Lucknow,Ashiyana,ZONE,Vidya Nagar
Kottayam,Kottayam,ZONE,Ozhavur
Kozhikode,Kozhikode,ZONE,Iringal
Kozhikode,Kozhikode,ZONE,Perode
Tiruchirappalli,Tiruchirappalli,ZONE,Pulivalam
Salem,Salem,ZONE,Thandavarayapuram
Faridabad,Faridabad,ZONE,Chhajju Nagar
Amritsar,Amritsar,ZONE,New Garden Colony
Mysore,Mysore,ZONE,Kadabur
Ernakulam,Kakkanad,ZONE,Kuruppampady
Ernakulam,Tripunithura,ZONE,Anchelpetty
Warangal,Warangal,ZONE,Gurthur
Agra,Taj Ganj,ZONE,Chhipitola
Allahabad,Allahabad,ZONE,Chhitpalgarh
Allahabad,Allahabad,ZONE,Amora
Lucknow,Hazratganj,ZONE,Nadan Mahal
Kannur,Kannur,ZONE,Azhikode
Mohali,Mohali,ZONE,Sector- 72
Ranchi,Ranchi,ZONE,Gargaon
Ranchi,Ranchi,ZONE,Lagam
Guntur,Guntur,ZONE,Surepalli
North Goa,North Goa,ZONE,Dodamarg
Coimbatore,Singanallur,ZONE,Malumichampatti
Coimbatore,Singanallur,ZONE,Ondipudur
North 24 Parganas,North 24 Parganas,ZONE,Hatisala
Taguig,Taguig Region,ZONE,Sumilang
Mumbai,Fort area,ZONE,Dhobi Talao
Chennai,Chennai South West 2,ZONE,Hasthinapuram
Panchkula,Panchkula,ZONE,Sector-21
Surat,Athawa,ZONE,Bhatar
Kannur,Kannur,ZONE,Kannavam Colony
Kannur,Kannur,ZONE,Velimanam
Mohali,Mohali,ZONE,Sector- 69
Hooghly,Hooghly,ZONE,Dakshindihi
North 24 Parganas,North 24 Parganas,ZONE,Dogachia
Anantapur,Anantapur,ZONE,Puttaparthi
Gurgaon,Manesar,ZONE,Gurgaon Sector 96
Patna,Kankarbagh,ZONE,Kankarbagh
Faridabad,Faridabad,ZONE,Sagarpur
São Paulo,Jabaquara,ZONE,Jardim Sul São Paulo
São Paulo,Lapa,ZONE,Vila Pompéia
Salem,Salem,ZONE,Nagiampatti
Mysore,Mysore,ZONE,Antharasanthe
Ernakulam,Kakkanad,ZONE,Anappara-kalady
Jakarta,Cengkareng/Penjaringan/Kalideres,ZONE,Cengkareng Barat
Ernakulam,Kakkanad,ZONE,Union Christian College
Kannur,Kannur,ZONE,Chamathachal
Kottayam,Kottayam,ZONE,Puthenchantha
Kottayam,Kottayam,ZONE,Rajendraprasad Colony
Salem,Salem,ZONE,Danishpet
Mysore,Mysore,ZONE,Paduvakote
Lucknow,Aliganj,ZONE,Sarvodaya Nagar
Kottayam,Kottayam,ZONE,Punnathura West
Nellore,Nellore,ZONE,Bhairavaram
Warangal,Warangal,ZONE,Govindaraopet
Tirunelveli,Tirunelveli,ZONE,Nambithalaivanpattaiyam
Chittoor,Chittoor,ZONE,Nadimcherla
Allahabad,Allahabad,ZONE,Patwa
Aurangabad (BH),Aurangabad (BH),ZONE,Khajauri Saraiya
Chittoor,Chittoor,ZONE,Kollagunta
Chittoor,Chittoor,ZONE,Kumarabommarajapuram
Lucknow,Indranagar,ZONE,Narain Nagar
Lucknow,Hazratganj,ZONE,Sunderbagh
Chittoor,Chittoor,ZONE,Thumbur
Guntur,Guntur,ZONE,Maruproluvaripalem
Guntur,Guntur,ZONE,Ikkurru
Coimbatore,Gandhipuram,ZONE,Ganapathy
Jakarta,PuloGadung/Duren Sawit,ZONE,Cipinang Muara
Tangerang,Tangerang,ZONE,Periuk Jaya
Puducherry,Puducherry,ZONE,Sanjeevi Nagar
Ernakulam,Tripunithura,ZONE,Mutholapuram
Ernakulam,Kakkanad,ZONE,Vadakkekara
Kannur,Kannur,ZONE,Padiyur-kannur
Kottayam,Kottayam,ZONE,Eravuchira
Thiruvananthapuram,Thiruvananthapuram,ZONE,Vazhichal
Indore,Vijaynagar,ZONE,Sanwer Link Road Indore
Aurangabad,Aurangabad,ZONE,Medical College
Tirunelveli,Tirunelveli,ZONE,Kadayam
Tirunelveli,Tirunelveli,ZONE,Azhaganeri
Chittoor,Chittoor,ZONE,Pulicherla
Lucknow,Ashiyana,ZONE,Barha
Bilaspur,Bilaspur,ZONE,Loharsison
Jaipur,Raja Park,ZONE,Teori
Karur,Karur,ZONE,Lalapet
Jakarta,Mangga Besar/Mangga Dua,ZONE,Kebon Kelapa
Salem,Salem,ZONE,Annadanapatti
Hooghly,Hooghly,ZONE,Rashidpur
Kolkata,Gariahat,ZONE,Ballygunge
Ranchi,Ranchi,ZONE,Lungtu
Kannur,Kannur,ZONE,Aniyaram
Tiruchirappalli,Tiruchirappalli,ZONE,Puthur
Tiruchirappalli,Tiruchirappalli,ZONE,Poondi
Warangal,Warangal,ZONE,Kodavatur
Chittoor,Chittoor,ZONE,Kasaram
Allahabad,Allahabad,ZONE,Dandupur
Allahabad,Allahabad,ZONE,Motiha
Tiruchirappalli,Tiruchirappalli,ZONE,T.Baderpettai
Chittoor,Chittoor,ZONE,Mushtoor
Chittoor,Chittoor,ZONE,Ambakam
Dantewada,Dantewada,ZONE,Shivanandashram
Dantewada,Dantewada,ZONE,Gogunda
Chittoor,Chittoor,ZONE,Yerravaripalem
Chittoor,Chittoor,ZONE,Pathikonda
Guntur,Guntur,ZONE,Koritepadu
Guntur,Guntur,ZONE,Uppalapadu
Hooghly,Hooghly,ZONE,Jamdara
Guntur,Guntur,ZONE,Perali
Kannur,Kannur,ZONE,Chengalayi
Kottayam,Kottayam,ZONE,Ponganthanam
Hooghly,Hooghly,ZONE,Khanakul
Salem,Salem,ZONE,Periyeri
Kozhikode,Kozhikode,ZONE,Kannookkara
Kozhikode,Kozhikode,ZONE,Kuttiadi
Tiruchirappalli,Tiruchirappalli,ZONE,Ammangudi
Singapore,Orchard,ZONE,Dhoby Ghaut
Mumbai,Powai,ZONE,Kanjurmarg
Gurgaon,CivilLines,ZONE,Gurgaon Sector 32
Ernakulam,Kakkanad,ZONE,Chelad Junction
Tiruchirappalli,Tiruchirappalli,ZONE,T
Chittoor,Chittoor,ZONE,Regallu
Warangal,Warangal,ZONE,Keshavapur
Guntur,Guntur,ZONE,Pallekona
Greater Noida,Greater Noida,ZONE,Knowledge Park II
Hyderabad,Marredpally,ZONE,Old Bowenpally
Guntur,Guntur,ZONE,Ramabhotlapalem
Guntur,Guntur,ZONE,Appapuram
Amritsar,Amritsar,ZONE,Bakipur
Nellore,Nellore,ZONE,Tirumalapadu
Madurai,Madurai,ZONE,Gandhi Nagar
Kolkata,Central,ZONE,Bowbazar
North 24 Parganas,North 24 Parganas,ZONE,Jagadishpur
North 24 Parganas,North 24 Parganas,ZONE,Tentulia
Pune,Bibvewadi,ZONE,Balaji Nagar
Surat,Katragam,ZONE,Mahidharpura
Mysore,Mysore,ZONE,Ramabai Nagar
Kottayam,Kottayam,ZONE,Thiruvarppu
Ranchi,Ranchi,ZONE,Silagain
Mysore,Mysore,ZONE,Barse
Kannur,Kannur,ZONE,Ambilat
Karur,Karur,ZONE,Punjaikalakurichi
Nellore,Nellore,ZONE,Chittalur
Nellore,Nellore,ZONE,Tippaguntapalem
Hooghly,Hooghly,ZONE,Routh Khana
North 24 Parganas,North 24 Parganas,ZONE,Baliadanga
Faridabad,Faridabad,ZONE,Mohna
Faridabad,Faridabad,ZONE,Andhop
Singapore,Ang Mo Kio,ZONE,Novena
São Paulo,Jabaquara,ZONE,Vila Mascote
Mysore,Mysore,ZONE,Talkad Old Town
Kottayam,Kottayam,ZONE,Alapra
Kottayam,Kottayam,ZONE,Vanchimala
Kannur,Kannur,ZONE,Padappangad
Kottayam,Kottayam,ZONE,Moozhoor
Kottayam,Kottayam,ZONE,Olessa
Kottayam,Kottayam,ZONE,Thalayolaparambu
Kozhikode,Kozhikode,ZONE,Meppayil
Kozhikode,Kozhikode,ZONE,Varikoli
Thiruvananthapuram,Thiruvananthapuram,ZONE,Vithura
Tirunelveli,Tirunelveli,ZONE,Karuppukatti
Agra,Delhi Gate,ZONE,Bainpur
Allahabad,Allahabad,ZONE,Bisari
North Goa,North Goa,ZONE,Assagao
Amritsar,Amritsar,ZONE,Akalgarh Dhupaian
Ludhiana,Ludhiana Zone 3,ZONE,New Model Town
Madurai,Madurai,ZONE,Kamarajar Road
Kolkata,Santoshpur,ZONE,Garden Reach
North 24 Parganas,North 24 Parganas,ZONE,Hasnabad
Pune,Ambegaon,ZONE,Ambegaon
Delhi,Dwarka,ZONE,Dwarka Sector 3
Surat,Katragam,ZONE,Sagrampura Putli
Ranchi,Ranchi,ZONE,Jamuadag
Mangalore,Mangalore,ZONE,Kulshekar
Mangalore,Mangalore,ZONE,Mijar
Ernakulam,Tripunithura,ZONE,Mekkadambu
Kottayam,Kottayam,ZONE,Amanakara
Nellore,Nellore,ZONE,Tada
Tirunelveli,Tirunelveli,ZONE,Kailasapuram
Chittoor,Chittoor,ZONE,Kukkarajupalle
Bilaspur,Bilaspur,ZONE,Khairwar
Kakinada,Kakinada,ZONE,Thimmaparam
Guntur,Guntur,ZONE,Ipuru
Jaipur,Raja Park,ZONE,Torda Kalan
Guntur,Guntur,ZONE,Turakapalem
Jakarta,Kebon Jeruk/Tomang/Slipi,ZONE,Jembatan Lima
Kolkata,Dum dum,ZONE,Agarpara
Kolkata,Bhowanipore,ZONE,Alipore Civil Court
North 24 Parganas,North 24 Parganas,ZONE,Sech Bhawan
Bangalore,JP Nagar,ZONE,DLF Newtown
Surat,Katragam,ZONE,Chapra Bhatha
Hyderabad,Kukatpally,ZONE,Bachupally
Mangalore,Mangalore,ZONE,Balmatta
Mysore,Mysore,ZONE,Jayanagar
Ernakulam,Kakkanad,ZONE,Cheruvattoor
Thiruvananthapuram,Thiruvananthapuram,ZONE,Chilakur
Salem,Salem,ZONE,Morur
Visakhapatnam,Gajuwaka,ZONE,Veeravalli Agraharam
Tirunelveli,Tirunelveli,ZONE,Taruvai
Aurangabad,Aurangabad,ZONE,Jamthi
Warangal,Warangal,ZONE,Penugonda
Warangal,Warangal,ZONE,Oblapur
Guwahati,Guwahati,ZONE,Amingaon
Warangal,Warangal,ZONE,Vadthal
Tirunelveli,Tirunelveli,ZONE,Muthammalpuram
Allahabad,Allahabad,ZONE,I L C
Lucknow,Hazratganj,ZONE,Thari
Lucknow,Ashiyana,ZONE,Sarai Gudauli
Bilaspur,Bilaspur,ZONE,Chakarbhata
Nellore,Nellore,ZONE,Akkarajuvari Kandriga
Jaipur,Jhotwara,ZONE,Karoli
North 24 Parganas,North 24 Parganas,ZONE,Ajijnagar
Navi Mumbai,JNPT,ZONE,Jnpt
Mumbai,Dahisar,ZONE,Bhayandar
Ahmedabad,Maninagar,ZONE,Gita Mandir Road
Bangalore,Hebbal + HBR layout,ZONE,HRBR Layout
Faridabad,Faridabad,ZONE,Nh-4
Vijayawada,Benz Circle,ZONE,Poranki
Ranchi,Ranchi,ZONE,Chakma
Kannur,Kannur,ZONE,Kootumugham
Kannur,Kannur,ZONE,Kottila
Mysore,Mysore,ZONE,Kiragasur
Kottayam,Kottayam,ZONE,Ettumanur Junction
Kottayam,Kottayam,ZONE,Chemmalamattom
Kottayam,Kottayam,ZONE,Nariayanganam
Kozhikode,Kozhikode,ZONE,Cherapuram
Thrissur,Thrissur,ZONE,Pariyaram
Thrissur,Thrissur,ZONE,Desamangalam
Indore,Palasia,ZONE,New Palasia
Nellore,Nellore,ZONE,Kallur
Tiruchirappalli,Tiruchirappalli,ZONE,Periya Anaikaraipatti
Tiruchirappalli,Tiruchirappalli,ZONE,Vishalakshi Ammal Samudram
Chittoor,Chittoor,ZONE,Mukkalathur
Aurangabad (BH),Aurangabad (BH),ZONE,Singhari
Chittoor,Chittoor,ZONE,Peddagorpadu
Lucknow,Aliganj,ZONE,H E School
Lucknow,Hazratganj,ZONE,Jawahar Bhawan
Kakinada,Kakinada,ZONE,Govt.Gen Hospital
Pune,Vishrantwadi,ZONE,Kalyani Nagar
Tiruchirappalli,Tiruchirappalli,ZONE,Kaduvetti
Tirunelveli,Tirunelveli,ZONE,Keela Kaduvetty
Karur,Karur,ZONE,Panjapatti
Madurai,Madurai,ZONE,M.Puliyankulam
Salem,Salem,ZONE,Olaipatti
Salem,Salem,ZONE,Saminaickenpatti
Allahabad,Allahabad,ZONE,Tilakhwar
Chittoor,Chittoor,ZONE,Siddirajukandriga
Bilaspur,Bilaspur,ZONE,Jogisar
Meerut,Shastri Nagar,ZONE,Vaishali Colony
North 24 Parganas,North 24 Parganas,ZONE,Bidhannagr CC Block
Taguig,Taguig Region,ZONE,Napindan
Chennai,Chennai South 2,ZONE,T Nagar
Erode,Erode,ZONE,Thandampalayam
Erode,Erode,ZONE,Vairapalayam
Madurai,Madurai,ZONE,Vadipatti
Patna,Rajendra Nagar,ZONE,Alamganj
Puducherry,Puducherry,ZONE,Velrampet
Mumbai,Powai,ZONE,Chandivali
Mumbai,Andheri west,ZONE,Azad Nagar
Pune,Bibvewadi,ZONE,Gultekdi
Mumbai,Andheri west,ZONE,Seven Bungalows
São Paulo,Lapa,ZONE,Sumarezinho
Mysore,Mysore,ZONE,Mandimohalla
Mysore,Mysore,ZONE,Muthalavadi Kebbehundi
Ranchi,Ranchi,ZONE,Sangor
Ranchi,Ranchi,ZONE,Eta
Kozhikode,Kozhikode,ZONE,Kakkayam
Aurangabad,Aurangabad,ZONE,Kerhala
Warangal,Warangal,ZONE,Naimnagar
Kozhikode,Kozhikode,ZONE,Irivallur
Patna,Rajendra Nagar,ZONE,Gauri Pundah
Nellore,Nellore,ZONE,Venkatapuram
Warangal,Warangal,ZONE,Atmakur
Tiruchirappalli,Tiruchirappalli,ZONE,Kottapalayam
Warangal,Warangal,ZONE,Mulug
Amritsar,Amritsar,ZONE,Panjwar
Allahabad,Allahabad,ZONE,Mutthiganj
Chittoor,Chittoor,ZONE,Patrapalle
Chittoor,Chittoor,ZONE,Pattamvandlapalle
Guntur,Guntur,ZONE,Mellavagu
Guntur,Guntur,ZONE,Vadlamudi
Gurgaon,Manesar,ZONE,Gurgaon Sector 92
Ahmedabad,Memnagar,ZONE,Bodakdev
Singapore,Little India,ZONE,Boon Keng
São Paulo,Santana,ZONE,Parada Inglesa
Erode,Erode,ZONE,Paranjervali
Indore,Vijaynagar,ZONE,Vasant Vihar Colony
San Juan,San Juan Region,ZONE,Kaunlaran Village
Kolkata,Tollygunge,ZONE,Paschim Putiari
North 24 Parganas,North 24 Parganas,ZONE,Kaipukuria
North 24 Parganas,North 24 Parganas,ZONE,Kanchanpur
Bangalore,HSR Layout,ZONE,Kudlu
Amritsar,Amritsar,ZONE,Gopal Nagar
Nellore,Nellore,ZONE,Mamidipudi
Ranchi,Ranchi,ZONE,"DDM, OIC Ltd, Kadru"
Kottayam,Kottayam,ZONE,Chenappady
Kottayam,Kottayam,ZONE,Pangada
Aurangabad,Aurangabad,ZONE,Ghat Shendra
Nellore,Nellore,ZONE,Gurramkonda
Chittoor,Chittoor,ZONE,Suramala
Chittoor,Chittoor,ZONE,Ranganathapuram
Chittoor,Chittoor,ZONE,Chinnadoravarikandriga
Bilaspur,Bilaspur,ZONE,Andhiyarkhoh
Guntur,Guntur,ZONE,Machavaram
Erode,Erode,ZONE,Kangayam
Karur,Karur,ZONE,Timmachipuram
Nellore,Nellore,ZONE,Kavali Cutchery
North 24 Parganas,North 24 Parganas,ZONE,P.S.Bureau
San Juan,San Juan Region,ZONE,New Zañiga
Nagpur,Wardhaman Nagar,ZONE,Shastri Nagar
Ranchi,Ranchi,ZONE,Ambajharia
Aurangabad,Aurangabad,ZONE,Gevrai Kubri
Warangal,Warangal,ZONE,Chennur
Chittoor,Chittoor,ZONE,Lakkanapalle
Aurangabad (BH),Aurangabad (BH),ZONE,Anukappa
Lucknow,Hazratganj,ZONE,Gohramau
Chennai,Chennai South 1,ZONE,Virugambakkam
Erode,Erode,ZONE,Morattupalayam
Thrissur,Thrissur,ZONE,Thirunellur
Thrissur,Thrissur,ZONE,Minalur
Thrissur,Thrissur,ZONE,Perinchery
Thrissur,Thrissur,ZONE,West Fort
Aurangabad,Aurangabad,ZONE,Mulani Wadgaon
Aurangabad,Aurangabad,ZONE,Rahatgaon
Tirunelveli,Tirunelveli,ZONE,Sivalaperi
Kottayam,Kottayam,ZONE,Vallichira
Thiruvananthapuram,Thiruvananthapuram,ZONE,Veeranakavu
Thrissur,Thrissur,ZONE,Kadavallur
Warangal,Warangal,ZONE,Chagal
Agra,Taj Ganj,ZONE,Taj
Thiruvananthapuram,Thiruvananthapuram,ZONE,Anappara
Thiruvananthapuram,Thiruvananthapuram,ZONE,Nellanad
Kozhikode,Kozhikode,ZONE,Theyyappara
Thrissur,Thrissur,ZONE,Kaniyarkod
Warangal,Warangal,ZONE,Perumandlasankeesa
Tirunelveli,Tirunelveli,ZONE,Odaimarichan
Tirunelveli,Tirunelveli,ZONE,Inamlkoilpatti
Chittoor,Chittoor,ZONE,Pantrampalle
Allahabad,Allahabad,ZONE,Aura
Guntur,Guntur,ZONE,Peesapadu
Chittoor,Chittoor,ZONE,Tirumala West
Tiruchirappalli,Tiruchirappalli,ZONE,Woriur Bazaar
Mohali,Mohali,ZONE,Manauli
Warangal,Warangal,ZONE,Puligilla
Hooghly,Hooghly,ZONE,Baligori
Jaipur,Malviya Nagar,ZONE,Sector-11
Erode,Erode,ZONE,Perundalaiyur
Hooghly,Hooghly,ZONE,Bonhijli
Guntur,Guntur,ZONE,Konanki
Erode,Erode,ZONE,Thoppampatti
Erode,Erode,ZONE,Patlur
Erode,Erode,ZONE,Perundurai
Chittoor,Chittoor,ZONE,Amudala
Gurgaon,CivilLines,ZONE,Gurgaon Sector 21
North 24 Parganas,North 24 Parganas,ZONE,Dariapur
North 24 Parganas,North 24 Parganas,ZONE,Dum Dum Park
Taguig,Taguig Region,ZONE,Maharlika Village
Singapore,Tampines,ZONE,Simei
Aurangabad,Aurangabad,ZONE,Gadia Vihar
North 24 Parganas,North 24 Parganas,ZONE,Sreebhumi
Jamshedpur,Jamshedpur,ZONE,National Metallurgical Laboratory
Puducherry,Puducherry,ZONE,Ozhugarai
Chittoor,Chittoor,ZONE,Tavalam
Bilaspur,Bilaspur,ZONE,Pudu
Dantewada,Dantewada,ZONE,Tirathgarh
Lucknow,Hazratganj,ZONE,A P Sabha
Hyderabad,Afzal gunj,ZONE,Mallepally
Hooghly,Hooghly,ZONE,Jarura
Hooghly,Hooghly,ZONE,K G R S Path
Chandigarh,Sector 36,ZONE,Sector-24
Ernakulam,Kakkanad,ZONE,Keerampara
Mysore,Mysore,ZONE,Hussainpura
Mysore,Mysore,ZONE,Madigahalli
Mysore,Mysore,ZONE,Devanur
Ernakulam,Tripunithura,ZONE,Ezhakkaranad
Salem,Salem,ZONE,Nagichettipatti
Aurangabad,Aurangabad,ZONE,Deulgaon Bazar
East Khasi Hills,Shillong-East Khasi Hills,ZONE,Mawdongbazar
Tiruchirappalli,Tiruchirappalli,ZONE,Paganur
Bangalore,Koramangala,ZONE,Koramangala 7 Block
Warangal,Warangal,ZONE,Rangshaipet
Thiruvananthapuram,Thiruvananthapuram,ZONE,Parandode
Patna,Rajendra Nagar,ZONE,B.R. Centre
Thrissur,Thrissur,ZONE,Kathikkudam
Thrissur,Thrissur,ZONE,Kattoor
Amritsar,Amritsar,ZONE,Kot Mit Singh
Amritsar,Amritsar,ZONE,Blair
Warangal,Warangal,ZONE,Raghavareddipet
Thiruvananthapuram,Thiruvananthapuram,ZONE,Adayamon
Tiruchirappalli,Tiruchirappalli,ZONE,Mannarpuram
Warangal,Warangal,ZONE,Chintapalli
Agra,Delhi Gate,ZONE,T.P. Nagar
Chittoor,Chittoor,ZONE,Dudhevaripalle
Allahabad,Allahabad,ZONE,Mau Aima
Kanpur,Kidwai Nagar,ZONE,Rooma
Chittoor,Chittoor,ZONE,Mamadugu
Thane,Thane Central,ZONE,Kalwa
Dantewada,Dantewada,ZONE,Chindawada
Guntur,Guntur,ZONE,Pasumarru
Tiruchirappalli,Tiruchirappalli,ZONE,Nagalapuram
Amritsar,Amritsar,ZONE,Gaure Nangal
Guntur,Guntur,ZONE,Munipalli
Guntur,Guntur,ZONE,Pedamakkena
Kottayam,Kottayam,ZONE,Kuruppamthara
Kottayam,Kottayam,ZONE,Nazreth Hill
Erode,Erode,ZONE,Komarapalayam-sathy
Madurai,Madurai,ZONE,S.N.College
Aurangabad (BH),Aurangabad (BH),ZONE,Anchha
Nellore,Nellore,ZONE,Chintagunta
Tiruchirappalli,Tiruchirappalli,ZONE,Thathiengarpet
Tiruchirappalli,Tiruchirappalli,ZONE,Thumbalam
Tirunelveli,Tirunelveli,ZONE,Deivanayagaperi
Bangalore,BTM Layout,ZONE,BTM Layout
Tirunelveli,Tirunelveli,ZONE,Piranjeri
Tirunelveli,Tirunelveli,ZONE,Balapadraramapuram
Chittoor,Chittoor,ZONE,Kotagudibanda
Chittoor,Chittoor,ZONE,Vittalam
Dantewada,Dantewada,ZONE,Nagaram
Mumbai,Tardeo,ZONE,Kemps Corner
Mumbai,Andheri west,ZONE,Versova
Karur,Karur,ZONE,Velayuthampalayam
Nellore,Nellore,ZONE,Kondagunta
Jakarta,Cilandak/Pasar Minggu,ZONE,Jagakarsa
Jaipur,Durgapura,ZONE,Gandhi Nagar
Visakhapatnam,Gajuwaka,ZONE,Sujatha Nagar
Hooghly,Hooghly,ZONE,Pole
Guntur,Guntur,ZONE,Ganikapudi
Aurangabad,Aurangabad,ZONE,Begumpura
Faridabad,Faridabad,ZONE,Gulawad
Ranchi,Ranchi,ZONE,Chama
Ahmedabad,Maninagar,ZONE,L G Hospital
Singapore,City,ZONE,Telok Blangah
Guntur,Guntur,ZONE,Arundalpet
Meerut,Saket Ganganagar,ZONE,Abdullapur
Guntur,Guntur,ZONE,Sankarapuram
Hooghly,Hooghly,ZONE,Mar0khana
Guntur,Guntur,ZONE,Chinaagraharam
Madurai,Madurai,ZONE,Ellis Nagar
Amritsar,Amritsar,ZONE,Fatehgarh Shukarchack
Ranchi,Ranchi,ZONE,Ulidih
Ernakulam,Kakkanad,ZONE,Kidangoor
Panchkula,Panchkula,ZONE,Kalka R.S.
Ranchi,Ranchi,ZONE,Barachagru
Salem,Salem,ZONE,Erumapalayam
Salem,Salem,ZONE,Bukkampatti
Nashik,Nashik Road,ZONE,Ramdas Swami Nagar
Quezon City,Quezon Region,ZONE,Talipapa
Tiruchirappalli,Tiruchirappalli,ZONE,Chettiapatti
Tiruchirappalli,Tiruchirappalli,ZONE,Sevalpatti
Tirunelveli,Tirunelveli,ZONE,Nallur
Kannur,Kannur,ZONE,Nuchiyad
Kakinada,Kakinada,ZONE,Sriramnagar
Kakinada,Kakinada,ZONE,Yandamuru
Hooghly,Hooghly,ZONE,Ramnarayanpur
Ludhiana,Ludhiana Zone 2,ZONE,Rajguru Nagar
Erode,Erode,ZONE,Uttukuli
Salem,Salem,ZONE,Thammampatti
Mysore,Mysore,ZONE,Doddabyranakuppe
Kottayam,Kottayam,ZONE,Onamthuruthu
Thrissur,Thrissur,ZONE,Guruvayur Temple
East Khasi Hills,Shillong-East Khasi Hills,ZONE,Pongkung
East Khasi Hills,Shillong-East Khasi Hills,ZONE,Neigrihms
Ernakulam,Kakkanad,ZONE,Vellarappilly South
Jakarta,Cengkareng/Penjaringan/Kalideres,ZONE,Kedaung Kali Angke
Bangalore,Jayanagar,ZONE,Jayanagar 3 Block
Bangalore,Whitefield,ZONE,Kadugodi
Thiruvananthapuram,Thiruvananthapuram,ZONE,Panniyode
Kottayam,Kottayam,ZONE,Kurichithanam
Kottayam,Kottayam,ZONE,Manjoor
Thane,Kalyan,ZONE,Kalyan West
Pune,Kothrud,ZONE,Laxmi Road
Indore,Palasia,ZONE,LIC 19 MG Road
North Goa,North Goa,ZONE,Caranzalem
Kottayam,Kottayam,ZONE,Ponkunnam Court
Thiruvananthapuram,Thiruvananthapuram,ZONE,Kovalam
Aurangabad,Aurangabad,ZONE,Chincholi Limbaji
Aurangabad,Aurangabad,ZONE,Palshi BK
Warangal,Warangal,ZONE,Vavila
Amritsar,Amritsar,ZONE,Dujowal
Amritsar,Amritsar,ZONE,Adiwala
Salem,Salem,ZONE,Sarvoy
Salem,Salem,ZONE,Sekkadipatti
Nashik,Mumbai Naka,ZONE,Rane Nagar
Guwahati,Guwahati,ZONE,Hengrabari
Tirunelveli,Tirunelveli,ZONE,Subbulapuram
Allahabad,Allahabad,ZONE,Manauri AF
Erode,Erode,ZONE,Erasinampalayam
Erode,Erode,ZONE,Vadamugam Vellodu
Hyderabad,Dilsukh nagar,ZONE,Saidabad
Hyderabad,Banjara hills,ZONE,Yousufguda
Nellore,Nellore,ZONE,Annagaripalem
Jakarta,PuloGadung/Duren Sawit,ZONE,Pondok Kopi
Ludhiana,Ludhiana Zone 2,ZONE,E Block SBS Nagar
Manila,Manila Region,ZONE,San Andres Bukid
Mumbai,Tardeo,ZONE,Byculla
Mumbai,Fort area,ZONE,Dongri
Vadodara,Waghodia Road,ZONE,Harni Colony
Dantewada,Dantewada,ZONE,Tongpal
Jakarta,Mangga Besar/Mangga Dua,ZONE,Glodok
Salem,Salem,ZONE,Viraganur
Thrissur,Thrissur,ZONE,Kanjani
Tiruchirappalli,Tiruchirappalli,ZONE,Angiyam
Ernakulam,Kakkanad,ZONE,Thaikkattukara
Warangal,Warangal,ZONE,Kadipikonda
Allahabad,Allahabad,ZONE,Misirpur
Lucknow,Ashiyana,ZONE,R G C Mill
Guntur,Guntur,ZONE,Chandole
North Goa,North Goa,ZONE,Calvim
North Goa,North Goa,ZONE,Camurlim
North Goa,North Goa,ZONE,Agarwada
Lucknow,Hazratganj,ZONE,Rahimabad
Erode,Erode,ZONE,Thuckanaickenpalayam
Salem,Salem,ZONE,Kavarpanai
Salem,Salem,ZONE,Maniyaragundam
Chennai,Chennai South East 1,ZONE,Kasturba Nagar
San Juan,San Juan Region,ZONE,Mandaluyong City
Thrissur,Thrissur,ZONE,Anchery
Warangal,Warangal,ZONE,Gajulagattu
Warangal,Warangal,ZONE,Shamirpet
Agra,Taj Ganj,ZONE,Holiday In.
Allahabad,Allahabad,ZONE,Pathra
Guntur,Guntur,ZONE,Narasayapalem
Salem,Salem,ZONE,Odayapatti
Hooghly,Hooghly,ZONE,Bhonpur
Erode,Erode,ZONE,Perode
Guntur,Guntur,ZONE,Andugula Kothapalem
Karur,Karur,ZONE,Varikkapatti
Karur,Karur,ZONE,Tirukkampuliyur
Kolkata,Dum dum,ZONE,Bakery Road
North 24 Parganas,North 24 Parganas,ZONE,Bhurkunda
Hyderabad,Kachiguda,ZONE,Gunfoundry
Hyderabad,Himayat nagar,ZONE,RTC X Road
Hyderabad,Punjagutta,ZONE,Yellareddyguda
Ahmedabad,Naranpura,ZONE,Vadaj
Vadodara,Raopura,ZONE,Prathampura
Erode,Erode,ZONE,Karungalpalayam
Nashik,Nashik Road,ZONE,Sane Guruji Nagar
North 24 Parganas,North 24 Parganas,ZONE,Michealnagar
Ludhiana,Ludhiana Zone 2,ZONE,New Sham Nagar
North 24 Parganas,North 24 Parganas,ZONE,Pakka Polarhat
Amritsar,Amritsar,ZONE,Ghagar Bhana
Kozhikode,Kozhikode,ZONE,Vellalasseri
Thiruvananthapuram,Thiruvananthapuram,ZONE,Uchakada
Salem,Salem,ZONE,Ariyampalayam
Salem,Salem,ZONE,Mullur
Thrissur,Thrissur,ZONE,Kajirakode
Aurangabad,Aurangabad,ZONE,Bhokardan
Tirunelveli,Tirunelveli,ZONE,Cheranmahadevi R.S
Puducherry,Puducherry,ZONE,Courivinatham
São Paulo,Jabaquara,ZONE,Jardim Aeroporto
Delhi,Nehru place,ZONE,Kalindi Kunj
Jaipur,Malviya Nagar,ZONE,Rajasthan Patrika
Erode,Erode,ZONE,Erode East
Salem,Salem,ZONE,Poolampatti
Salem,Salem,ZONE,Erakondampatti
Chittoor,Chittoor,ZONE,Gudlanayanipalle
Amritsar,Amritsar,ZONE,Chhina Bidhi Chand
Kozhikode,Kozhikode,ZONE,Kuttoth
Thiruvananthapuram,Thiruvananthapuram,ZONE,Vilayilmoola
Tiruchirappalli,Tiruchirappalli,ZONE,Kambarasampettai
Tirunelveli,Tirunelveli,ZONE,Kodiyankulam
Chittoor,Chittoor,ZONE,Gurramkonda
Chittoor,Chittoor,ZONE,Arimanipenta
Allahabad,Allahabad,ZONE,Maharchha
Hooghly,Hooghly,ZONE,Polba
North 24 Parganas,North 24 Parganas,ZONE,Banshtala
Mumbai,Andheri east,ZONE,Marol
Bangalore,Koramangala,ZONE,Viveknagar
Nellore,Nellore,ZONE,Chintapudi
São Paulo,Bela Vista,ZONE,Brooklin Novo
Chandigarh,Sector 20,ZONE,Hallomajra
Tirunelveli,Tirunelveli,ZONE,Periyur
Chittoor,Chittoor,ZONE,Tirumala
Tirunelveli,Tirunelveli,ZONE,Vadamalapuram
Allahabad,Allahabad,ZONE,Manda
Chittoor,Chittoor,ZONE,Chavarambakam
Aurangabad (BH),Aurangabad (BH),ZONE,Jagatpur
Kanpur,Kakadeo,ZONE,Naramau
Bilaspur,Bilaspur,ZONE,Sakri
Amritsar,Amritsar,ZONE,Brar
Kakinada,Kakinada,ZONE,Chollangipeta
Karur,Karur,ZONE,Periyathirumangalam
Tangerang,Tangerang,ZONE,Suka Nagara
Mysore,Mysore,ZONE,Ravandur
Nashik,Mumbai Naka,ZONE,Rajiv Nagar
Hooghly,Hooghly,ZONE,Beloon
Quezon City,Quezon Region,ZONE,Pasong Putik Proper
Greater Noida,Greater Noida,ZONE,Delta III
Thiruvananthapuram,Thiruvananthapuram,ZONE,Elakamon-kizhakkepuram
Nellore,Nellore,ZONE,Chavali
Nellore,Nellore,ZONE,Timmayapalem
Salem,Salem,ZONE,Teppakuttai
Salem,Salem,ZONE,Manjakkalpatti
Aurangabad,Aurangabad,ZONE,Paithan
Tiruchirappalli,Tiruchirappalli,ZONE,Bheemanagar
Warangal,Warangal,ZONE,Ayyagaripalli
Bangalore,Yeshwantpur,ZONE,Abbigere
Mysore,Mysore,ZONE,Bogadi
Kannur,Kannur,ZONE,Mandalam
Allahabad,Allahabad,ZONE,Allahabad Chowk
Thrissur,Thrissur,ZONE,Kottai
Guntur,Guntur,ZONE,Bayyavaram
Indore,Palasia,ZONE,Indore Tukoganj
Lucknow,Hazratganj,ZONE,Thawar
Bhubaneswar,Bhubaneswar,ZONE,Osap Campus
Guntur,Guntur,ZONE,Sakhamuru
Karur,Karur,ZONE,Minnampalli
Tangerang,Tangerang,ZONE,Kemiri
Tangerang,Tangerang,ZONE,Kosambi Dalam
Hooghly,Hooghly,ZONE,Dankuni
Puducherry,Puducherry,ZONE,Gandhi Nagar
Hyderabad,Kachiguda,ZONE,Abids
Ernakulam,Kakkanad,ZONE,Thekkumbhagom
Indore,Old Indore,ZONE,Banganga
North 24 Parganas,North 24 Parganas,ZONE,Kothabari
San Juan,San Juan Region,ZONE,Muzon
Bangalore,JP Nagar,ZONE,Gottigerre
Chennai,Chennai Central,ZONE,Vepery
Warangal,Warangal,ZONE,Rudragudem
Chittoor,Chittoor,ZONE,Reddivaripalle
Chittoor,Chittoor,ZONE,Sodam
Kanpur,Swaroop Nagar,ZONE,Kheora
Chittoor,Chittoor,ZONE,Kannavaram
Chittoor,Chittoor,ZONE,Thorur
North Goa,North Goa,ZONE,Ozari
Madurai,Madurai,ZONE,Tiruvedagam
Jakarta,Kelapa Gading,ZONE,Semper Timur
North 24 Parganas,North 24 Parganas,ZONE,Gorifa
Ahmedabad,Satellite,ZONE,Shyamal
Noida,Sector 71,ZONE,Sector 120
Thiruvananthapuram,Thiruvananthapuram,ZONE,Parasuvaickal
Nellore,Nellore,ZONE,Pothegunta
Nagpur,Wardhaman Nagar,ZONE,Gandhibagh
Pune,Kothrud,ZONE,Bajirao Road
Tirunelveli,Tirunelveli,ZONE,Kadayanallur
Aurangabad (BH),Aurangabad (BH),ZONE,Sandya
Guntur,Guntur,ZONE,Chinagadelavarru
Guntur,Guntur,ZONE,Mulpuru
Amritsar,Amritsar,ZONE,Dibbi Pura
Hooghly,Hooghly,ZONE,Champadanga
Amritsar,Amritsar,ZONE,Mahaneke Jandh
Amritsar,Amritsar,ZONE,Patti Kty
Erode,Erode,ZONE,Mettupalayam
Guntur,Guntur,ZONE,Medikonduru
Guntur,Guntur,ZONE,Kunchavaram
Erode,Erode,ZONE,Seenapuram
Nellore,Nellore,ZONE,Vindur
Salem,Salem,ZONE,Thathiengarpatti
Tangerang,Tangerang,ZONE,Pondok Pucung
Faridabad,Faridabad,ZONE,Sector 49
Aurangabad,Aurangabad,ZONE,Jaswantpura
Hooghly,Hooghly,ZONE,Serampore
Kolkata,Bhowanipore,ZONE,Ballygunge Sc College
Manila,Manila Region,ZONE,Santa Cruz
North 24 Parganas,North 24 Parganas,ZONE,Sahebkhali
Gurgaon,Badsharpur,ZONE,Gurgaon Sector 71
Ahmedabad,Satellite,ZONE,Ghuma
Gurgaon,Manesar,ZONE,Narhera
Salem,Salem,ZONE,E.Pethampatti
Kozhikode,Kozhikode,ZONE,Muchukunnu
Bhopal,South Bhopal,ZONE,Bangrasia
Tirunelveli,Tirunelveli,ZONE,Kasthurirengapuram
Bangalore,Yelahanka,ZONE,Avalahalli
Bhopal,Old Bhopal,ZONE,Kuthar
Salem,Salem,ZONE,Nagalur
Warangal,Warangal,ZONE,Aanole
Warangal,Warangal,ZONE,Punnel
Chittoor,Chittoor,ZONE,Maddinayanipalle
Guwahati,Guwahati,ZONE,Assam Sachivalaya
Allahabad,Allahabad,ZONE,Mendewa
Tirunelveli,Tirunelveli,ZONE,Chatrapatti
Chittoor,Chittoor,ZONE,Nalagampalle
Amritsar,Amritsar,ZONE,NRL Workshop
Warangal,Warangal,ZONE,Mungimadugu
Allahabad,Allahabad,ZONE,Kheraht Khurd
Hooghly,Hooghly,ZONE,Satberia
Chittoor,Chittoor,ZONE,R.T.C.Bus Stand
Erode,Erode,ZONE,Pothiapalayam
Nellore,Nellore,ZONE,Anumasamudrampeta
Hooghly,Hooghly,ZONE,Maigram
Makati,Makati Region,ZONE,San Isidro
Delhi,Dwarka,ZONE,Dwarka Sector 8
Guntur,Guntur,ZONE,Karumuru
Nellore,Nellore,ZONE,Doravarisatram
Nashik,Gangapur Road,ZONE,Satpur Colony
Mumbai,Borivali,ZONE,Link Road
Gurgaon,Sector10,ZONE,Gurgaon Sector 4
Anantapur,Anantapur,ZONE,Tapovanam
Faridabad,Faridabad,ZONE,Old Sher Shah Suri Road
Faridabad,Faridabad,ZONE,Old Chungi
Ranchi,Ranchi,ZONE,Karkara
Ranchi,Ranchi,ZONE,Mandar
Mangalore,Mangalore,ZONE,Sampige
Mysore,Mysore,ZONE,Moleyur
Mysore,Mysore,ZONE,Devalapura
Kannur,Kannur,ZONE,Kadachira
Kottayam,Kottayam,ZONE,Vazhoor East
Kottayam,Kottayam,ZONE,Kizhaparayar
Kottayam,Kottayam,ZONE,Poovarani
Nellore,Nellore,ZONE,Manchalapalli
Nellore,Nellore,ZONE,Gulimcherla
Tirunelveli,Tirunelveli,ZONE,Arugankulam
Bilaspur,Bilaspur,ZONE,Lormi
Delhi,Pitampura,ZONE,Badli
Nellore,Nellore,ZONE,Nidiguntapalem
Tiruchirappalli,Tiruchirappalli,ZONE,Edumalai
Tirunelveli,Tirunelveli,ZONE,Kallikulam
Tirunelveli,Tirunelveli,ZONE,Padalaiyarkulam
Bangalore,Yeshwantpur,ZONE,Peenya
Warangal,Warangal,ZONE,Taharapur
Amritsar,Amritsar,ZONE,Sidhar Rajputan
Guntur,Guntur,ZONE,Turumella
Nellore,Nellore,ZONE,Ayyavaripalem
Lucknow,Indranagar,ZONE,Sector-d Indiranagar
Amritsar,Amritsar,ZONE,Dhand
Hooghly,Hooghly,ZONE,Chinsurah RS
Hooghly,Hooghly,ZONE,Dhaniakhali
Coimbatore,Sai Baba Colony,ZONE,Thondamuthur
Erode,Erode,ZONE,Veerappanchatram
Tangerang,Tangerang,ZONE,Kedaung Wetan
Faridabad,Faridabad,ZONE,Green Field Colony
Hooghly,Hooghly,ZONE,Jharia
Ranchi,Ranchi,ZONE,Jargo
Mysore,Mysore,ZONE,Jayapura
Mysore,Mysore,ZONE,University Campus
Thrissur,Thrissur,ZONE,Toyakkavu
Thrissur,Thrissur,ZONE,Ollukkara
Nellore,Nellore,ZONE,Punnepalli
Aurangabad,Aurangabad,ZONE,Apegaon
Mysore,Mysore,ZONE,Kirugunda
Mysore,Mysore,ZONE,Kailasapura
Mysore,Mysore,ZONE,Hiriyur
Warangal,Warangal,ZONE,Ladnoor
Bangalore,Electronics City,ZONE,Hulimangala
Indore,Palasia,ZONE,Indore Uchchanyayalay
Tiruchirappalli,Tiruchirappalli,ZONE,Tiruchirappalli Fort
Bhubaneswar,Bhubaneswar,ZONE,Pahal
Dantewada,Dantewada,ZONE,Masenar
Guntur,Guntur,ZONE,Atmakuru
Lucknow,Ashiyana,ZONE,Kusmaura
Amritsar,Amritsar,ZONE,Goindwal
Jaipur,Raja Park,ZONE,Deogaon
Karur,Karur,ZONE,Kuppam
Madurai,Madurai,ZONE,Surapatti
Madurai,Madurai,ZONE,Appakarai
Tangerang,Tangerang,ZONE,Uwung Jaya
Tangerang,Tangerang,ZONE,Cipondoh
Hooghly,Hooghly,ZONE,Bhitasin
North 24 Parganas,North 24 Parganas,ZONE,Adikashimpur
North 24 Parganas,North 24 Parganas,ZONE,Aharampur
Kottayam,Kottayam,ZONE,Mammoodu
Puducherry,Puducherry,ZONE,Kathirkamam
Lucknow,Hazratganj,ZONE,Hazratganj
Guntur,Guntur,ZONE,Srungarapuram
Erode,Erode,ZONE,Chennampatti
Erode,Erode,ZONE,Veeranampalayam
Erode,Erode,ZONE,Panayampalli
Erode,Erode,ZONE,Pethikuttai
South Tangerang,South Tangerang,ZONE,Serpong
Tangerang,Tangerang,ZONE,Solear
North 24 Parganas,North 24 Parganas,ZONE,Kumarzole
North 24 Parganas,North 24 Parganas,ZONE,Madia
Taguig,Taguig Region,ZONE,Kapitolyo
Hyderabad,Sanath nagar,ZONE,Cherukupally Colony
Gurgaon,Sector10,ZONE,Gurgaon Sector 5
Panchkula,Panchkula,ZONE,Nanakpur
Ranchi,Ranchi,ZONE,Ratu
Mysore,Mysore,ZONE,Siddapura
Mangalore,Mangalore,ZONE,Ullal
Kannur,Kannur,ZONE,Alakode
Kottayam,Kottayam,ZONE,Anakkal
Kottayam,Kottayam,ZONE,Ponkunnam
Aurangabad,Aurangabad,ZONE,Kalimath
Tirunelveli,Tirunelveli,ZONE,Mundradaippu
Agra,Taj Ganj,ZONE,G. L. Emporiaumi
Guntur,Guntur,ZONE,Bhattiprolu
Guntur,Guntur,ZONE,Vinayasramam
Amritsar,Amritsar,ZONE,Sohawa
Karur,Karur,ZONE,Kunnagoundanpatti
Karur,Karur,ZONE,Singampatti
Nellore,Nellore,ZONE,Boyil Cheruvupalli
Salem,Salem,ZONE,Dalavaipatti
North 24 Parganas,North 24 Parganas,ZONE,Ichapur Rifle Factory
Mumbai,Goregaon,ZONE,Goregaon West
Delhi,Rohini,ZONE,Rohini West
Surat,Katragam,ZONE,Laldarwaja
Ranchi,Ranchi,ZONE,Tilmi
Mysore,Mysore,ZONE,Karya
Mysore,Mysore,ZONE,Sinduvalli
North Goa,North Goa,ZONE,Birondam
Kannur,Kannur,ZONE,Chovva
Nellore,Nellore,ZONE,Phase-Ii
Bhubaneswar,Bhubaneswar,ZONE,Satyabhamapur
Jaipur,Malviya Nagar,ZONE,Sanganer Bazar
Tiruchirappalli,Tiruchirappalli,ZONE,Kulumani
Bangalore,JP Nagar,ZONE,Bannerghatta Road
Aurangabad,Aurangabad,ZONE,Kachner
Aurangabad,Aurangabad,ZONE,Bhendala
Nagpur,Ramdaspeth,ZONE,Amravati Road
Nagpur,Dhantoli,ZONE,Mhalginagar
Allahabad,Allahabad,ZONE,Chaka
Thiruvananthapuram,Thiruvananthapuram,ZONE,Irinchayam
Chittoor,Chittoor,ZONE,Peddamallela
Dantewada,Dantewada,ZONE,Potali
Dantewada,Dantewada,ZONE,Teknar
Kottayam,Kottayam,ZONE,Melampara
Thiruvananthapuram,Thiruvananthapuram,ZONE,Mariyapuram
Nellore,Nellore,ZONE,Jogipalli
Tiruchirappalli,Tiruchirappalli,ZONE,Marungapuri
Tiruchirappalli,Tiruchirappalli,ZONE,Thanneerpallam
Warangal,Warangal,ZONE,Parvathagiri
Chittoor,Chittoor,ZONE,Maddipatlavandlapalle
Aurangabad (BH),Aurangabad (BH),ZONE,Banua
Kakinada,Kakinada,ZONE,M S N Charties
Noida,Sector 18,ZONE,Sector 27
North Goa,North Goa,ZONE,Alto-porvorim
Warangal,Warangal,ZONE,Govindapur
Tirunelveli,Tirunelveli,ZONE,Pattakurichi
Allahabad,Allahabad,ZONE,Balraj Nagar
Chittoor,Chittoor,ZONE,Ragimanipenta
Bilaspur,Bilaspur,ZONE,Fulwari
Amritsar,Amritsar,ZONE,Majitha
Erode,Erode,ZONE,Mukasi Hanumanpalli
Erode,Erode,ZONE,Veerajimangalam
Bhubaneswar,Bhubaneswar,ZONE,Majhihara
Warangal,Warangal,ZONE,Parlapalli
Erode,Erode,ZONE,Olalakoil
Madurai,Madurai,ZONE,South Veli St At Mattuthavani
Jaipur,Raja Park,ZONE,Ramganj Bazar
Chennai,Chennai South 2,ZONE,CIT Nagar
Guntur,Guntur,ZONE,Chinakancherla
Karur,Karur,ZONE,Kovakulam
Jakarta,Cempaka Putih/Kemayoran/Menteng/Tanah abang,ZONE,Bendungan Hilir
Ludhiana,Ludhiana Zone 2,ZONE,Central Town
Salem,Salem,ZONE,Veppampoondi
North 24 Parganas,North 24 Parganas,ZONE,Dharampukuria
Hyderabad,Sanath nagar,ZONE,Sanath Nagar
Madurai,Madurai,ZONE,Sithireddipatti
Jakarta,Kebon Jeruk/Tomang/Slipi,ZONE,Roa Malaka
Jakarta,Setiabudi/Tebet/Kuningan,ZONE,Manggarai Selatan
Tangerang,Tangerang,ZONE,Ranca Labuh
Kolkata,Bhowanipore,ZONE,Alipore Dist Board
Mohali,Mohali,ZONE,Sector-54
Chittoor,Chittoor,ZONE,Kattmanchi
Jakarta,Mangga Besar/Mangga Dua,ZONE,Taman Sari
Chittoor,Chittoor,ZONE,Merlapaka
Delhi,Malviya nagar,ZONE,Safdarjung Development Area
Delhi,Lajpat nagar,ZONE,Khan Market
Singapore,Jurong East,ZONE,Lakeside
Ranchi,Ranchi,ZONE,Chokahatu
Mysore,Mysore,ZONE,Keelanapura
Mysore,Mysore,ZONE,Chandrawadi
Ernakulam,Tripunithura,ZONE,Pulinthanam
Ernakulam,Kakkanad,ZONE,Marampally
Mangalore,Mangalore,ZONE,Yekkar
Ernakulam,Kakkanad,ZONE,Thuravumkara
Thiruvananthapuram,Thiruvananthapuram,ZONE,Mudakkal
Aurangabad,Aurangabad,ZONE,Hiradpuri
Warangal,Warangal,ZONE,R E College
Thiruvananthapuram,Thiruvananthapuram,ZONE,Anavoor
Allahabad,Allahabad,ZONE,Balapur
Allahabad,Allahabad,ZONE,Bari
Patna,Raja Bazar,ZONE,Ankuri
Chittoor,Chittoor,ZONE,Agraharam
Bhopal,Central Bhopal,ZONE,Raj Bhavan Governor House
Indore,Palasia,ZONE,Bicholi Mardana
Tiruchirappalli,Tiruchirappalli,ZONE,Kovandakurichi
Amritsar,Amritsar,ZONE,Gagrewal
Bhubaneswar,Bhubaneswar,ZONE,Kharavela Nagar
Tiruchirappalli,Tiruchirappalli,ZONE,Reddiapatti
Salem,Salem,ZONE,Pullagoundampatti
Nellore,Nellore,ZONE,Kothapalem
Tiruchirappalli,Tiruchirappalli,ZONE,Fathimanagar
Tiruchirappalli,Tiruchirappalli,ZONE,Ranjithapuram
Tirunelveli,Tirunelveli,ZONE,Palavoor
Tirunelveli,Tirunelveli,ZONE,Pushpavanam
Kozhikode,Kozhikode,ZONE,Calicut Collectorate
Thiruvananthapuram,Thiruvananthapuram,ZONE,Arayur
Thrissur,Thrissur,ZONE,Padinjare Vemballur
Warangal,Warangal,ZONE,Nagaram
Kanpur,Kakadeo,ZONE,Kalyanpur
Bilaspur,Bilaspur,ZONE,Ujwal Nagar
Meerut,Sadar Bazaar,ZONE,Partapur
Allahabad,Allahabad,ZONE,Kanethi
Patna,Raja Bazar,ZONE,Khagaul Bazar
Dantewada,Dantewada,ZONE,Pondoom
Kanpur,Kidwai Nagar,ZONE,Chauki Jarib
Mohali,Mohali,ZONE,Manakpur Sharif
Jaipur,Vaishali Nagar,ZONE,Bhankrota
Aurangabad (BH),Aurangabad (BH),ZONE,Mahsu
Kozhikode,Kozhikode,ZONE,Kuningad
Thiruvananthapuram,Thiruvananthapuram,ZONE,Tv Thampanoor
Erode,Erode,ZONE,Irumborai
Nellore,Nellore,ZONE,Gowravaram
Madurai,Madurai,ZONE,Arukkampatti
Chittoor,Chittoor,ZONE,Brahmanapattu
North 24 Parganas,North 24 Parganas,ZONE,Madhyamgram Bazar
Pune,Vishrantwadi,ZONE,Mundhwa
Pune,Bibvewadi,ZONE,Camp
Bangalore,Banaswadi,ZONE,Kasturi nagar
Warangal,Warangal,ZONE,Peddakorpole
Chittoor,Chittoor,ZONE,Pissatur
Makati,Makati Region,ZONE,Kasilawan
Delhi,South extension,ZONE,Anand Lok
Vadodara,Waghodia Road,ZONE,Nimetha
Guntur,Guntur,ZONE,Muthayapalem
Guntur,Guntur,ZONE,Mamillapalli
Guntur,Guntur,ZONE,Korutadiparru
Karur,Karur,ZONE,Kulittalai Bazaar
Jakarta,Cempaka Putih/Kemayoran/Menteng/Tanah abang,ZONE,Utan Panjang
Guntur,Guntur,ZONE,Nehru Nagar
Delhi,Patparganj,ZONE,Vasundhra Enclave
São Paulo,Lapa,ZONE,Jaguare
North 24 Parganas,North 24 Parganas,ZONE,Bhanderkhali
North 24 Parganas,North 24 Parganas,ZONE,Dharamberia
Las Pinas,Las Pinas Region,ZONE,Talon Kuatro
Bangalore,Yelahanka,ZONE,TATA Nagar
Nellore,Nellore,ZONE,Buradagalikothapalem
Salem,Salem,ZONE,Morasapatti
North 24 Parganas,North 24 Parganas,ZONE,Bakra Dabar
Faridabad,Faridabad,ZONE,Bhiduki
Ranchi,Ranchi,ZONE,Chutupalu
Ahmedabad,Saraspur,ZONE,Saijpur
Mohali,Mohali,ZONE,Phase 10
South Goa,South Goa,ZONE,Bandora
Hooghly,Hooghly,ZONE,Jamgram
Hooghly,Hooghly,ZONE,Hoera
Erode,Erode,ZONE,Mulayampoondi
Nellore,Nellore,ZONE,Purini
Madurai,Madurai,ZONE,Kochadai
Guntur,Guntur,ZONE,Chirravuru
Ghaziabad,Rajendra Nagar,ZONE,Mohan Nagar
Jakarta,PuloGadung/Duren Sawit,ZONE,Makasar
Bhopal,South Bhopal,ZONE,Gulmohar Colony
Kannur,Kannur,ZONE,Thazhe Chovva
Ranchi,Ranchi,ZONE,Halhu
Kannur,Kannur,ZONE,Chithapilapoyil
Kannur,Kannur,ZONE,Kadannapally
Madurai,Madurai,ZONE,Vowalthottam
Tangerang,Tangerang,ZONE,Jeung Jing
Nashik,Panchavati,ZONE,Ramkrishna Nagar
Nashik,Nashik Road,ZONE,Nashik Road Camp
Bhubaneswar,Bhubaneswar,ZONE,Sainik School
Faridabad,Faridabad,ZONE,Sector 12
Kannur,Kannur,ZONE,Mathil
Kannur,Kannur,ZONE,Nhekly
Kottayam,Kottayam,ZONE,Mukkada
Warangal,Warangal,ZONE,Neerada
Kozhikode,Kozhikode,ZONE,Kadiyangad
Hyderabad,Bolarum,ZONE,Alwal
Faridabad,Faridabad,ZONE,Gonchhi
São Paulo,Lapa,ZONE,Vila Ipojuca
Thiruvananthapuram,Thiruvananthapuram,ZONE,Kodithookiyakunnu
Thiruvananthapuram,Thiruvananthapuram,ZONE,Pullayil
Thrissur,Thrissur,ZONE,Chentrappinni East
Thrissur,Thrissur,ZONE,Kalimbram
Thrissur,Thrissur,ZONE,Nemmini
Thrissur,Thrissur,ZONE,Kaipamangalam Beach
Warangal,Warangal,ZONE,Jangamvarigudem
Tirunelveli,Tirunelveli,ZONE,Radhapuram
Kozhikode,Kozhikode,ZONE,Mankavu
Thiruvananthapuram,Thiruvananthapuram,ZONE,Kottoor
Allahabad,Allahabad,ZONE,Newadhiya
Indore,Sapna Sangeeta,ZONE,Army Head Quarter
Mysore,Mysore,ZONE,Ramapura
Mysore,Mysore,ZONE,Hebbalu
Ernakulam,Tripunithura,ZONE,Kulayettikara
Indore,Vijaynagar,ZONE,Industrial Estate
Guntur,Guntur,ZONE,Duggirala
Hooghly,Hooghly,ZONE,Balaichak
Thrissur,Thrissur,ZONE,Inchamudy
Tiruchirappalli,Tiruchirappalli,ZONE,Gunasilam
Tirunelveli,Tirunelveli,ZONE,Tondar Bazar
Bangalore,Rajajinagar,ZONE,Rajajinagar
Chittoor,Chittoor,ZONE,Kalikiri Kothapalle
Tangerang,Tangerang,ZONE,Tegal Angus
Nellore,Nellore,ZONE,Ramanaidupalli
Ernakulam,Kakkanad,ZONE,Kuttampuzha
Kottayam,Kottayam,ZONE,Anikad
Kottayam,Kottayam,ZONE,Kumarakom
Kottayam,Kottayam,ZONE,Mannanam
Kolkata,Salt lake,ZONE,Tangra
Delhi,Rohini,ZONE,Rithala
Kottayam,Kottayam,ZONE,Meenadom
Vadodara,Alkapuri,ZONE,Racecourse
Kanpur,Kidwai Nagar,ZONE,S C Mills
Chittoor,Chittoor,ZONE,Vayalpad
Amritsar,Amritsar,ZONE,Basarke Gillan
Mohali,Mohali,ZONE,Sector- 82
Mysore,Mysore,ZONE,Karimuddanahalli
Kozhikode,Kozhikode,ZONE,Kayakodi
Thiruvananthapuram,Thiruvananthapuram,ZONE,TVM Fort
Aurangabad,Aurangabad,ZONE,Bharamba
Ernakulam,Kakkanad,ZONE,Pazhamthottam
Kannur,Kannur,ZONE,Munderi
Tirunelveli,Tirunelveli,ZONE,Bungalowsurandai
Aurangabad (BH),Aurangabad (BH),ZONE,Ghatrain
Hyderabad,Himayat nagar,ZONE,Gagan Mahal
Jakarta,PuloGadung/Duren Sawit,ZONE,Utan Kayu Selatan
Tangerang,Tangerang,ZONE,Pakuhaji
North 24 Parganas,North 24 Parganas,ZONE,Garulia
North 24 Parganas,North 24 Parganas,ZONE,Hadipur
Mumbai,Dadar,ZONE,Naigaon
Mumbai,Powai,ZONE,Powai
Kolkata,Central,ZONE,MG Road
Ludhiana,Ludhiana Zone 1,ZONE,Tagore Nagar
Ludhiana,Ludhiana Zone 2,ZONE,Aggar Nagar B block
Thrissur,Thrissur,ZONE,Kozhukully
Tirunelveli,Tirunelveli,ZONE,Nambinagar
Bangalore,JP Nagar,ZONE,Puttenahalli
Tirunelveli,Tirunelveli,ZONE,Nettur
Tirunelveli,Tirunelveli,ZONE,Rukmaniammalpuram
Chittoor,Chittoor,ZONE,Kallur
Chittoor,Chittoor,ZONE,Chinnakalikiri
Lucknow,Hazratganj,ZONE,R A College
Chittoor,Chittoor,ZONE,Venkatakrishnapalem
Guntur,Guntur,ZONE,Machayapalem
Amritsar,Amritsar,ZONE,Ibban Kalan
Ranchi,Ranchi,ZONE,Karra
Puducherry,Puducherry,ZONE,Kuyarvarpalayam
Mumbai,Fort area,ZONE,Cuffe Parade
Mysore,Mysore,ZONE,Bylakuppe
Mysore,Mysore,ZONE,Hebbathur
Mysore,Mysore,ZONE,Koppa
Nellore,Nellore,ZONE,Chinnakraka
Madurai,Madurai,ZONE,Silamalaipatti
Las Pinas,Las Pinas Region,ZONE,Talon Tres
Hyderabad,Kukatpally,ZONE,KPHB
Singapore,Geylang,ZONE,Tanjong Rhu
Meerut,Sadar Bazaar,ZONE,Rasulpur Rohta
Mohali,Mohali,ZONE,Phase- 11
Nellore,Nellore,ZONE,Momidi
Nellore,Nellore,ZONE,Raviguntapalem
Madurai,Madurai,ZONE,T.Krishnapuram
Salem,Salem,ZONE,Raman Nagar
North 24 Parganas,North 24 Parganas,ZONE,Bajitpur
North 24 Parganas,North 24 Parganas,ZONE,Barghorai
Anantapur,Anantapur,ZONE,Lepakshi
Chennai,Chennai North,ZONE,Ayanavaram
South Goa,South Goa,ZONE,Majorda
Amritsar,Amritsar,ZONE,Sathiala
Kottayam,Kottayam,ZONE,Nadackal
Thiruvananthapuram,Thiruvananthapuram,ZONE,Kollode
Nellore,Nellore,ZONE,Pernadu
Nashik,Gangapur Road,ZONE,Ashok Nagar
Warangal,Warangal,ZONE,Shayampet
Lucknow,Vikas Nagar,ZONE,Jankipuram sector 3
Salem,Salem,ZONE,Mettu Street
Faridabad,Faridabad,ZONE,N.I.F.M.
Tangerang,Tangerang,ZONE,Cikareo
Delhi,Lajpat nagar,ZONE,Lajpat Nagar III
Agra,Delhi Gate,ZONE,Delhi Gate
San Juan,San Juan Region,ZONE,Highway Hills
Las Pinas,Las Pinas Region,ZONE,Putatan
North 24 Parganas,North 24 Parganas,ZONE,Bangur Avenue
Mumbai,Kurla,ZONE,Kurla
Kozhikode,Kozhikode,ZONE,Ponnamkayam
Kozhikode,Kozhikode,ZONE,Thottumukkam
Aurangabad,Aurangabad,ZONE,Daulatabad
Nagpur,Wardhaman Nagar,ZONE,Godhni
Warangal,Warangal,ZONE,Etur
Tiruchirappalli,Tiruchirappalli,ZONE,T.Idayapatti
Delhi,Malviya nagar,ZONE,Yusuf Sarai
Delhi,Rohini,ZONE,Rohini East
Ludhiana,Ludhiana Zone 2,ZONE,Shaheed bhagat singh nagar
Guntur,Guntur,ZONE,Tikkireddyvaripalem
Salem,Salem,ZONE,Karungallur
Hooghly,Hooghly,ZONE,Magra
Aurangabad (BH),Aurangabad (BH),ZONE,Neyamatpur
Aurangabad (BH),Aurangabad (BH),ZONE,Amari
Lucknow,Hazratganj,ZONE,Amethia Salempur
Lucknow,Hazratganj,ZONE,Baragaon
Lucknow,Gomtinagar,ZONE,Batha Sabauli
Bilaspur,Bilaspur,ZONE,Son
Kozhikode,Kozhikode,ZONE,Velur West
Aurangabad,Aurangabad,ZONE,Ambhai
Visakhapatnam,Gajuwaka,ZONE,N A D
Tirunelveli,Tirunelveli,ZONE,Thidiyur
Vadodara,Vasna Road,ZONE,Gotri
East Khasi Hills,Shillong-East Khasi Hills,ZONE,Laitkor
Aurangabad (BH),Aurangabad (BH),ZONE,Dumari Belean
Allahabad,Allahabad,ZONE,Jagdishpur
Chittoor,Chittoor,ZONE,Pakala Kothakota
Aurangabad (BH),Aurangabad (BH),ZONE,Hardiachak
Bilaspur,Bilaspur,ZONE,Manoharpur
North 24 Parganas,North 24 Parganas,ZONE,Nabanagar
North 24 Parganas,North 24 Parganas,ZONE,Phazilpur
Nellore,Nellore,ZONE,Siddipuram
Agra,Taj Ganj,ZONE,Idgha Colony
Nellore,Nellore,ZONE,Tegacherla
Tiruchirappalli,Tiruchirappalli,ZONE,Pullambadi
Tiruchirappalli,Tiruchirappalli,ZONE,Murukkur
Bhubaneswar,Bhubaneswar,ZONE,Balakati
Patna,Raja Bazar,ZONE,Bhojpur
Patna,Raja Bazar,ZONE,Anisabad
Patna,Rajendra Nagar,ZONE,Dental College
Dantewada,Dantewada,ZONE,Kawadgaon
Warangal,Warangal,ZONE,Pathipalli
Chittoor,Chittoor,ZONE,Yegavuru
Lucknow,Aliganj,ZONE,Mahigawan
Delhi,Punjabi bagh,ZONE,Kirti Nagar
Meerut,Saket Ganganagar,ZONE,Baparsi
Karur,Karur,ZONE,Kadaparai
Madurai,Madurai,ZONE,Kottanathampatti
Madurai,Madurai,ZONE,Mathur
Madurai,Madurai,ZONE,Seelnayakanpatti
Mysore,Mysore,ZONE,Ganaganur
Ernakulam,Tripunithura,ZONE,Kizhakompu
Nagpur,Sadar,ZONE,KT Nagar
Hooghly,Hooghly,ZONE,Tantisal
Gurgaon,Manesar,ZONE,Gurgaon Sector 94
Singapore,Little India,ZONE,Jalan Besar
Visakhapatnam,Gajuwaka,ZONE,Duppulavada
East Khasi Hills,Shillong-East Khasi Hills,ZONE,Mawlyngngad
Mysore,Mysore,ZONE,Hosakote
Mysore,Mysore,ZONE,Bannimantap
Kannur,Kannur,ZONE,Sreekandapuram
Agra,Taj Ganj,ZONE,PRTC
Guntur,Guntur,ZONE,Endroy
North Goa,North Goa,ZONE,Poriem
Amritsar,Amritsar,ZONE,Dhade
Dantewada,Dantewada,ZONE,Chintagupha
Indore,Old Indore,ZONE,Indore DDU Nagar
Aurangabad,Aurangabad,ZONE,Bhivgaon
Thane,Thane Central,ZONE,Thane East
Mohali,Mohali,ZONE,Gharuan
Guntur,Guntur,ZONE,Kothapet
Jakarta,Cilandak/Pasar Minggu,ZONE,Gandaria Selatan
Tangerang,Tangerang,ZONE,Rawa Burung
Tangerang,Tangerang,ZONE,Talok
Lucknow,Ashiyana,ZONE,Ram Nagar
Bangalore,Marathahalli,ZONE,Balagere
Chennai,Chennai South West 2,ZONE,Rajakilpakkam
Hyderabad,Kukatpally,ZONE,BHEL
Hooghly,Hooghly,ZONE,Pindira
Ernakulam,Panampilly Nagar,ZONE,Panayappilly
Erode,Erode,ZONE,Nochipalayam
Erode,Erode,ZONE,Budapadi
Guntur,Guntur,ZONE,Pandrapadu
Madurai,Madurai,ZONE,Othakadai
Madurai,Madurai,ZONE,Vagaikulam
Madurai,Madurai,ZONE,T.Kokkulam
Kolkata,Santoshpur,ZONE,Santoshpur
Kolkata,Bhowanipore,ZONE,Sooterkin Street
Kolkata,Central,ZONE,Sugia Street
North 24 Parganas,North 24 Parganas,ZONE,Haripur
Mumbai,Kurla,ZONE,Sion East
Mumbai,Fort area,ZONE,DN Road
Aurangabad (BH),Aurangabad (BH),ZONE,Balia
Amritsar,Amritsar,ZONE,Bhai Ladhu
Meerut,Shastri Nagar,ZONE,Suraj Kund Road
Jamshedpur,Jamshedpur,ZONE,R.I.T
Ranchi,Ranchi,ZONE,Baburamdih
Ranchi,Ranchi,ZONE,Sundari
Mangalore,Mangalore,ZONE,Elathur
Mangalore,Mangalore,ZONE,Ganjimat
Panchkula,Panchkula,ZONE,Sector-5
Ranchi,Ranchi,ZONE,Anigara
Mangalore,Mangalore,ZONE,Kulai
Kannur,Kannur,ZONE,Charal
Kannur,Kannur,ZONE,Kottayam Malabar
Ernakulam,Panampilly Nagar,ZONE,Elamakkara
Erode,Erode,ZONE,Palakarai
Hooghly,Hooghly,ZONE,Ratanpur
Tangerang,Tangerang,ZONE,Jenggot
North 24 Parganas,North 24 Parganas,ZONE,Dighari
Aurangabad,Aurangabad,ZONE,Pundalik Nagar
North 24 Parganas,North 24 Parganas,ZONE,Rajendrapur
Hyderabad,Nallakunta,ZONE,Ram Nagar
Ahmedabad,Memnagar,ZONE,Nirnaynagar
Ernakulam,Panampilly Nagar,ZONE,Changampuzha Nagar
Ernakulam,Tripunithura,ZONE,Chottanikkara
Kannur,Kannur,ZONE,Chattuvapara
Kannur,Kannur,ZONE,Ezhilode
Erode,Erode,ZONE,Veeracholapuram
Kottayam,Kottayam,ZONE,Arpookara East
Nellore,Nellore,ZONE,Peddabbipuram
Nellore,Nellore,ZONE,Patha Bitragunta
Tangerang,Tangerang,ZONE,Sodong
Ahmedabad,Maninagar,ZONE,Kankaria?
Ernakulam,Panampilly Nagar,ZONE,Pallimukku
North 24 Parganas,North 24 Parganas,ZONE,Kulia
Mumbai,Kurla,ZONE,Kurla East
Kozhikode,Kozhikode,ZONE,Poolakkul
Nellore,Nellore,ZONE,Varikuntapadu
Pune,Vishrantwadi,ZONE,Bund Garden
Ernakulam,Tripunithura,ZONE,Kureekad
Ernakulam,Kakkanad,ZONE,Vettampara
Tirunelveli,Tirunelveli,ZONE,Puliyurkurichi
Bangalore,Rajajinagar,ZONE,Sunkadakatte
Tirunelveli,Tirunelveli,ZONE,Ukkirankottai
Agra,Agra City,ZONE,B.P Oilmill
Warangal,Warangal,ZONE,D H Suthoon
Chittoor,Chittoor,ZONE,Appinapalle
Vadodara,Waghodia Road,ZONE,Rasulabad
Jakarta,Setiabudi/Tebet/Kuningan,ZONE,Mampang Prapatan
Lucknow,Hazratganj,ZONE,Saadatganj
Aurangabad (BH),Aurangabad (BH),ZONE,Latta
Lucknow,Hazratganj,ZONE,Bharwara
Ernakulam,Kakkanad,ZONE,Pancode
Hyderabad,Trimulgherry,ZONE,Kushaiguda
Madurai,Madurai,ZONE,Jothimanickam
Salem,Salem,ZONE,Mookuthipalayam
North 24 Parganas,North 24 Parganas,ZONE,Lalkuthi
Mumbai,Malad,ZONE,Malad East
Mumbai,Ghatkopar,ZONE,Ghatkopar West
Vadodara,Alkapuri,ZONE,Ankodia
Mangalore,Mangalore,ZONE,Athikaribettu
Ernakulam,Panampilly Nagar,ZONE,Karukappilli
Mangalore,Mangalore,ZONE,Moodumarnad
Kottayam,Kottayam,ZONE,Malakunnam
Salem,Salem,ZONE,Banapuram
Tangerang,Tangerang,ZONE,Cipondoh Indah
North 24 Parganas,North 24 Parganas,ZONE,Takimamudpur
Faridabad,Faridabad,ZONE,Tilpat
Chandigarh,Sector 20,ZONE,Sector- 1
São Paulo,Morumbi,ZONE,Jardim Panorama (Zona Sul)
Ranchi,Ranchi,ZONE,Sona
Ernakulam,Kakkanad,ZONE,Malayidumthuruth
Kottayam,Kottayam,ZONE,Edakadathy
Mysore,Mysore,ZONE,Basaveshwara Block K R Nagar
Kozhikode,Kozhikode,ZONE,Iyyangode
Kozhikode,Kozhikode,ZONE,Thodannur
Thrissur,Thrissur,ZONE,Vazhani
Thrissur,Thrissur,ZONE,Wadakkancheri RS
Tiruchirappalli,Tiruchirappalli,ZONE,Thandalai
Bangalore,Whitefield,ZONE,Brookefield
Ludhiana,Ludhiana Zone 3,ZONE,Bharat Nagar
Nellore,Nellore,ZONE,Tallapalem
Salem,Salem,ZONE,Govindampalayam
Tangerang,Tangerang,ZONE,Gembor
Tangerang,Tangerang,ZONE,Suka Manah
Kolkata,Santoshpur,ZONE,Brace Bridge
North 24 Parganas,North 24 Parganas,ZONE,Ghoshpara
North 24 Parganas,North 24 Parganas,ZONE,Ichapurabad
Jaipur,Raja Park,ZONE,Sethi Colony
Ludhiana,Ludhiana Zone 1,ZONE,Salem tabri
Hooghly,Hooghly,ZONE,Raghubati
Kannur,Kannur,ZONE,Chala East
Kozhikode,Kozhikode,ZONE,Neeleswaram
Kozhikode,Kozhikode,ZONE,Padanilam
Kozhikode,Kozhikode,ZONE,Velimanna
Thrissur,Thrissur,ZONE,Arthat
Aurangabad,Aurangabad,ZONE,Bajaj Nagar Midc Waluj
Warangal,Warangal,ZONE,Chelpak
Tirunelveli,Tirunelveli,ZONE,Thuppakudi
Tirunelveli,Tirunelveli,ZONE,Kadayanallur Pettai
Chittoor,Chittoor,ZONE,Garnimitta
Chennai,Chennai South 1,ZONE,Vadapalani
Erode,Erode,ZONE,Periavattam
Jakarta,Cempaka Putih/Kemayoran/Menteng/Tanah abang,ZONE,Petamburan
Bangalore,JP Nagar,ZONE,Doddakammanahalli
São Paulo,Lapa,ZONE,Jardim Bonfiglioli
Greater Noida,Greater Noida,ZONE,Alpha II
Ranchi,Ranchi,ZONE,Jaria
Ranchi,Ranchi,ZONE,Kota
Kannur,Kannur,ZONE,Edapuzha
Thrissur,Thrissur,ZONE,Nedupuzha
Nellore,Nellore,ZONE,Chabolu
Tiruchirappalli,Tiruchirappalli,ZONE,Silaipillaiyarputhur
Thrissur,Thrissur,ZONE,Edathuruthy
Thrissur,Thrissur,ZONE,Karanchira
Thrissur,Thrissur,ZONE,Nandipulam
Visakhapatnam,Gajuwaka,ZONE,Zinc Smelter P
Bangalore,Banashankari + RR Nagar,ZONE,Banashankari 3rd Stage
Bhubaneswar,Bhubaneswar,ZONE,Garidipanchana
Patna,Rajendra Nagar,ZONE,Kachi Dargah
Patna,Rajendra Nagar,ZONE,Gulzarbagh
Dantewada,Dantewada,ZONE,Jeerampal
Amritsar,Amritsar,ZONE,Madoke
Greater Noida,Greater Noida,ZONE,I.A. Surajpur
Erode,Erode,ZONE,Koduvoi
Chittoor,Chittoor,ZONE,Obulampalle
Lucknow,Aliganj,ZONE,Sarai Damu
Madurai,Madurai,ZONE,Madakkulam
South Tangerang,South Tangerang,ZONE,Ciater
North 24 Parganas,North 24 Parganas,ZONE,Laxmipul
Delhi,Rohini,ZONE,Rohini Sector 12
Erode,Erode,ZONE,Kandasamipalayam
Guntur,Guntur,ZONE,Lakkarajugarlapadu
Hooghly,Hooghly,ZONE,Baruipara
Quezon City,Quezon Region,ZONE,Balingasa
North 24 Parganas,North 24 Parganas,ZONE,Paikan
Delhi,Chanakyapuri,ZONE,Satya Niketan
North 24 Parganas,North 24 Parganas,ZONE,Panchpota
Ahmedabad,Naranpura,ZONE,Gandhi Ashram
Ranchi,Ranchi,ZONE,Hundur
Ranchi,Ranchi,ZONE,Ramkrishna Sanatorium
Ranchi,Ranchi,ZONE,Palu
Ernakulam,Kakkanad,ZONE,Kusumagiri
Kannur,Kannur,ZONE,Katalayi
Kottayam,Kottayam,ZONE,Meenachil
Kozhikode,Kozhikode,ZONE,Venappara
Thrissur,Thrissur,ZONE,Kizhur
Nellore,Nellore,ZONE,Talupur
Warangal,Warangal,ZONE,Narsampet
Tirunelveli,Tirunelveli,ZONE,Ilanji
Allahabad,Allahabad,ZONE,Handia
Thiruvananthapuram,Thiruvananthapuram,ZONE,Sasthamangalam
Nellore,Nellore,ZONE,Annareddypalem
Tiruchirappalli,Tiruchirappalli,ZONE,Poolancheri
Tiruchirappalli,Tiruchirappalli,ZONE,Thiruthalaiyur
Lucknow,Gomtinagar,ZONE,Industria Area Chinhat
Rajahmundry,Rajahmundry,ZONE,Danavaipeta
Pune,Hadapsar,ZONE,Phursungi
Tirunelveli,Tirunelveli,ZONE,Rajakkamangalam
Warangal,Warangal,ZONE,Laxmakkapalli
Warangal,Warangal,ZONE,Regula
Allahabad,Allahabad,ZONE,Basahi
Allahabad,Allahabad,ZONE,Kush Fara
Amritsar,Amritsar,ZONE,Dubli
North 24 Parganas,North 24 Parganas,ZONE,South Charalkhali
Puducherry,Puducherry,ZONE,Jaya Nagar
Makati,Makati Region,ZONE,Singkamas
Chittoor,Chittoor,ZONE,Surendranagaram
Erode,Erode,ZONE,SPB Colony
Hyderabad,Himayat nagar,ZONE,Gandhinagar
Hyderabad,Sanath nagar,ZONE,Jeedimetla
Singapore,Sengkang,ZONE,Seletar
Madurai,Madurai,ZONE,Kalpalam Road
Madurai,Madurai,ZONE,Mariammalkulam
Salem,Salem,ZONE,Atur
Salem,Salem,ZONE,Panamarathupatti
Amritsar,Amritsar,ZONE,Model Town
Manila,Manila Region,ZONE,Pasay City
Surat,Varaccha,ZONE,Nana Varachha
Ludhiana,Ludhiana Zone 3,ZONE,Bhattian
Kozhikode,Kozhikode,ZONE,Kakkancheri
Thiruvananthapuram,Thiruvananthapuram,ZONE,Ilamba
Thiruvananthapuram,Thiruvananthapuram,ZONE,Manjamala
Thrissur,Thrissur,ZONE,Peruvallur
Thrissur,Thrissur,ZONE,Kuruchikkara
Salem,Salem,ZONE,Shevapet Bazaar
Salem,Salem,ZONE,Thirumalagiri
Warangal,Warangal,ZONE,Ramanujpur
Bhopal,Old Bhopal,ZONE,Secretary M.P.Education Board
Aurangabad,Aurangabad,ZONE,Manur
Tirunelveli,Tirunelveli,ZONE,Devipattinam
Amritsar,Amritsar,ZONE,Nangli
Allahabad,Allahabad,ZONE,K G Marg
Allahabad,Allahabad,ZONE,S N Marg
Lucknow,Aliganj,ZONE,Kumharawan.
Meerut,Sadar Bazaar,ZONE,Samai Pur
Guntur,Guntur,ZONE,Elavarru
Meerut,Saket Ganganagar,ZONE,Boundary Road
Guntur,Guntur,ZONE,Penumudi
Guntur,Guntur,ZONE,Singupalem
Nellore,Nellore,ZONE,Narasimhapuram
North 24 Parganas,North 24 Parganas,ZONE,P/ Atapur
Quezon City,Quezon Region,ZONE,Masagana
Hooghly,Hooghly,ZONE,Purba Krishnapur
Hooghly,Hooghly,ZONE,Ektarpur
Hooghly,Hooghly,ZONE,Dumurdaha
Erode,Erode,ZONE,Nallampalayam
Erode,Erode,ZONE,Nathakattuvalasu
Erode,Erode,ZONE,Doddagajanur
Lucknow,Vikas Nagar,ZONE,Jankipuram sector 5
Nashik,Mumbai Naka,ZONE,Pawan Nagar
Kolkata,Salt lake,ZONE,Salt Lake
North 24 Parganas,North 24 Parganas,ZONE,Kodalia Agapur
Bilaspur,Bilaspur,ZONE,Uslapur
Ranchi,Ranchi,ZONE,Hotwar
Ranchi,Ranchi,ZONE,Argora
Mysore,Mysore,ZONE,Gopalapura
Ernakulam,Kakkanad,ZONE,Vennala
Kottayam,Kottayam,ZONE,Parathode
Kottayam,Kottayam,ZONE,Veliyannoor
Kozhikode,Kozhikode,ZONE,Kavilampara
Thiruvananthapuram,Thiruvananthapuram,ZONE,Karakulam
Chittoor,Chittoor,ZONE,Sangasamudram
Puducherry,Puducherry,ZONE,Veerampattinam
North Goa,North Goa,ZONE,Sirgao
Erode,Erode,ZONE,Kungarupalayam
Hyderabad,Begumpet,ZONE,MG Road
Jakarta,PuloGadung/Duren Sawit,ZONE,Kampung Melayu
Salem,Salem,ZONE,Kalleripatti
Lucknow,Aliganj,ZONE,Shaktinagar
North 24 Parganas,North 24 Parganas,ZONE,East Udayrajpur
Ludhiana,Ludhiana Zone 3,ZONE,Dashmesh nagar
Mysore,Mysore,ZONE,Kanahalli
Thiruvananthapuram,Thiruvananthapuram,ZONE,Mayam
Thrissur,Thrissur,ZONE,Kattilapoovam
Nagpur,Ramdaspeth,ZONE,Laxmi Nagar
Puducherry,Puducherry,ZONE,Abishegapakkam
Allahabad,Allahabad,ZONE,Tela
Thrissur,Thrissur,ZONE,Chakkumkandam
Thrissur,Thrissur,ZONE,Punnayur
Kozhikode,Kozhikode,ZONE,Tiruvannur Nada
Aurangabad,Aurangabad,ZONE,Padegaon
Aurangabad,Aurangabad,ZONE,Satara
Aurangabad,Aurangabad,ZONE,Dongaon
Aurangabad,Aurangabad,ZONE,Agarwadgaon
Nashik,Panchavati,ZONE,Madsangvi
Warangal,Warangal,ZONE,Edulapoosalapalli
Tirunelveli,Tirunelveli,ZONE,Muthumathanmonmozhi
Chandigarh,Sector 20,ZONE,Aerodrome
Chittoor,Chittoor,ZONE,Alapalle
Aurangabad (BH),Aurangabad (BH),ZONE,Khaira Rajpur
Bilaspur,Bilaspur,ZONE,Pali
Allahabad,Allahabad,ZONE,Bhelsi
Indore,Old Indore,ZONE,Commandant APTC
Guntur,Guntur,ZONE,Vetrayuni Appapuram
Amritsar,Amritsar,ZONE,Mastgarh
Amritsar,Amritsar,ZONE,Arjan Manga
Erode,Erode,ZONE,Pattakaranpalayam
Guntur,Guntur,ZONE,Vemuru
Erode,Erode,ZONE,Punjaithuraiyampalayam
Karur,Karur,ZONE,Karuppur
Nellore,Nellore,ZONE,Veerannakollu
Jakarta,Kebon Jeruk/Tomang/Slipi,ZONE,Pekojan
Jakarta,Cilandak/Pasar Minggu,ZONE,Pondok Labu
Salem,Salem,ZONE,Panaimadal
Nashik,Gangapur Road,ZONE,Tidke Colony
Lucknow,Gomtinagar,ZONE,Ismailganj
Guntur,Guntur,ZONE,Balemarru
Guntur,Guntur,ZONE,Adavuladivi
Hooghly,Hooghly,ZONE,Haripal
Guntur,Guntur,ZONE,Abbarajupalem
Erode,Erode,ZONE,Reddipalayam
Karur,Karur,ZONE,Kattalai
North 24 Parganas,North 24 Parganas,ZONE,Mondalpara
Kolkata,Central,ZONE,Reserve Bank Building
North 24 Parganas,North 24 Parganas,ZONE,Kholapota
Tirunelveli,Tirunelveli,ZONE,Sankarankovil
Aurangabad (BH),Aurangabad (BH),ZONE,Jaipur
Makati,Makati Region,ZONE,San Lorenzo
Nellore,Nellore,ZONE,Kakivoya
Karur,Karur,ZONE,Kavalkaranpatti
Jakarta,Setiabudi/Tebet/Kuningan,ZONE,Karet Kuningan
Lucknow,Gomtinagar,ZONE,Dalibagh Colony
Aurangabad,Aurangabad,ZONE,Kaiser Colony
North 24 Parganas,North 24 Parganas,ZONE,Bhasila
Delhi,Punjabi bagh,ZONE,Mangolpuri
Chittoor,Chittoor,ZONE,Vepurikota
Bilaspur,Bilaspur,ZONE,Gole Bazar Bilaspur
Chennai,Chennai Central,ZONE,Thirumangalam
Navi Mumbai,Nerul,ZONE,Kamothe
Mysore,Mysore,ZONE,Hedathale
Faridabad,Faridabad,ZONE,Palwal
Mohali,Mohali,ZONE,SAS Nagar
Puducherry,Puducherry,ZONE,Mouroungapakkam
Mangalore,Mangalore,ZONE,Derlakatte
Ernakulam,Kakkanad,ZONE,Karukadom
Kannur,Kannur,ZONE,Vattiamthode
Thiruvananthapuram,Thiruvananthapuram,ZONE,Pirappancode
Thrissur,Thrissur,ZONE,Edakkara
Salem,Salem,ZONE,Veerapandi
Salem,Salem,ZONE,Alathur
East Khasi Hills,Shillong-East Khasi Hills,ZONE,Myllat
Tirunelveli,Tirunelveli,ZONE,Melapattam
Warangal,Warangal,ZONE,Gutta
Kozhikode,Kozhikode,ZONE,Manipuram
Thiruvananthapuram,Thiruvananthapuram,ZONE,Vinobaniketan
Thrissur,Thrissur,ZONE,Pathazhakkad
Allahabad,Allahabad,ZONE,Bahraicha
Indore,Old Indore,ZONE,Juni Indore
Thane,Thane Central,ZONE,Thane West
Guntur,Guntur,ZONE,Kantamrajukonduru
Kanpur,Kidwai Nagar,ZONE,Barra
Chittoor,Chittoor,ZONE,Palasamudram
Guntur,Guntur,ZONE,Venugopalanagar Colony
Guntur,Guntur,ZONE,Cherlagudipadu
Lucknow,Ashiyana,ZONE,Nigohan
Guntur,Guntur,ZONE,Bhatluru
Mohali,Mohali,ZONE,Sihon Majra
Panchkula,Panchkula,ZONE,Bhadauli
Thiruvananthapuram,Thiruvananthapuram,ZONE,Plamootukada
Thrissur,Thrissur,ZONE,Erumapetty
Nellore,Nellore,ZONE,Nemalladinna
Nagpur,Dhantoli,ZONE,Narsala
Tiruchirappalli,Tiruchirappalli,ZONE,Thethur
Nashik,Gangapur Road,ZONE,Upendra Nagar
North 24 Parganas,North 24 Parganas,ZONE,Bairampur
North 24 Parganas,North 24 Parganas,ZONE,Bamangachi
Chennai,Chennai South 2,ZONE,Pondy Bazaar
Nashik,Panchavati,ZONE,MG Road
Hooghly,Hooghly,ZONE,Khamargachi
Tirunelveli,Tirunelveli,ZONE,Tippanampatti
Aurangabad (BH),Aurangabad (BH),ZONE,Barpa
Rajahmundry,Rajahmundry,ZONE,Industrial Estate
Thrissur,Thrissur,ZONE,Edassery
Nellore,Nellore,ZONE,Gangapatnam
Bhopal,Old Bhopal,ZONE,Barkhedi
Aurangabad,Aurangabad,ZONE,Kadethan
Ernakulam,Kakkanad,ZONE,Edathala North
Kozhikode,Kozhikode,ZONE,Kattippara
Kannur,Kannur,ZONE,Annur
Allahabad,Allahabad,ZONE,Umari
Allahabad,Allahabad,ZONE,Ashey Pur
Dantewada,Dantewada,ZONE,Gumyapal
Chittoor,Chittoor,ZONE,Ammapalem
Guntur,Guntur,ZONE,Chilakaluripet Bazar
Ernakulam,Kakkanad,ZONE,Thrikkakara
Lucknow,Hazratganj,ZONE,Begariamau
Lucknow,Ashiyana,ZONE,Bhilampur
Hooghly,Hooghly,ZONE,Senai
Warangal,Warangal,ZONE,Pothugal
Kannur,Kannur,ZONE,Naduvil
Tirunelveli,Tirunelveli,ZONE,Karisalkulam
Chittoor,Chittoor,ZONE,Chitticherla
Madurai,Madurai,ZONE,Appantiruppathi
Aurangabad (BH),Aurangabad (BH),ZONE,Manjurahi
Quezon City,Quezon Region,ZONE,Balintawak
Makati,Makati Region,ZONE,Bel-Air
Delhi,Rohini,ZONE,Rohini Sector 18
Chandigarh,Sector 36,ZONE,Sector 44
Gurgaon,Sector43,ZONE,Gurgaon Sector 43
Noida,Gejha,ZONE,Hoisiery Complex
Bilaspur,Bilaspur,ZONE,Bitkuli
Kottayam,Kottayam,ZONE,Rubber Board
Aurangabad,Aurangabad,ZONE,Bahirgaon
Agra,Taj Ganj,ZONE,I. A. F.
Allahabad,Allahabad,ZONE,Karchhana
Erode,Erode,ZONE,Sullipalayam
Karur,Karur,ZONE,Manathattai
Madurai,Madurai,ZONE,Alagarkoil
Jakarta,Kelapa Gading,ZONE,Semper Barat
Salem,Salem,ZONE,Kondappanaickenpatti
Kolkata,Tollygunge,ZONE,Garia
Kolkata,Tollygunge,ZONE,Haridevpur
Nellore,Nellore,ZONE,Krishnampalli
Warangal,Warangal,ZONE,Jhalli
Warangal,Warangal,ZONE,Rollakal
Allahabad,Allahabad,ZONE,Ulda
Delhi,Rohini,ZONE,Prashant Vihar
Delhi,Janakpuri,ZONE,Sagarpur
Guntur,Guntur,ZONE,Mandadi
Salem,Salem,ZONE,Suramangalam
Tiruchirappalli,Tiruchirappalli,ZONE,Jamal Mohamed College
Tiruchirappalli,Tiruchirappalli,ZONE,Manikandam
Tiruchirappalli,Tiruchirappalli,ZONE,Navalpattu
Warangal,Warangal,ZONE,Musmi
Tirunelveli,Tirunelveli,ZONE,Kizhavaneri
Tirunelveli,Tirunelveli,ZONE,Nakkaneri
Allahabad,Allahabad,ZONE,Allahabad New Cantt
Kozhikode,Kozhikode,ZONE,Manha Kadavu
Thiruvananthapuram,Thiruvananthapuram,ZONE,Neeramankadavuu
Kottayam,Kottayam,ZONE,Erattupetta
Aurangabad,Aurangabad,ZONE,Khodegaon
Pune,Vishrantwadi,ZONE,Nagar Road
Tirunelveli,Tirunelveli,ZONE,Nelkattumseval
Amritsar,Amritsar,ZONE,Khilchian
Thrissur,Thrissur,ZONE,Kuzhur
Tiruchirappalli,Tiruchirappalli,ZONE,Sillakkudi
Thrissur,Thrissur,ZONE,Kaliyarode
Indore,Vijaynagar,ZONE,Sanwer
Nellore,Nellore,ZONE,Thoorpupundla
Tirunelveli,Tirunelveli,ZONE,Puliyangudi Bazaar
Tirunelveli,Tirunelveli,ZONE,Kasimajorpuram
Aurangabad (BH),Aurangabad (BH),ZONE,Sakardiha
Lucknow,Ashiyana,ZONE,Distt. Jail
Delhi,Malviya nagar,ZONE,Ansari Nagar
Lucknow,Gomtinagar,ZONE,Laulai
Lucknow,Hazratganj,ZONE,Lucknow Chowk
Mohali,Mohali,ZONE,Chintgarh
Hooghly,Hooghly,ZONE,Duadanda
Jaipur,Sanganer,ZONE,Chainpura
Erode,Erode,ZONE,Puliampatti
Erode,Erode,ZONE,Germalam
Aurangabad (BH),Aurangabad (BH),ZONE,Deohara
Allahabad,Allahabad,ZONE,Gauspur
Rajahmundry,Rajahmundry,ZONE,Trunk Road Junction
Delhi,Nehru place,ZONE,Nehru Place
Guntur,Guntur,ZONE,Chinakakani
Erode,Erode,ZONE,Talavadi
Salem,Salem,ZONE,Vellalapatti
Chittoor,Chittoor,ZONE,Vengampalle
Warangal,Warangal,ZONE,Gunnepalli
Hooghly,Hooghly,ZONE,Maniktala Bazar
Agra,Kamla Nagar,ZONE,Vijayanagar Colony
Chandigarh,Sector 36,ZONE,Sector-15
Jakarta,Kebon Jeruk/Tomang/Slipi,ZONE,Grogol Petamburan
Chennai,Chennai South East 1,ZONE,Alwarpet
Salem,Salem,ZONE,Thumbipadi
North 24 Parganas,North 24 Parganas,ZONE,Bithari
Bilaspur,Bilaspur,ZONE,Piraiya
Ranchi,Ranchi,ZONE,Nagra
Ranchi,Ranchi,ZONE,Chandwa
Ahmedabad,Saraspur,ZONE,Shahibag
Ranchi,Ranchi,ZONE,Sarjomdih
Kannur,Kannur,ZONE,Kallikandy
Mysore,Mysore,ZONE,Kallur Naganahalli
Faridabad,Faridabad,ZONE,Sector 87
Kozhikode,Kozhikode,ZONE,Arikulam
Thrissur,Thrissur,ZONE,Kundukad
Thrissur,Thrissur,ZONE,Kurkancheri
Tirunelveli,Tirunelveli,ZONE,Vadukatchimadil
Allahabad,Allahabad,ZONE,Narainganj
Nellore,Nellore,ZONE,Balajinagar
East Khasi Hills,Shillong-East Khasi Hills,ZONE,Mawiong
Warangal,Warangal,ZONE,Brahmanpalli
Tirunelveli,Tirunelveli,ZONE,Soundarapandiapuram
Thiruvananthapuram,Thiruvananthapuram,ZONE,Veliyannur
Thrissur,Thrissur,ZONE,Karur
Dantewada,Dantewada,ZONE,Etepal
Bhopal,Old Bhopal,ZONE,S.I. Lines Shahajanabad
Aurangabad,Aurangabad,ZONE,Tunki
Aurangabad,Aurangabad,ZONE,Wanjargaon
Tiruchirappalli,Tiruchirappalli,ZONE,Kirambur
Guntur,Guntur,ZONE,Kakirala
Warangal,Warangal,ZONE,Neelkurthi
Chittoor,Chittoor,ZONE,Pillamadu
Tirunelveli,Tirunelveli,ZONE,Virasigamani
Amritsar,Amritsar,ZONE,Nawanpind
Amritsar,Amritsar,ZONE,Manawala Kalan
Ranchi,Ranchi,ZONE,Sannavilli
North Goa,North Goa,ZONE,Sanquelim
Guntur,Guntur,ZONE,Donepudi
Erode,Erode,ZONE,Guthialathur
Erode,Erode,ZONE,Kandikattuvalasu
Hooghly,Hooghly,ZONE,Mainan
Erode,Erode,ZONE,Punganthurai
Warangal,Warangal,ZONE,Gummadavalli
Kozhikode,Kozhikode,ZONE,Chevarambalam
Kozhikode,Kozhikode,ZONE,Makkada
Indore,Vijaynagar,ZONE,Lasudia
Chittoor,Chittoor,ZONE,Mamanduru
Chittoor,Chittoor,ZONE,S.V.Arts College
Tiruchirappalli,Tiruchirappalli,ZONE,Tiruchirappalli Townhall
Thane,Vasai,ZONE,Vasai West
Bhubaneswar,Bhubaneswar,ZONE,Budheswari Colony
Lucknow,Ashiyana,ZONE,Dayalpur
Lucknow,Ashiyana,ZONE,Mohanlalganj
Meerut,Sadar Bazaar,ZONE,Kanker Khera
Hooghly,Hooghly,ZONE,Saora
Hooghly,Hooghly,ZONE,Jangalapara
Chittoor,Chittoor,ZONE,Chittoor North
Erode,Erode,ZONE,Dalavaipettai
Erode,Erode,ZONE,Uppupalayam
Erode,Erode,ZONE,Ikkaraithathapalli
Allahabad,Allahabad,ZONE,Purwa Khas
Chandigarh,Sector 20,ZONE,Sector-10
Kanpur,Kakadeo,ZONE,Naveen Nagar
Manila,Manila Region,ZONE,Port Area
Kolkata,Tollygunge,ZONE,Pgh Shah Road
Lucknow,Ashiyana,ZONE,Sujanpura
Guntur,Guntur,ZONE,A F Station
Amritsar,Amritsar,ZONE,Gomanpura
North Goa,North Goa,ZONE,Bastora
Bilaspur,Bilaspur,ZONE,Sakarra
Meerut,Shastri Nagar,ZONE,Meerut University
Chittoor,Chittoor,ZONE,Vanadurgapurambo
Gurgaon,Sector43,ZONE,Gurgaon Sector 57
Vadodara,Raopura,ZONE,Industrial Estate
Vadodara,Raopura,ZONE,Makarpura
Faridabad,Faridabad,ZONE,Chhainsa
Nellore,Nellore,ZONE,Virur
Jakarta,Setiabudi/Tebet/Kuningan,ZONE,Duren Tiga
Jakarta,Setiabudi/Tebet/Kuningan,ZONE,Kalibata
Tangerang,Tangerang,ZONE,Kresek
Hooghly,Hooghly,ZONE,Serampore Court
Hooghly,Hooghly,ZONE,Narayanpur
Indore,Old Indore,ZONE,Rajwada
Guntur,Guntur,ZONE,Gandhi Chowk
Salem,Salem,ZONE,Pakkanadu
Hooghly,Hooghly,ZONE,Rosna
South Goa,South Goa,ZONE,Sigao
Singapore,Little India,ZONE,Little India
North Goa,North Goa,ZONE,Darbandora
Mysore,Mysore,ZONE,Muguru
Mysore,Mysore,ZONE,Thumbala
Nellore,Nellore,ZONE,Anemadugu
Erode,Erode,ZONE,Thingalur
Madurai,Madurai,ZONE,Arumbanur
Jakarta,Kramat Jati/Pasar Rebo,ZONE,Pasar Rebo
Kozhikode,Kozhikode,ZONE,Thachampoyil
Thiruvananthapuram,Thiruvananthapuram,ZONE,Poozhanad
Nellore,Nellore,ZONE,Lakshmipuram
Nellore,Nellore,ZONE,Kalichedu
Tiruchirappalli,Tiruchirappalli,ZONE,Maniyankurichi
Nashik,Panchavati,ZONE,Meri Colony
Warangal,Warangal,ZONE,Tatikayala
Tiruchirappalli,Tiruchirappalli,ZONE,Venkatachalapuram
Chittoor,Chittoor,ZONE,Madhavaram
Aurangabad (BH),Aurangabad (BH),ZONE,Dihuri Ekauni
Kakinada,Kakinada,ZONE,Suryaraopeta
Salem,Salem,ZONE,Olakkachinnanur
Salem,Salem,ZONE,Karuppureddiyur
Vadodara,Waghodia Road,ZONE,Waghodia
Quezon City,Quezon Region,ZONE,Paltok
Quezon City,Quezon Region,ZONE,San Jose
Quezon City,Quezon Region,ZONE,U.P. Village
Anantapur,Anantapur,ZONE,Tadipatri
Mohali,Mohali,ZONE,Sector 65
Salem,Salem,ZONE,Ulipuram
Coimbatore,Race Course,ZONE,Chinnavedampatti
Salem,Salem,ZONE,P.S.Padi
Guntur,Guntur,ZONE,Velpuru
Thiruvananthapuram,Thiruvananthapuram,ZONE,Ponganadu
Nellore,Nellore,ZONE,Bijjampalle
Aurangabad,Aurangabad,ZONE,Ektuni
Ernakulam,Kakkanad,ZONE,Elavoor
Aurangabad,Aurangabad,ZONE,Babra
Aurangabad,Aurangabad,ZONE,Ghatnanadra
Warangal,Warangal,ZONE,Dhulmitta
Warangal,Warangal,ZONE,Cherupalli
Kottayam,Kottayam,ZONE,Pallickachirakavala
Allahabad,Allahabad,ZONE,Bahadurgarh Arwasi
Allahabad,Allahabad,ZONE,Prem Nagar Chauraha
Tiruchirappalli,Tiruchirappalli,ZONE,Sathamangalam
Aurangabad,Aurangabad,ZONE,Ladgaon
Warangal,Warangal,ZONE,Azamnagar
Tiruchirappalli,Tiruchirappalli,ZONE,Salainagar
Mysore,Mysore,ZONE,Byadarahalli
Kolkata,Bhowanipore,ZONE,Lansdowne Market
Surat,Athawa,ZONE,Udhna
Ludhiana,Ludhiana Zone 1,ZONE,Tagore Nagar E-block
Bhubaneswar,Bhubaneswar,ZONE,Bhakarsahi
Amritsar,Amritsar,ZONE,Dulonangal
Dantewada,Dantewada,ZONE,Kodripal
Guntur,Guntur,ZONE,Anaparru
Erode,Erode,ZONE,Puduvadavalli
Kannur,Kannur,ZONE,Kiliyanthara
Tirunelveli,Tirunelveli,ZONE,Alkondarkulam
Warangal,Warangal,ZONE,Mungalveedu
Madurai,Madurai,ZONE,Villapuram
Guwahati,Guwahati,ZONE,Patharquerry
Chittoor,Chittoor,ZONE,Kalavagunta
Kanpur,Swaroop Nagar,ZONE,Dhankutti
Bilaspur,Bilaspur,ZONE,Aramsahi
Amritsar,Amritsar,ZONE,Makhi Kalan
São Paulo,Jabaquara,ZONE,Jabaquara
Ludhiana,Ludhiana Zone 3,ZONE,Feroz Gandhi Market
Visakhapatnam,MVP,ZONE,Madhurawada
Salem,Salem,ZONE,Idappadi Bazaar
East Khasi Hills,Shillong-East Khasi Hills,ZONE,Sumer
Ernakulam,Kakkanad,ZONE,Manjapra
Mysore,Mysore,ZONE,Periyapatna
Kannur,Kannur,ZONE,Varam
Kannur,Kannur,ZONE,Thuvakunnu
Aurangabad,Aurangabad,ZONE,Sidhanath Wadgaon
Aurangabad,Aurangabad,ZONE,Umarkheda
Nellore,Nellore,ZONE,Gundemadakala
Tirunelveli,Tirunelveli,ZONE,Kavaakurichi
Aurangabad (BH),Aurangabad (BH),ZONE,Khudwan
Chennai,Chennai South 2,ZONE,Teynampet
Chennai,Chennai Central East,ZONE,Pammal
Erode,Erode,ZONE,Olapalayam
Nellore,Nellore,ZONE,Kommaneturu
Salem,Salem,ZONE,K.Morur
Salem,Salem,ZONE,Pottipuram
Salem,Salem,ZONE,Alagapuram
Faridabad,Faridabad,ZONE,Sector 50
Hooghly,Hooghly,ZONE,Lakshmandur
Mohali,Mohali,ZONE,Sector- 77
Ahmedabad,Paldi,ZONE,Navrangpura
Hooghly,Hooghly,ZONE,Bachhanari
Jaipur,Vaishali Nagar,ZONE,Jaisinghpura
Hooghly,Hooghly,ZONE,Golta
Jaipur,Malviya Nagar,ZONE,Malviya Industrial Area
Guntur,Guntur,ZONE,Pasarlapadu
Erode,Erode,ZONE,Kurichi-kunnathur
Karur,Karur,ZONE,Sellivalasu
Nashik,Mumbai Naka,ZONE,Gaikwad Nagar
Hooghly,Hooghly,ZONE,Antpur
Singapore,Tampines,ZONE,Bedok North
Singapore,Tampines,ZONE,Katong
Coimbatore,Race Course,ZONE,Nanjundapuram
Faridabad,Faridabad,ZONE,State Bank of Patiala Sector-11
Puducherry,Puducherry,ZONE,Vaithikuppam
Kottayam,Kottayam,ZONE,Puliyannoor
Thiruvananthapuram,Thiruvananthapuram,ZONE,Venkadambu
Thrissur,Thrissur,ZONE,Thirumukkulam
Thrissur,Thrissur,ZONE,Kattakampal
Quezon City,Quezon Region,ZONE,Teachers' Village West
Pune,Vishrantwadi,ZONE,Alandi Road
Panchkula,Panchkula,ZONE,Sector-6
Nagpur,Sadar,ZONE,Borgaon Road
Nashik,Gangapur Road,ZONE,H P T College
Warangal,Warangal,ZONE,Govardanagiri
Warangal,Warangal,ZONE,Narasimlaguda
Guntur,Guntur,ZONE,Chowdavaram
Erode,Erode,ZONE,Kanagapuram
Erode,Erode,ZONE,Kannadipalayam
Madurai,Madurai,ZONE,Othakoilpatti
Madurai,Madurai,ZONE,Alappalacheri
Madurai,Madurai,ZONE,Avalsurampatti
Nashik,Gangapur Road,ZONE,Sanjeev Nagar
Hooghly,Hooghly,ZONE,Hati
North 24 Parganas,North 24 Parganas,ZONE,Amodpur
Chittoor,Chittoor,ZONE,Narasimhapuram
Chittoor,Chittoor,ZONE,Narigapalle
Aurangabad (BH),Aurangabad (BH),ZONE,Akoona
Allahabad,Allahabad,ZONE,Leelapur Kala
Rajahmundry,Rajahmundry,ZONE,Torredu
Delhi,Greater kailash,ZONE,East Of Kailash
Kottayam,Kottayam,ZONE,Chirakadavu Centre
Cavite,Cavite,ZONE,Carmona
Kottayam,Kottayam,ZONE,Kooropada
Kottayam,Kottayam,ZONE,Kothala
Ernakulam,Panampilly Nagar,ZONE,Kumbalangi South
Kottayam,Kottayam,ZONE,Thirumani Venkita Puram
Aurangabad,Aurangabad,ZONE,Gawali Shivra
Aurangabad,Aurangabad,ZONE,Ghodegaon
Aurangabad,Aurangabad,ZONE,Raghunath Nagar
Hyderabad,Kukatpally,ZONE,Nallagandla
Tirunelveli,Tirunelveli,ZONE,Panankulam
Bangalore,shivajinagar + MG Road,ZONE,Residency Road
Warangal,Warangal,ZONE,Katrepalli
Chittoor,Chittoor,ZONE,Nandimangalam
Nellore,Nellore,ZONE,Bandepalli
Nellore,Nellore,ZONE,Menakur
East Khasi Hills,Shillong-East Khasi Hills,ZONE,Lynshing
Warangal,Warangal,ZONE,Nallela
Warangal,Warangal,ZONE,Jeedikal
Pune,Vishrantwadi,ZONE,Vishrantwadi
Bilaspur,Bilaspur,ZONE,Puchheli
Puducherry,Puducherry,ZONE,Vimacoundinpaleam
Amritsar,Amritsar,ZONE,District Court
Guntur,Guntur,ZONE,Annavaram
Guntur,Guntur,ZONE,Petlurivaripalem
Coimbatore,Sai Baba Colony,ZONE,Saibaba Colony
Warangal,Warangal,ZONE,Ammapur
Chittoor,Chittoor,ZONE,Thuvvapalle
Allahabad,Allahabad,ZONE,Karpia
Chittoor,Chittoor,ZONE,Ustikayalapenta
North 24 Parganas,North 24 Parganas,ZONE,Atghara
North 24 Parganas,North 24 Parganas,ZONE,Barunhat
Quezon City,Quezon Region,ZONE,San Isidro Labrador
South Goa,South Goa,ZONE,Morpirla
Kozhikode,Kozhikode,ZONE,Edakkad - West Hill
Kozhikode,Kozhikode,ZONE,Kannan Kara
North Goa,North Goa,ZONE,Poroscodem
Erode,Erode,ZONE,Surampatti
Hyderabad,Lb nagar,ZONE,Karmanghat
Madurai,Madurai,ZONE,Kalvelipatti
Salem,Salem,ZONE,Kunnur
Tangerang,Tangerang,ZONE,Selapajang Jaya
North 24 Parganas,North 24 Parganas,ZONE,Hatthuba
Pune,Karve nagar,ZONE,Karve Nagar
Ranchi,Ranchi,ZONE,Hussir
East Khasi Hills,Shillong-East Khasi Hills,ZONE,Wahlong
Ernakulam,Kakkanad,ZONE,Kunnackal
Karur,Karur,ZONE,Manjapulipatti
North 24 Parganas,North 24 Parganas,ZONE,Jadurhati
Allahabad,Allahabad,ZONE,Noorpur
Indore,Palasia,ZONE,Tilak Nagar
Patna,Raja Bazar,ZONE,Parthu
Tirunelveli,Tirunelveli,ZONE,Senthattiapuram
Kanpur,Kakadeo,ZONE,Vijai Nagar
Lucknow,Hazratganj,ZONE,Raitha
Amritsar,Amritsar,ZONE,Kallah
Ludhiana,Ludhiana Zone 1,ZONE,Vivek Nagar
Ranchi,Ranchi,ZONE,Saparom
Mysore,Mysore,ZONE,Bhuvanahalli
Ernakulam,Tripunithura,ZONE,Ezhakkaranadu South
Kannur,Kannur,ZONE,Anchampeedika
Delhi,Model town,ZONE,Ashok Vihar Phase 3
Guntur,Guntur,ZONE,Rajupalem
Jaipur,C Scheme,ZONE,Rajasthan Secretariate
Erode,Erode,ZONE,Kalkadambur
Karur,Karur,ZONE,Modakkur
Karur,Karur,ZONE,L.N.Samudram
Salem,Salem,ZONE,Rangampalayam
Quezon City,Quezon Region,ZONE,Kamuning
Mumbai,Thane,ZONE,Palghar
Gurgaon,Manesar,ZONE,Gurgaon Sector 36A
South Goa,South Goa,ZONE,Collem
South Goa,South Goa,ZONE,Davorlim
Hyderabad,Kukatpally,ZONE,Pragathi Nagar
Thrissur,Thrissur,ZONE,Nettissery
Aurangabad,Aurangabad,ZONE,Golegaon
Tiruchirappalli,Tiruchirappalli,ZONE,K.Sathanur
Ranchi,Ranchi,ZONE,Ncdc
Kannur,Kannur,ZONE,Kanul
Allahabad,Allahabad,ZONE,Pasna
Allahabad,Allahabad,ZONE,Tigza
Kozhikode,Kozhikode,ZONE,Farook College
Thrissur,Thrissur,ZONE,Kaduppassery
Bhopal,East Bhopal,ZONE,Shiksha Mandal
Dantewada,Dantewada,ZONE,Karli
Tiruchirappalli,Tiruchirappalli,ZONE,Alagiamanavalam
Guntur,Guntur,ZONE,Pedapudi
Guntur,Guntur,ZONE,Hanumanpalem
Jaipur,Vaishali Nagar,ZONE,Sirsi
Madurai,Madurai,ZONE,Karadikal
North 24 Parganas,North 24 Parganas,ZONE,Rohanda
Erode,Erode,ZONE,Sankarandampalayam
Kannur,Kannur,ZONE,Palakkode
Kannur,Kannur,ZONE,Thadikadavu
Erode,Erode,ZONE,Sengodampalayam
Tangerang,Tangerang,ZONE,Kebon Cau
Guntur,Guntur,ZONE,Aremanda
Allahabad,Allahabad,ZONE,Mahgaon
Hyderabad,Lb nagar,ZONE,Champapet
Vadodara,Alkapuri,ZONE,Karodia
Mohali,Mohali,ZONE,Sector 62
Nellore,Nellore,ZONE,Nagulavellatur
Aurangabad,Aurangabad,ZONE,Shahnoorwadi
Panchkula,Panchkula,ZONE,Indira colony
Gurgaon,Sector43,ZONE,Gurgaon Sector 56
Puducherry,Puducherry,ZONE,Reddiyarpalayam
Puducherry,Puducherry,ZONE,Sedarapet
Chittoor,Chittoor,ZONE,Elakatur
Erode,Erode,ZONE,Modakurichi
Guntur,Guntur,ZONE,Kothapullareddipuram
Ranchi,Ranchi,ZONE,Kanke
Visakhapatnam,MVP,ZONE,MVP Colony
Kannur,Kannur,ZONE,Kayani
Karur,Karur,ZONE,Punnamchatram
Madurai,Madurai,ZONE,Urappanur
Jakarta,Setiabudi/Tebet/Kuningan,ZONE,Tegal Parang
Jaipur,Raja Park,ZONE,Khora Meena
North 24 Parganas,North 24 Parganas,ZONE,Charghat
Quezon City,Quezon Region,ZONE,Veterans Village
North 24 Parganas,North 24 Parganas,ZONE,Safirabad
Jakarta,Kelapa Gading,ZONE,Koja
Nashik,Mumbai Naka,ZONE,Ganesh Baba Nagar
Nashik,Nashik Road,ZONE,Gokul Nagar
North 24 Parganas,North 24 Parganas,ZONE,Banglani
North 24 Parganas,North 24 Parganas,ZONE,Bergoom
North 24 Parganas,North 24 Parganas,ZONE,Nutungram
Mumbai,Chembur,ZONE,Chembur East
South Goa,South Goa,ZONE,Velsao PSSK
Ahmedabad,Maninagar,ZONE,Jawahar Chowk
Taguig,Taguig Region,ZONE,Hagonoy
Ranchi,Ranchi,ZONE,Ashok Nagar
Guntur,Guntur,ZONE,Chejerla
South Goa,South Goa,ZONE,Ambaulim
Madurai,Madurai,ZONE,Viradhanur
Madurai,Madurai,ZONE,Virattipathu
Madurai,Madurai,ZONE,Kathakinaru
Kolkata,Santoshpur,ZONE,Sirity
North 24 Parganas,North 24 Parganas,ZONE,Malikagherai
Kannur,Kannur,ZONE,Mundayad
Ranchi,Ranchi,ZONE,"Pr.Secretary, Governor House"
Karur,Karur,ZONE,Muthanampalayam
Guntur,Guntur,ZONE,Murukondapadu
Kozhikode,Kozhikode,ZONE,Ayanikkad
Nellore,Nellore,ZONE,Srikolanu
Nellore,Nellore,ZONE,Minamanamudi
Nellore,Nellore,ZONE,Survepalli
Tirunelveli,Tirunelveli,ZONE,Kallidaikurichi
Warangal,Warangal,ZONE,Gopanpalli
Chittoor,Chittoor,ZONE,Oddepalle
Allahabad,Allahabad,ZONE,Kotwa
Bilaspur,Bilaspur,ZONE,Junapara
Bilaspur,Bilaspur,ZONE,Gopal Nagar
Nellore,Nellore,ZONE,Kothapalli Kovurgunta
South Goa,South Goa,ZONE,Mollem
Chennai,Chennai South East 1,ZONE,Perumbakkam
Salem,Salem,ZONE,Kachuppalli
Erode,Erode,ZONE,Chitravuthampalayam
Karur,Karur,ZONE,Puthur
Amritsar,Amritsar,ZONE,Ajaiwali
Thiruvananthapuram,Thiruvananthapuram,ZONE,Pullampara
Thrissur,Thrissur,ZONE,Chammannur
Salem,Salem,ZONE,Salem Dt.Board Buildings
Salem,Salem,ZONE,Tippampatti
Visakhapatnam,MVP,ZONE,Munchingput
Tiruchirappalli,Tiruchirappalli,ZONE,Ponmalaipatti
Warangal,Warangal,ZONE,Bandouthapur
Kozhikode,Kozhikode,ZONE,Chamal
Thiruvananthapuram,Thiruvananthapuram,ZONE,Mundela
Thiruvananthapuram,Thiruvananthapuram,ZONE,Pazhakutty
Ernakulam,Kakkanad,ZONE,Cheranallur
Kannur,Kannur,ZONE,Kannur District Hospital
Kannur,Kannur,ZONE,Chundakunnu
Patna,Rajendra Nagar,ZONE,Patna University
Aurangabad,Aurangabad,ZONE,Jarandi
Ranchi,Ranchi,ZONE,Marwa
Salem,Salem,ZONE,Poolavari Agraharam
Tangerang,Tangerang,ZONE,Kuta Baru
Vadodara,Alkapuri,ZONE,Padra
Bhubaneswar,Bhubaneswar,ZONE,Balipatna
Bhubaneswar,Bhubaneswar,ZONE,Laxminarayanpur
Warangal,Warangal,ZONE,Gundepudi
Jaipur,Raja Park,ZONE,Amer
Erode,Erode,ZONE,Velampundi
Ernakulam,Tripunithura,ZONE,Meempara
Chittoor,Chittoor,ZONE,Ctr Court Buildings
Lucknow,Aliganj,ZONE,Aliganj sector E
Allahabad,Allahabad,ZONE,Majhigaown
Allahabad,Allahabad,ZONE,Panduwa
Tangerang,Tangerang,ZONE,Tigaraksa
Manila,Manila Region,ZONE,Santa Mesa
Navi Mumbai,Nerul,ZONE,Nerul Node-II
Ghaziabad,Raj Nagar,ZONE,Nehru Nagar
Kanpur,Chunniganj,ZONE,Kanpur Cantt.
Amritsar,Amritsar,ZONE,Manakpura
Ranchi,Ranchi,ZONE,Tangar
Mangalore,Mangalore,ZONE,Surinje
Kozhikode,Kozhikode,ZONE,Edacheri North
Kozhikode,Kozhikode,ZONE,Karandode
Thiruvananthapuram,Thiruvananthapuram,ZONE,Kuttichal
Thrissur,Thrissur,ZONE,Nambazhikad
Nellore,Nellore,ZONE,Manulalpeta
Warangal,Warangal,ZONE,Bhudharaopet
Warangal,Warangal,ZONE,Gavicherla
Lucknow,Ashiyana,ZONE,Kasmandi Kalan
Hooghly,Hooghly,ZONE,Brahmanpara
Guntur,Guntur,ZONE,Katevaram
Madurai,Madurai,ZONE,Nallamaram
Madurai,Madurai,ZONE,Pappayapuram
Salem,Salem,ZONE,Moongilerichettipatti
Hooghly,Hooghly,ZONE,Dankuni Coal Complex
Hooghly,Hooghly,ZONE,Simla
Las Pinas,Las Pinas Region,ZONE,Barangay BF International
North 24 Parganas,North 24 Parganas,ZONE,Satbhaya
Jaipur,Transport Nagar,ZONE,Kanota
Madurai,Madurai,ZONE,Jothilnayakanur
Faridabad,Faridabad,ZONE,New Industrial Town
North 24 Parganas,North 24 Parganas,ZONE,Parghumti
Ahmedabad,Paldi,ZONE,Gujarat University
Jakarta,Cengkareng/Penjaringan/Kalideres,ZONE,Pluit
Faridabad,Faridabad,ZONE,Thomson Press
Kolkata,Dum dum,ZONE,New Town
Tangerang,Tangerang,ZONE,Bunisari
Kolkata,Dum dum,ZONE,Dumdum
Hooghly,Hooghly,ZONE,Pursurah
Thrissur,Thrissur,ZONE,Eyyal
Nashik,Nashik Road,ZONE,Panchak
Warangal,Warangal,ZONE,Vennaram
Warangal,Warangal,ZONE,Roheer
Tiruchirappalli,Tiruchirappalli,ZONE,Turaiyur Bus Stand
Tirunelveli,Tirunelveli,ZONE,Melasadayamankulam
Mumbai,Tardeo,ZONE,Breach Candy
Vadodara,Waghodia Road,ZONE,Chhani
Kozhikode,Kozhikode,ZONE,Puthiyangadi
Thiruvananthapuram,Thiruvananthapuram,ZONE,Bhagavathinada
Thiruvananthapuram,Thiruvananthapuram,ZONE,Manchavilakom
Thiruvananthapuram,Thiruvananthapuram,ZONE,Neyyattinkara Town
Warangal,Warangal,ZONE,Kannegundla
Tirunelveli,Tirunelveli,ZONE,Adaikalapttinam
Nashik,Gangapur Road,ZONE,Murari Nagar
Warangal,Warangal,ZONE,Ibrahimpur
Ernakulam,Kakkanad,ZONE,Rajagiri Valley
Ernakulam,Panampilly Nagar,ZONE,Mattancherry Town
Kannur,Kannur,ZONE,Muyyam
Kottayam,Kottayam,ZONE,Pallippurathussery
Thrissur,Thrissur,ZONE,Alapad
Thrissur,Thrissur,ZONE,Cholissery
Thrissur,Thrissur,ZONE,Kanimangalam
Kottayam,Kottayam,ZONE,Kaipuzha
Aurangabad,Aurangabad,ZONE,Andhaner
Tirunelveli,Tirunelveli,ZONE,Sembankulam
Bangalore,Marathahalli,ZONE,Varthur
Warangal,Warangal,ZONE,Nallakunta
Aurangabad (BH),Aurangabad (BH),ZONE,Naugarh
Thrissur,Thrissur,ZONE,Padoor
Nellore,Nellore,ZONE,Chigurupadu
Aurangabad,Aurangabad,ZONE,Mangrul
Kottayam,Kottayam,ZONE,Maravanthuruthu
Thiruvananthapuram,Thiruvananthapuram,ZONE,Kallayam
Nellore,Nellore,ZONE,Pantapalem
Nellore,Nellore,ZONE,Tikkavarapadu
Nellore,Nellore,ZONE,Palemkota
Tiruchirappalli,Tiruchirappalli,ZONE,Musiri
Warangal,Warangal,ZONE,Kothur
Lucknow,Ashiyana,ZONE,Singar Nagar
Aurangabad (BH),Aurangabad (BH),ZONE,Kashma
Bilaspur,Bilaspur,ZONE,Pandiyain
Amritsar,Amritsar,ZONE,Mud Khokhar
Amritsar,Amritsar,ZONE,Dadeha Sahib
Erode,Erode,ZONE,Sirukalanji
Aurangabad (BH),Aurangabad (BH),ZONE,Chiraili
Hyderabad,Lb nagar,ZONE,Santosh Nagar
Mumbai,Tardeo,ZONE,Gamdevi
Kozhikode,Kozhikode,ZONE,Kallurutty
Kozhikode,Kozhikode,ZONE,Kudathai
Chittoor,Chittoor,ZONE,Gollapalle
Hooghly,Hooghly,ZONE,Moktarpur
Hooghly,Hooghly,ZONE,Paniseola
Coimbatore,Gandhipuram,ZONE,Saravanampatti
Erode,Erode,ZONE,Swaminathapuram
Hyderabad,Trimulgherry,ZONE,Trimulgherry
Karur,Karur,ZONE,Vaiganallur
Vijayawada,Bhavanipuram,ZONE,Durgapuram
Salem,Salem,ZONE,Navakurichi
Tangerang,Tangerang,ZONE,Gempol Sari
Kolkata,Dum dum,ZONE,Kuthighat Road
Las Pinas,Las Pinas Region,ZONE,Cupang
Vadodara,Vasna Road,ZONE,Vasna
Singapore,Geylang,ZONE,Mountbatten
Ludhiana,Ludhiana Zone 3,ZONE,Jammu colony
Hooghly,Hooghly,ZONE,Kadra
Mangalore,Mangalore,ZONE,Montepadavu
Mangalore,Mangalore,ZONE,Nagori
Kottayam,Kottayam,ZONE,Kulathoorprayar
Jakarta,PuloGadung/Duren Sawit,ZONE,Malaka Jaya
Salem,Salem,ZONE,Kottavadi
Salem,Salem,ZONE,Nattamangalam
Kolkata,Bhowanipore,ZONE,Hastings
North 24 Parganas,North 24 Parganas,ZONE,Ghatpatila
Las Pinas,Las Pinas Region,ZONE,Buli
Las Pinas,Las Pinas Region,ZONE,Alabang
Allahabad,Allahabad,ZONE,Babuganj
Allahabad,Allahabad,ZONE,Siyadeeh
Chittoor,Chittoor,ZONE,Naniyala
Lucknow,Hazratganj,ZONE,Barawan Kalan
Guntur,Guntur,ZONE,Kogantivaripalem
Guntur,Guntur,ZONE,Dindi
Guntur,Guntur,ZONE,Latchannagudipudi
Tiruchirappalli,Tiruchirappalli,ZONE,Maradi
Bhubaneswar,Bhubaneswar,ZONE,Kantia
Allahabad,Allahabad,ZONE,Soron
Patna,Kankarbagh,ZONE,Kumhrar
Chittoor,Chittoor,ZONE,Mallakunta
Chittoor,Chittoor,ZONE,Korlagunta
Aurangabad (BH),Aurangabad (BH),ZONE,Khairadip
Bilaspur,Bilaspur,ZONE,Deorikhurd
Chittoor,Chittoor,ZONE,Karipakam
Mumbai,Goregaon,ZONE,Goregaon East
Surat,Varaccha,ZONE,Nawabwadi
Ranchi,Ranchi,ZONE,Belwadag
Mysore,Mysore,ZONE,Maralur
Mysore,Mysore,ZONE,Hosa Alagodu
Delhi,Patparganj,ZONE,Mayur Vihar Ph-II
Guntur,Guntur,ZONE,Narasimhapuri
Erode,Erode,ZONE,Kandappagoundenvalasu
Karur,Karur,ZONE,Karunellivalasu
Tangerang,Tangerang,ZONE,Ancol Pasir
Gurgaon,Manesar,ZONE,Gurgaon Sector 36B
Singapore,City,ZONE,Bukit Merah
Guntur,Guntur,ZONE,Tallapalle
Bhopal,Old Bhopal,ZONE,Durga Chouk
Mysore,Mysore,ZONE,Hosur Kallahalli
Ernakulam,Tripunithura,ZONE,Udayamperoor
Bhopal,South Bhopal,ZONE,Indus Towne
East Khasi Hills,Shillong-East Khasi Hills,ZONE,Ichamati
East Khasi Hills,Shillong-East Khasi Hills,ZONE,Jaiaw
Chittoor,Chittoor,ZONE,Beerangi Kothakota
Bhopal,Central Bhopal,ZONE,M.A.C.T.
Bhopal,Old Bhopal,ZONE,Shahajahanabad
Dantewada,Dantewada,ZONE,Harrakoder
Tiruchirappalli,Tiruchirappalli,ZONE,Vengur
Mysore,Mysore,ZONE,Hebbal Layout
Greater Noida,Greater Noida,ZONE,Kasna
North Goa,North Goa,ZONE,Chimbel
Guntur,Guntur,ZONE,Enugupalem
Jakarta,Setiabudi/Tebet/Kuningan,ZONE,Menteng Dalam
Hooghly,Hooghly,ZONE,Dharampur
North 24 Parganas,North 24 Parganas,ZONE,Dhuchnikhali
North 24 Parganas,North 24 Parganas,ZONE,Hasnabad Rampur
North 24 Parganas,North 24 Parganas,ZONE,Ramshankarpur
Erode,Erode,ZONE,Thottiapalayam
Kottayam,Kottayam,ZONE,Kiliroor North
Gurgaon,Manesar,ZONE,Gurgaon Sector 105
South Tangerang,South Tangerang,ZONE,Benda Baru
Las Pinas,Las Pinas Region,ZONE,Tunasan
Tirunelveli,Tirunelveli,ZONE,Melailanthaikulam
Chittoor,Chittoor,ZONE,Ctr Market
Kolkata,Bhowanipore,ZONE,Southern Market
Makati,Makati Region,ZONE,East Rembo
Ghaziabad,Vaishali,ZONE,Vaishali
Mumbai,Parel,ZONE,Lower Parel
Jaipur,C Scheme,ZONE,Panch Batti
Salem,Salem,ZONE,Chinnanur
Salem,Salem,ZONE,Chinnatirupathy
Bilaspur,Bilaspur,ZONE,Pandhi
Chittoor,Chittoor,ZONE,Mahal
Hooghly,Hooghly,ZONE,Batanal
Jaipur,C Scheme,ZONE,S.M.S.Hospital
Jaipur,Malviya Nagar,ZONE,Pratap Nagar Housing Board
Erode,Erode,ZONE,Pethampalayam
Singapore,City,ZONE,Tiong Bahru
Mysore,Mysore,ZONE,Kuvempunagar
Ranchi,Ranchi,ZONE,Bansiya
Nellore,Nellore,ZONE,Lingaraju Agraharam
Guntur,Guntur,ZONE,Dandamudi
Guntur,Guntur,ZONE,Jupudi
South Goa,South Goa,ZONE,A.P.Dabolim
North 24 Parganas,North 24 Parganas,ZONE,Sajirhat
San Juan,San Juan Region,ZONE,Isabelita
Hyderabad,Marredpally,ZONE,West Marredpally
Ahmedabad,Maninagar,ZONE,Manek Chowk
Guntur,Guntur,ZONE,Chintapalle
Kottayam,Kottayam,ZONE,Muttappally
Thrissur,Thrissur,ZONE,Arattupuzha
Nellore,Nellore,ZONE,Vutukur
Noida,Sector 25,ZONE,Sector 25
Tiruchirappalli,Tiruchirappalli,ZONE,Kattuputhur
Lucknow,Ashiyana,ZONE,Military Hospital
Vadodara,Raopura,ZONE,Pratapnagar R.S.
Jakarta,Kebon Jeruk/Tomang/Slipi,ZONE,Tambora
Indore,Old Indore,ZONE,Siyaganj
Hooghly,Hooghly,ZONE,Palaspai
Puducherry,Puducherry,ZONE,Sulthanpet
Amritsar,Amritsar,ZONE,Sarhali
Nellore,Nellore,ZONE,Nekunampeta
Jakarta,PuloGadung/Duren Sawit,ZONE,Cipinang Cempedak
Salem,Salem,ZONE,Leigh Bazaar
Tangerang,Tangerang,ZONE,Laksana
Kolkata,Park street,ZONE,Little Russel Street
Hooghly,Hooghly,ZONE,Dhulepur
Mangalore,Mangalore,ZONE,Mithabail
Cavite,Cavite,ZONE,General Mariano Alvarez
Bhopal,Central Bhopal,ZONE,Gautam Nagar
Guntur,Guntur,ZONE,Konakanchivaripalem
Guntur,Guntur,ZONE,Rudravaram
North 24 Parganas,North 24 Parganas,ZONE,Abdalpur
Quezon City,Quezon Region,ZONE,Fairview
Faridabad,Faridabad,ZONE,Mathura Road
Ranchi,Ranchi,ZONE,Sarle
Ranchi,Ranchi,ZONE,Chandra
Mysore,Mysore,ZONE,Kaveripura
Kannur,Kannur,ZONE,Neerveli
Kannur,Kannur,ZONE,Thattummal
Tiruchirappalli,Tiruchirappalli,ZONE,Mettupalayam
Tiruchirappalli,Tiruchirappalli,ZONE,Thulayanatham
Warangal,Warangal,ZONE,K C Colony
Tirunelveli,Tirunelveli,ZONE,Sadayappapuram
Tirunelveli,Tirunelveli,ZONE,Kalladichidambarapuram
Bangalore,Banaswadi,ZONE,KH Road
Bangalore,Yelahanka,ZONE,Kodigehalli
Warangal,Warangal,ZONE,Repakpalli
Chittoor,Chittoor,ZONE,Brahmanapalle
Chittoor,Chittoor,ZONE,Puthur
Chittoor,Chittoor,ZONE,Agaram
Chittoor,Chittoor,ZONE,Jagannathapuram
Guntur,Guntur,ZONE,Siripudi
Coimbatore,Gandhipuram,ZONE,Selvapuram
Hyderabad,Punjagutta,ZONE,Punjagutta
Salem,Salem,ZONE,Koil Puthur
Lucknow,Hazratganj,ZONE,Nishath Ganj
North 24 Parganas,North 24 Parganas,ZONE,Mamudpur
Mysore,Mysore,ZONE,Kalale
Ernakulam,Tripunithura,ZONE,Ooramana
Ernakulam,Kakkanad,ZONE,Muppathadam
Ernakulam,Kakkanad,ZONE,Paravur
Kozhikode,Kozhikode,ZONE,Parappil
Aurangabad,Aurangabad,ZONE,Bhalgaon
Aurangabad,Aurangabad,ZONE,High Court Building
Aurangabad,Aurangabad,ZONE,Waladgaon
Tiruchirappalli,Tiruchirappalli,ZONE,Valaiyur
Warangal,Warangal,ZONE,Jangligonda
Tirunelveli,Tirunelveli,ZONE,Ariyur
Warangal,Warangal,ZONE,Kalleda
Aurangabad (BH),Aurangabad (BH),ZONE,Sansa
Bilaspur,Bilaspur,ZONE,Lofandi
Rajahmundry,Rajahmundry,ZONE,Sarangadarametta
Rajahmundry,Rajahmundry,ZONE,Venkatanagram
Guntur,Guntur,ZONE,Navuluru
Erode,Erode,ZONE,Savandapur
North 24 Parganas,North 24 Parganas,ZONE,East Bishnupur
North 24 Parganas,North 24 Parganas,ZONE,Sayestanagar
Bangalore,Yelahanka,ZONE,Chikballapur
Kozhikode,Kozhikode,ZONE,Karayad
Thrissur,Thrissur,ZONE,Mannalamkunu
Thrissur,Thrissur,ZONE,Marottichal
Visakhapatnam,Gajuwaka,ZONE,Tarluvada
Thrissur,Thrissur,ZONE,Moorkkanad
Nellore,Nellore,ZONE,Pottepalem
Warangal,Warangal,ZONE,Kogilvai
Warangal,Warangal,ZONE,Garimillapalli
Chittoor,Chittoor,ZONE,Gundlapalle
Tirunelveli,Tirunelveli,ZONE,Pambukoilshandy
Chittoor,Chittoor,ZONE,Satyavedu
Dantewada,Dantewada,ZONE,Darbha
Guntur,Guntur,ZONE,Vallabhapuram
Allahabad,Allahabad,ZONE,Karma
Guntur,Guntur,ZONE,Industrial Estate
Mohali,Mohali,ZONE,Pb.School Ed.Board Ph-8
Jaipur,Raja Park,ZONE,Crpf Campus Lalwas
Jaipur,Vidhyadhar Nagar,ZONE,Amba Bari
Jaipur,Raja Park,ZONE,Banar
Hooghly,Hooghly,ZONE,Bikramnagar Bali
Madurai,Madurai,ZONE,Tirumal
Guntur,Guntur,ZONE,Petasannegandla
North 24 Parganas,North 24 Parganas,ZONE,Nakpul Kuchlia
North 24 Parganas,North 24 Parganas,ZONE,Narabunia
São Paulo,Bela Vista,ZONE,Saúde
Bhubaneswar,Bhubaneswar,ZONE,Gajapati Nagar
Faridabad,Faridabad,ZONE,Sector 16A
North 24 Parganas,North 24 Parganas,ZONE,Purantan Bongaon
Chennai,Chennai North,ZONE,Madhavaram
South Goa,South Goa,ZONE,Valkini
Ahmedabad,Saraspur,ZONE,Asarwa Chakla
Singapore,Sengkang,ZONE,Hougang
Jakarta,Cengkareng/Penjaringan/Kalideres,ZONE,Cengkareng Timur
Ranchi,Ranchi,ZONE,Hurdag
Ranchi,Ranchi,ZONE,Patrachauli
Ranchi,Ranchi,ZONE,Sanri
Ernakulam,Panampilly Nagar,ZONE,Ernakulam Hindi Prachar Sabha
Kannur,Kannur,ZONE,Nedungome
Ernakulam,Kakkanad,ZONE,South Vazhakulam
Kottayam,Kottayam,ZONE,Kumaranalloor
Jakarta,Cengkareng/Penjaringan/Kalideres,ZONE,Pegadungan
Kozhikode,Kozhikode,ZONE,Perumanna
Aurangabad,Aurangabad,ZONE,Palshi
Nellore,Nellore,ZONE,Sydapuram
Kottayam,Kottayam,ZONE,Vadakara - Thalayolaparabu
Pune,Vishrantwadi,ZONE,Chandan Nagar
Tiruchirappalli,Tiruchirappalli,ZONE,Samudram
Bhubaneswar,Bhubaneswar,ZONE,Station Bazar
Warangal,Warangal,ZONE,Bhanjipet
Chittoor,Chittoor,ZONE,Konerukuppam
Kozhikode,Kozhikode,ZONE,Pasukkadavu
Aurangabad,Aurangabad,ZONE,Wahegaon
Tirunelveli,Tirunelveli,ZONE,Kundakulam
Tirunelveli,Tirunelveli,ZONE,Tirunelveli East
Amritsar,Amritsar,ZONE,Saidoke
Guntur,Guntur,ZONE,Mandadam
Chittoor,Chittoor,ZONE,T.Rachapalle
Allahabad,Allahabad,ZONE,Dhanaura
Meerut,Sadar Bazaar,ZONE,Khair Nagar
Kolkata,Dum dum,ZONE,Baguihati
Nellore,Nellore,ZONE,Nookanapalli
Chennai,Chennai Central,ZONE,Anna Nagar
Kolkata,Howrah,ZONE,Customs House
Delhi,Pitampura,ZONE,Azadpur
Surat,Vesu,ZONE,Bharthana
Singapore,City,ZONE,Coleman Street
Hooghly,Hooghly,ZONE,Muktarpur Belekusma
Jamshedpur,Jamshedpur,ZONE,M.G.M Medical College
Ranchi,Ranchi,ZONE,Silli
Puducherry,Puducherry,ZONE,Pillaichavady
Mysore,Mysore,ZONE,Krishna Raja Mohalla
Ernakulam,Tripunithura,ZONE,Pothanicaud
Nellore,Nellore,ZONE,Irlapadu
Salem,Salem,ZONE,Vadugapatti
Aurangabad,Aurangabad,ZONE,Chittegaon
Mysore,Mysore,ZONE,Honnapura
Ernakulam,Kakkanad,ZONE,Koonammavu
Bangalore,Electronics City,ZONE,Electronics City
Chittoor,Chittoor,ZONE,Akkurthi
Kozhikode,Kozhikode,ZONE,Chennamangallur
Salem,Salem,ZONE,Seshanchavadi
Warangal,Warangal,ZONE,Gangapur
Chittoor,Chittoor,ZONE,Bommasamudram
Amritsar,Amritsar,ZONE,Uggar Aulakh
Lucknow,Hazratganj,ZONE,Rusena
Lucknow,Hazratganj,ZONE,Rasoolpur Tikaniamau
Bilaspur,Bilaspur,ZONE,Sargaon
Delhi,Karol bagh,ZONE,Karol Bagh
Delhi,Cannought place,ZONE,Connaught Place
Erode,Erode,ZONE,Erode Railway Colony
Madurai,Madurai,ZONE,Athikaripatti
Salem,Salem,ZONE,Kolanaickenpatti
North 24 Parganas,North 24 Parganas,ZONE,Nahata
Erode,Erode,ZONE,Kallivalasu
São Paulo,Jabaquara,ZONE,Brooklin
South Tangerang,South Tangerang,ZONE,Rengas
Bangalore,Yelahanka,ZONE,Yelahanka New Town
Kolkata,Tollygunge,ZONE,Regent Park
North 24 Parganas,North 24 Parganas,ZONE,Kirtipur
Makati,Makati Region,ZONE,Poblacion
Mumbai,Fort area,ZONE,Fort
Pune,Vishrantwadi,ZONE,MG Road
Nellore,Nellore,ZONE,Buchi Bus Stand
Mangalore,Mangalore,ZONE,Srinivasnagar
Ernakulam,Kakkanad,ZONE,Kanjoor
Kottayam,Kottayam,ZONE,Kannimala
Kannur,Kannur,ZONE,Peringome
Thiruvananthapuram,Thiruvananthapuram,ZONE,TVM R.K Mission
Tirunelveli,Tirunelveli,ZONE,Kovaikulam
Warangal,Warangal,ZONE,Rajanpalli
Tirunelveli,Tirunelveli,ZONE,Melathiru Vengadanathapuram
Aurangabad (BH),Aurangabad (BH),ZONE,Gardi
Allahabad,Allahabad,ZONE,Jhunsi
Coimbatore,Race Course,ZONE,Coimbatore Collectorate
Hyderabad,Afzal gunj,ZONE,Kishanbagh
Nellore,Nellore,ZONE,Choudaripalem
Salem,Salem,ZONE,Manivilundan Colony
Allahabad,Allahabad,ZONE,Transport Nagar
Faridabad,Faridabad,ZONE,DLF Industrial Area
Kolkata,Gariahat,ZONE,Gariahat
Manila,Manila Region,ZONE,Intramuros
Las Pinas,Las Pinas Region,ZONE,BF Homes
Mumbai,Fort area,ZONE,Charni Road
Delhi,Janakpuri,ZONE,Vikas Nagar
Ranchi,Ranchi,ZONE,Deputy Para
Mysore,Mysore,ZONE,Kanagal
Ernakulam,Kakkanad,ZONE,Puthenvelikkara
Nagpur,Wardhaman Nagar,ZONE,Ganesh Nagar
Kozhikode,Kozhikode,ZONE,Nellicode
Thiruvananthapuram,Thiruvananthapuram,ZONE,Cheriakolla
Thiruvananthapuram,Thiruvananthapuram,ZONE,Kidarakuzhy
Tiruchirappalli,Tiruchirappalli,ZONE,Karaipatti
Tirunelveli,Tirunelveli,ZONE,Pavoorchatram
Puducherry,Puducherry,ZONE,Maducore
Warangal,Warangal,ZONE,Khanapur
Tirunelveli,Tirunelveli,ZONE,Anaigudi
Bangalore,Indiranagar,ZONE,Jeevanbhimanagar
Warangal,Warangal,ZONE,Thimmapur
Thiruvananthapuram,Thiruvananthapuram,ZONE,Puvar
Thrissur,Thrissur,ZONE,Andathode
Nashik,Gangapur Road,ZONE,Gole Colony
Warangal,Warangal,ZONE,Dharmaraopet
Warangal,Warangal,ZONE,Fathepur
Bangalore,HSR Layout,ZONE,Sarjapura
Chittoor,Chittoor,ZONE,Irikipenta
Allahabad,Allahabad,ZONE,Dumduma
Kanpur,Kakadeo,ZONE,Armapore Estate
Thiruvananthapuram,Thiruvananthapuram,ZONE,Dhanuvachapuram
Thiruvananthapuram,Thiruvananthapuram,ZONE,Thekkuppara
Nellore,Nellore,ZONE,Bodasi Idayapalli
Aurangabad,Aurangabad,ZONE,Bhakarwadi
Nellore,Nellore,ZONE,Lingasamudram
Tiruchirappalli,Tiruchirappalli,ZONE,Kalpatti
Warangal,Warangal,ZONE,Duggondi
Warangal,Warangal,ZONE,Gabbeta
Bilaspur,Bilaspur,ZONE,Masturi
Guntur,Guntur,ZONE,Nevalikallu
Bhopal,South Bhopal,ZONE,Vidya Vihar
Aurangabad,Aurangabad,ZONE,Kolhi
Chittoor,Chittoor,ZONE,Sonnarasanapalle
Erode,Erode,ZONE,Periyavettuvapalayam
Guntur,Guntur,ZONE,Garlapadu
Tirunelveli,Tirunelveli,ZONE,Kuvalaikanni
Erode,Erode,ZONE,Gettavadi
Madurai,Madurai,ZONE,Keelamathur
Guntur,Guntur,ZONE,Pedaravuru
Guntur,Guntur,ZONE,Tulluru
Karur,Karur,ZONE,Sivayam
Salem,Salem,ZONE,Varagur
South Tangerang,South Tangerang,ZONE,Babakan
Indore,Vijaynagar,ZONE,Patni Pura
Chittoor,Chittoor,ZONE,Sadakuppam
Ghaziabad,Vaishali,ZONE,Chander Nagar
Delhi,Vasant kunj,ZONE,Kishangarh
Delhi,Shahdara,ZONE,Sahibabad
North 24 Parganas,North 24 Parganas,ZONE,Chand Para Bazar
Singapore,Sengkang,ZONE,Sembawang
Jakarta,Cempaka Putih/Kemayoran/Menteng/Tanah abang,ZONE,Kwitang
Aurangabad,Aurangabad,ZONE,Shah Bazar
Singapore,Woodlands,ZONE,Admiralty
Aurangabad (BH),Aurangabad (BH),ZONE,Jagdishpur
Chandigarh,Sector 20,ZONE,Zirakpur
Vadodara,Raopura,ZONE,Sundarpura
Kanpur,Chunniganj,ZONE,R K Nagar
Indore,Old Indore,ZONE,Bada Ganpati
Ahmedabad,Naranpura,ZONE,Digvijaynagar
Ernakulam,Kakkanad,ZONE,Koovappara
Ernakulam,Tripunithura,ZONE,Kinginimattom
Kannur,Kannur,ZONE,Vellora
Kannur,Kannur,ZONE,Chettiamparamba
Ranchi,Ranchi,ZONE,Jaherbargari
Ranchi,Ranchi,ZONE,"CMD, CMPDIL, Kanke Rd. Ranchi"
Kannur,Kannur,ZONE,Malayampadi
Thiruvananthapuram,Thiruvananthapuram,ZONE,Iroorpara
Thrissur,Thrissur,ZONE,Koonamoochi
Tiruchirappalli,Tiruchirappalli,ZONE,Ettarai
Tiruchirappalli,Tiruchirappalli,ZONE,Ramjeenagar
Tirunelveli,Tirunelveli,ZONE,Manappadaiveedu
Bangalore,Majestic,ZONE,Wilson Garden
Bangalore,Electronics City,ZONE,Indalavadi
Thrissur,Thrissur,ZONE,Santhipuram
Thrissur,Thrissur,ZONE,Vallivattam
Kannur,Kannur,ZONE,Mooriyad
Aurangabad,Aurangabad,ZONE,Parsoda
Kozhikode,Kozhikode,ZONE,Katalur
Nellore,Nellore,ZONE,Ramudupalem
Nellore,Nellore,ZONE,Perimidi
Salem,Salem,ZONE,Vaikuntham
Warangal,Warangal,ZONE,Gundrathimadugu
Kozhikode,Kozhikode,ZONE,Chelannur
Kozhikode,Kozhikode,ZONE,Mayanad
Thiruvananthapuram,Thiruvananthapuram,ZONE,Anad
Bhopal,South Bhopal,ZONE,MP Bhoj Open University ITI Gas
Tiruchirappalli,Tiruchirappalli,ZONE,Varakuppai
Aurangabad,Aurangabad,ZONE,Vaijapur
Allahabad,Allahabad,ZONE,Badagaon
Guntur,Guntur,ZONE,Patlaveedu
Bhubaneswar,Bhubaneswar,ZONE,Nuapada
Amritsar,Amritsar,ZONE,Maluwal
Guntur,Guntur,ZONE,Doppalapudi
Kottayam,Kottayam,ZONE,Vaikaprayar
Madurai,Madurai,ZONE,Kudakoil
Chittoor,Chittoor,ZONE,Thatiguntapalem
Kanpur,Kakadeo,ZONE,Jawahar Nagar
Kolkata,Dum dum,ZONE,Netaji Colony
North 24 Parganas,North 24 Parganas,ZONE,Karanga
Warangal,Warangal,ZONE,Jangaon
Aurangabad (BH),Aurangabad (BH),ZONE,Dhadhapi
Allahabad,Allahabad,ZONE,Dari
Lucknow,Aliganj,ZONE,Mawai Padiyana
Delhi,Rohini,ZONE,Rohini Sector 36
Bangalore,Yelahanka,ZONE,Bagalur
Vadodara,Raopura,ZONE,Sharadnagar
Guntur,Guntur,ZONE,Gudivada
Madurai,Madurai,ZONE,Sowdarpatti
Jakarta,Cempaka Putih/Kemayoran/Menteng/Tanah abang,ZONE,Kebon Kosong
Meerut,Sadar Bazaar,ZONE,Shivpuri
Hooghly,Hooghly,ZONE,Baradangal
Guntur,Guntur,ZONE,Garikapadu
Guntur,Guntur,ZONE,Kollipara
Salem,Salem,ZONE,V.Kongarapatti
Tangerang,Tangerang,ZONE,Renged
Puducherry,Puducherry,ZONE,Kuruchikuppam
Hyderabad,Mehdipatnam,ZONE,Shaikpet
Erode,Erode,ZONE,Ganapathipalayam
Erode,Erode,ZONE,Kunnathur
Tangerang,Tangerang,ZONE,Talagasari
Hooghly,Hooghly,ZONE,Nayasarai
São Paulo,Bela Vista,ZONE,Vila Olímpia
Meerut,Saket Ganganagar,ZONE,Mawana
South Goa,South Goa,ZONE,Curti
Jaipur,Raja Park,ZONE,Raja Park Colony
Erode,Erode,ZONE,Vellakoil
Amritsar,Amritsar,ZONE,Jabowal
Faridabad,Faridabad,ZONE,Janauli
São Paulo,Itaquera,ZONE,Jardim Adelaide
Ernakulam,Kakkanad,ZONE,Thottakkattukara
Vijayawada,Suryaraopet,ZONE,Currency nagar
Nellore,Nellore,ZONE,Chittamur
Tangerang,Tangerang,ZONE,Alam Jaya
Thiruvananthapuram,Thiruvananthapuram,ZONE,Pallichal
Nellore,Nellore,ZONE,Chinna Nagampalli
Tiruchirappalli,Tiruchirappalli,ZONE,Pannankombu
Tirunelveli,Tirunelveli,ZONE,Kila Ambur
Mumbai,Juhu,ZONE,Vileparle
Chennai,Chennai South 1,ZONE,Ashok Nagar
South Goa,South Goa,ZONE,Ambelim
South Goa,South Goa,ZONE,Varca
Ahmedabad,Satellite,ZONE,Anandnagar
Warangal,Warangal,ZONE,Kamareddipalli
Aurangabad (BH),Aurangabad (BH),ZONE,Apiru
Lucknow,Hazratganj,ZONE,Gokhley Marg
Bilaspur,Bilaspur,ZONE,Bandha
Hooghly,Hooghly,ZONE,Singur
Hooghly,Hooghly,ZONE,Kankrakuli
Coimbatore,Race Course,ZONE,Redfields
Hyderabad,Mehdipatnam,ZONE,Masab Tank
Hyderabad,Kukatpally,ZONE,Nizampet
Karur,Karur,ZONE,Valayalkaranpudur
Ranchi,Ranchi,ZONE,Ichadag
Bhubaneswar,Bhubaneswar,ZONE,Arugul
Kottayam,Kottayam,ZONE,Poothakuzhy
Ernakulam,Kakkanad,ZONE,Paduvapuram
Thrissur,Thrissur,ZONE,Elavally South
Nellore,Nellore,ZONE,Beripeta
Nellore,Nellore,ZONE,Brahmanapalli
Nellore,Nellore,ZONE,Kondayapalem
Visakhapatnam,MVP,ZONE,Gullepalle
East Khasi Hills,Shillong-East Khasi Hills,ZONE,Mawkriah
Bangalore,Indiranagar,ZONE,Indiranagar
Tirunelveli,Tirunelveli,ZONE,Terkukarungulam
Kozhikode,Kozhikode,ZONE,Mannur
Bhopal,East Bhopal,ZONE,Khajuri Sadak
Tangerang,Tangerang,ZONE,Mekar Jaya
Quezon City,Quezon Region,ZONE,Escopa II
North 24 Parganas,North 24 Parganas,ZONE,Thoara
Mumbai,Fort area,ZONE,Kalbadevi
Warangal,Warangal,ZONE,Bhupalapalli
Amritsar,Amritsar,ZONE,Lalu Ghuman
Lucknow,Ashiyana,ZONE,Samesi
Amritsar,Amritsar,ZONE,Kotli Dhole Shah
Tiruchirappalli,Tiruchirappalli,ZONE,A.A. College
Pune,Pimpri chinchwad,ZONE,Dighi Camp
Warangal,Warangal,ZONE,Kesamudram Town
Bangalore,Majestic,ZONE,Race Course Road
Warangal,Warangal,ZONE,Hussainpalli
Guntur,Guntur,ZONE,Kondaveedu
North 24 Parganas,North 24 Parganas,ZONE,Dheknamari
North 24 Parganas,North 24 Parganas,ZONE,Simulia
Kolkata,Tollygunge,ZONE,Southern Avenue
Hyderabad,Sanath nagar,ZONE,CIE Balanagar
Gurgaon,Manesar,ZONE,Gurgaon Sector 108
Jaipur,Raja Park,ZONE,Jawahar Nagar
Guntur,Guntur,ZONE,Voleru
Kannur,Kannur,ZONE,Aravanchal
Jaipur,Jhotwara,ZONE,Bandha Jamwaramgarh
Nellore,Nellore,ZONE,Rajavolu
Madurai,Madurai,ZONE,Madurai Palace
Madurai,Madurai,ZONE,Kallampatti
Kozhikode,Kozhikode,ZONE,Edavarad
Thiruvananthapuram,Thiruvananthapuram,ZONE,Tirumala
Tiruchirappalli,Tiruchirappalli,ZONE,Perur
Singapore,Woodlands,ZONE,Marsiling
Chandigarh,Sector 36,ZONE,Sector-45
Delhi,Dwarka,ZONE,Dwarka Sector 16
Gurgaon,CivilLines,ZONE,Housing Board Colony
East Khasi Hills,Shillong-East Khasi Hills,ZONE,Trangpleng
Warangal,Warangal,ZONE,Mucherla
Bangalore,Indiranagar,ZONE,Domlur
Chittoor,Chittoor,ZONE,Damodaramaharajapuram
Bilaspur,Bilaspur,ZONE,Nawagaon
Bilaspur,Bilaspur,ZONE,Belsari
Panchkula,Panchkula,ZONE,Chandi Mandir Cantt
Indore,Vijaynagar,ZONE,Mahalaxmi Nagar Colony
Ranchi,Ranchi,ZONE,Chirudih
Amritsar,Amritsar,ZONE,Chamiari
Hooghly,Hooghly,ZONE,Nimdanga
Madurai,Madurai,ZONE,Mullipallam
Salem,Salem,ZONE,Magnesite Mines
Salem,Salem,ZONE,Maravaneri
Tangerang,Tangerang,ZONE,Panunggangan
Puducherry,Puducherry,ZONE,Orleanpet
Singapore,City,ZONE,Telok Ayer
Hooghly,Hooghly,ZONE,Debkhanda
Mangalore,Mangalore,ZONE,Kinnigoli
Kannur,Kannur,ZONE,Attadappa
Karur,Karur,ZONE,A.Meenakshivalasu
Karur,Karur,ZONE,Mudiganam
Madurai,Madurai,ZONE,Melur
Hooghly,Hooghly,ZONE,Begampur
Quezon City,Quezon Region,ZONE,Lourdes
South Goa,South Goa,ZONE,Talaulim
Singapore,Orchard,ZONE,Holland
Bangalore,Banashankari + RR Nagar,ZONE,Bidadi
Ranchi,Ranchi,ZONE,Jharkhand Vidhan Sabha
Kannur,Kannur,ZONE,Koyyam
Kottayam,Kottayam,ZONE,Thellakom
Aurangabad,Aurangabad,ZONE,Adgaon
Nellore,Nellore,ZONE,Gottigundala
Tirunelveli,Tirunelveli,ZONE,Kannanallur
Warangal,Warangal,ZONE,Karkala
Warangal,Warangal,ZONE,Kamaram
Tirunelveli,Tirunelveli,ZONE,Kulayaneri
Aurangabad (BH),Aurangabad (BH),ZONE,Amas
Aurangabad (BH),Aurangabad (BH),ZONE,Udhampur
Lucknow,Hazratganj,ZONE,Thakurganj
North Goa,North Goa,ZONE,Caisua
Amritsar,Amritsar,ZONE,Miran Kot
Chennai,Chennai North,ZONE,Agaram
Erode,Erode,ZONE,Dalavoipattinam
Hyderabad,Kachiguda,ZONE,Ramkoti
Vijayawada,Benz Circle,ZONE,Patamata
Jakarta,Kramat Jati/Pasar Rebo,ZONE,Pekayon
Lucknow,Gomtinagar,ZONE,vijyant khand
Kolkata,Bhowanipore,ZONE,Bhawanipore
Kolkata,Central,ZONE,Manicktala
Pune,Pimpri chinchwad,ZONE,Bhosari
Surat,Varaccha,ZONE,Laskana
Kozhikode,Kozhikode,ZONE,Nooramthode
Kozhikode,Kozhikode,ZONE,Vengeri
Thiruvananthapuram,Thiruvananthapuram,ZONE,Pachallur
Thrissur,Thrissur,ZONE,Kallepadam
Tiruchirappalli,Tiruchirappalli,ZONE,Sennakarai
Tiruchirappalli,Tiruchirappalli,ZONE,Poosaripatti
Warangal,Warangal,ZONE,Chinnaboinapalli
Tiruchirappalli,Tiruchirappalli,ZONE,Veeramachampatti
Warangal,Warangal,ZONE,Chowtaparthy
Chittoor,Chittoor,ZONE,Adavibudugur
Amritsar,Amritsar,ZONE,Rani Villa
Jakarta,Kebon Jeruk/Tomang/Slipi,ZONE,Duri Selatan
Noida,Sector 25,ZONE,Sector 23
Ernakulam,Kakkanad,ZONE,Cheranalloor
Thrissur,Thrissur,ZONE,Paralam
Nellore,Nellore,ZONE,Nandipadu
Warangal,Warangal,ZONE,Kollapur
Thrissur,Thrissur,ZONE,Murikkungal
Tiruchirappalli,Tiruchirappalli,ZONE,Mettupatti
Warangal,Warangal,ZONE,Aknoor
Warangal,Warangal,ZONE,Danampalli
Warangal,Warangal,ZONE,Marrimuchal
Patna,Raja Bazar,ZONE,Bihta
Patna,Raja Bazar,ZONE,Dewan
Bhubaneswar,Bhubaneswar,ZONE,Jhinti Sasan
Tirunelveli,Tirunelveli,ZONE,Maruthankinar
Amritsar,Amritsar,ZONE,Kot Atma Ram
Amritsar,Amritsar,ZONE,Lakhuwal
Lucknow,Ashiyana,ZONE,Deoti
Delhi,Shastri nagar,ZONE,Shastri Nagar
Guntur,Guntur,ZONE,Kolakaluru
Kolkata,Bhowanipore,ZONE,Chowringhee Road
Salem,Salem,ZONE,Chinnathanda
North 24 Parganas,North 24 Parganas,ZONE,Anandapuri
Delhi,Rohini,ZONE,Rohini Sector 38
Mumbai,Bandra,ZONE,Linking Road
Bangalore,Whitefield,ZONE,Channasandra
Ernakulam,Kakkanad,ZONE,Peringala
Kozhikode,Kozhikode,ZONE,Muthappan Puzha
Thrissur,Thrissur,ZONE,Vellikulangara
Tiruchirappalli,Tiruchirappalli,ZONE,Manachanalloor
Tiruchirappalli,Tiruchirappalli,ZONE,N.Poolampatti
Kottayam,Kottayam,ZONE,Kudavechoor
Tirunelveli,Tirunelveli,ZONE,Kambapacheri
Lucknow,Hazratganj,ZONE,Ganesh Ganj
Bilaspur,Bilaspur,ZONE,Kodwa
Rajahmundry,Rajahmundry,ZONE,Stadium Road
Delhi,Nehru place,ZONE,Sukhdev Vihar
Nellore,Nellore,ZONE,Venkatagiri Town
Pune,Pimpri chinchwad,ZONE,Pimple Nilakh
Bangalore,HSR Layout,ZONE,Jakkasandra
Warangal,Warangal,ZONE,Rangapur Project Nagar
Amritsar,Amritsar,ZONE,Sialka
Lucknow,Gomtinagar,ZONE,Malhaur
Bangalore,Hebbal + HBR layout,ZONE,Sadashivanagar
Aurangabad (BH),Aurangabad (BH),ZONE,Kurwan
Bilaspur,Bilaspur,ZONE,Pendra Road
Amritsar,Amritsar,ZONE,Bhinder
Amritsar,Amritsar,ZONE,Dhanoakalan
Lucknow,Hazratganj,ZONE,Gaunda
Amritsar,Amritsar,ZONE,Vairowal
Karur,Karur,ZONE,Varavanai
Madurai,Madurai,ZONE,Tiruvedagam West
Salem,Salem,ZONE,Kariyakoil
Quezon City,Quezon Region,ZONE,Blue Ridge B
Delhi,Model town,ZONE,Kalyan Vihar
Surat,Katragam,ZONE,Aganovad
Ranchi,Ranchi,ZONE,Khatri Khatanga
Ranchi,Ranchi,ZONE,Pundidiri
Puducherry,Puducherry,ZONE,Mutrampattu
Kannur,Kannur,ZONE,Chendayad
Ranchi,Ranchi,ZONE,Kharta
Ranchi,Ranchi,ZONE,Reladih
Nellore,Nellore,ZONE,Bhyravaram
Nellore,Nellore,ZONE,Talvaipadu
Thrissur,Thrissur,ZONE,Pootharakkal
Salem,Salem,ZONE,Suramangalam Railway Colony
Aurangabad,Aurangabad,ZONE,Bharadi
East Khasi Hills,Shillong-East Khasi Hills,ZONE,Mawsynram
Ernakulam,Tripunithura,ZONE,Madakkathanam
Kannur,Kannur,ZONE,Punnad
Kottayam,Kottayam,ZONE,Devagiri
Warangal,Warangal,ZONE,Narsaipalli
Bangalore,JP Nagar,ZONE,JP Nagar 8 Phase
Kozhikode,Kozhikode,ZONE,Kannancheri
Chittoor,Chittoor,ZONE,Melamdoddi
Allahabad,Allahabad,ZONE,Hathigahan
Guwahati,Guwahati,ZONE,Binovanagar
Allahabad,Allahabad,ZONE,Ramgarh Kothari
Aurangabad,Aurangabad,ZONE,Warud KH
Warangal,Warangal,ZONE,Datla
Bilaspur,Bilaspur,ZONE,Majhwani
Bilaspur,Bilaspur,ZONE,Dagori
Amritsar,Amritsar,ZONE,Ram Diwali Hinduan
Jaipur,Vaishali Nagar,ZONE,Dholi
Hooghly,Hooghly,ZONE,Daharkunda
Hooghly,Hooghly,ZONE,Mayapur
Nellore,Nellore,ZONE,Varagali
Salem,Salem,ZONE,Navapatti
Tangerang,Tangerang,ZONE,Pasir Jaya
North 24 Parganas,North 24 Parganas,ZONE,Akandakeshari
Bangalore,Indiranagar,ZONE,Byrasandra
Ahmedabad,Paldi,ZONE,Ellisbridge
Singapore,Orchard,ZONE,Orchard
Nellore,Nellore,ZONE,Makthapuram
Nellore,Nellore,ZONE,Padamatinaidupalli
Lucknow,Vikas Nagar,ZONE,Jankipuram sector 7
Noida,Sector 50,ZONE,Sector 37
Jakarta,Kebon Jeruk/Tomang/Slipi,ZONE,Kebon Jeruk
Mysore,Mysore,ZONE,Murkal
Mysore,Mysore,ZONE,Kalenahalli
Salem,Salem,ZONE,Idappadi
Bhubaneswar,Bhubaneswar,ZONE,Angarpada
Kannur,Kannur,ZONE,Ramanthali
Kozhikode,Kozhikode,ZONE,Nittur
Kozhikode,Kozhikode,ZONE,Velom
Aurangabad,Aurangabad,ZONE,Pimpri
Chittoor,Chittoor,ZONE,Appa Rao Street
Lucknow,Hazratganj,ZONE,Beerpur
Hooghly,Hooghly,ZONE,Teghari
Hooghly,Hooghly,ZONE,Kamdebpur
Vijayawada,Suryaraopet,ZONE,Suryaraopet
Jakarta,Kramat Jati/Pasar Rebo,ZONE,Kelapa Dua Wetan
Tangerang,Tangerang,ZONE,Tanah Merah
San Juan,San Juan Region,ZONE,Daang Bakal
Hyderabad,Bolarum,ZONE,Bolarum
Mangalore,Mangalore,ZONE,Kannur
Mangalore,Mangalore,ZONE,Kolavoor
Mangalore,Mangalore,ZONE,Kudripadavu
Kannur,Kannur,ZONE,Ummenchira
Nashik,Panchavati,ZONE,Makhmalabad
Tirunelveli,Tirunelveli,ZONE,Gopalasamudram
Warangal,Warangal,ZONE,Meedikonda
Chittoor,Chittoor,ZONE,Mallarapuvandlapalle
Tirunelveli,Tirunelveli,ZONE,Thenpothai
Amritsar,Amritsar,ZONE,Banian
Delhi,Civil lines,ZONE,GTB Nagar
Chennai,Chennai South East 1,ZONE,Sholinganallur
Erode,Erode,ZONE,Murali
East Khasi Hills,Shillong-East Khasi Hills,ZONE,Disong
Warangal,Warangal,ZONE,Apparajpalli
Tirunelveli,Tirunelveli,ZONE,Reddiarpatti
Tiruchirappalli,Tiruchirappalli,ZONE,Thalakudi
Warangal,Warangal,ZONE,Shalapalli
Chittoor,Chittoor,ZONE,Kothakota
Allahabad,Allahabad,ZONE,Babhan Kuiyan
Kottayam,Kottayam,ZONE,Konipad
Nellore,Nellore,ZONE,Madarabadara
Tirunelveli,Tirunelveli,ZONE,Karisulthamangalam
Puducherry,Puducherry,ZONE,Kariyamanikam
Tirunelveli,Tirunelveli,ZONE,Tenmalai
Allahabad,Allahabad,ZONE,Allahpur
Lucknow,Aliganj,ZONE,Ind.Area Sarojininagar
Thrissur,Thrissur,ZONE,Madayikonam
Salem,Salem,ZONE,Cauvery Peak
Tiruchirappalli,Tiruchirappalli,ZONE,Konnagudi
Amritsar,Amritsar,ZONE,Shahura
Guntur,Guntur,ZONE,Lam
Tiruchirappalli,Tiruchirappalli,ZONE,Reddimangudi
North Goa,North Goa,ZONE,Batim
Puducherry,Puducherry,ZONE,Morattandi
Aurangabad (BH),Aurangabad (BH),ZONE,Bedhani
Bilaspur,Bilaspur,ZONE,Malhar
Guntur,Guntur,ZONE,Anantavaram
Delhi,Nehru place,ZONE,Okhla Industrial Estate
Chennai,Chennai Central,ZONE,Anna Nagar West
Hooghly,Hooghly,ZONE,Beniajole
Erode,Erode,ZONE,Odayagoundenpalayam
Guntur,Guntur,ZONE,Kunduruvaripalem
Guntur,Guntur,ZONE,Ramayalam
Karur,Karur,ZONE,Poolampalayam
Tangerang,Tangerang,ZONE,Bencongan
Chittoor,Chittoor,ZONE,Obulayapalle
Delhi,Rohini,ZONE,"Rohini, Sector 3"
Ahmedabad,Saraspur,ZONE,Nikol
Singapore,Ang Mo Kio,ZONE,Sin Ming
Karur,Karur,ZONE,Vangal
Nellore,Nellore,ZONE,Gudur
Nellore,Nellore,ZONE,Vendodu
Madurai,Madurai,ZONE,Eravarpatti
Hooghly,Hooghly,ZONE,Morepukur
North 24 Parganas,North 24 Parganas,ZONE,Deganga
North 24 Parganas,North 24 Parganas,ZONE,Bidhan Nagar AE Market
Allahabad,Allahabad,ZONE,Shergarh
Chandigarh,Sector 36,ZONE,Sector 47
North 24 Parganas,North 24 Parganas,ZONE,Sukdwani
Bilaspur,Bilaspur,ZONE,Ramdas Nagar
Amritsar,Amritsar,ZONE,Takhutuchak
Nellore,Nellore,ZONE,Somasila Project
South Tangerang,South Tangerang,ZONE,Lengkong Karya
South Tangerang,South Tangerang,ZONE,Paku Jaya
Kolkata,Central,ZONE,Machuabazar
Delhi,Dwarka,ZONE,Dwarka Sector 12
Erode,Erode,ZONE,Karattupalayam
Erode,Erode,ZONE,Kasipalayam
Guntur,Guntur,ZONE,Kanumarlapudi
Madurai,Madurai,ZONE,Kidaripatti
Tangerang,Tangerang,ZONE,Kenanga
Tangerang,Tangerang,ZONE,Cempaka
Hooghly,Hooghly,ZONE,Udaypur
North 24 Parganas,North 24 Parganas,ZONE,Basirhat Bazar
Gurgaon,CivilLines,ZONE,Gurgaon Sector 15
Panchkula,Panchkula,ZONE,Kalka
São Paulo,Morumbi,ZONE,Morumbi
Chennai,Chennai South 1,ZONE,Chinmaya Nagar
Ahmedabad,Maninagar,ZONE,Amraiwadi
Mysore,Mysore,ZONE,Sargur
Mysore,Mysore,ZONE,Hinkal
Kottayam,Kottayam,ZONE,Kummannoor
Thrissur,Thrissur,ZONE,Vijayaraghavapuram
Nellore,Nellore,ZONE,Padamatikhambampadu
Kottayam,Kottayam,ZONE,Ozhavur East
Tiruchirappalli,Tiruchirappalli,ZONE,Viswambalsamudram
Tirunelveli,Tirunelveli,ZONE,Mayamankurichi
Tirunelveli,Tirunelveli,ZONE,Theertharappapuram
Tirunelveli,Tirunelveli,ZONE,Karuthapillaiyur
Chittoor,Chittoor,ZONE,Marripalle
Thrissur,Thrissur,ZONE,Aranattukara
Pune,Kothrud,ZONE,Kothrud
Warangal,Warangal,ZONE,Arepalli
Tirunelveli,Tirunelveli,ZONE,Thottakudi
Delhi,Malviya nagar,ZONE,Lado Sarai
Hooghly,Hooghly,ZONE,New Chandpur
Jaipur,C Scheme,ZONE,Shivaji Nagar
Chennai,Chennai South 2,ZONE,Nandanam
Karur,Karur,ZONE,Chinthamanipatti
Tangerang,Tangerang,ZONE,Jengkol
Tangerang,Tangerang,ZONE,Marga Mulya
Bangalore,Majestic,ZONE,Richmond Town
Guntur,Guntur,ZONE,Gundalapadu
Amritsar,Amritsar,ZONE,Chima Bath
North Goa,North Goa,ZONE,Salvador De Mond
Guntur,Guntur,ZONE,Ellamanda
North Goa,North Goa,ZONE,Nagzar
Hooghly,Hooghly,ZONE,Rajendra Avenue
North 24 Parganas,North 24 Parganas,ZONE,Dogacha
Singapore,Woodlands,ZONE,Yishun
Guntur,Guntur,ZONE,Naidupalem
Salem,Salem,ZONE,Kannankurichi
Tangerang,Tangerang,ZONE,Surya Bahari
Tangerang,Tangerang,ZONE,Jati Mulya
Allahabad,Allahabad,ZONE,Sulem Sarai
Kolkata,Central,ZONE,Lalbazar
North 24 Parganas,North 24 Parganas,ZONE,Haroa
Surat,Katragam,ZONE,Utran
Singapore,Geylang,ZONE,Amber Road
Ranchi,Ranchi,ZONE,Pogra
Vadodara,Raopura,ZONE,Fatepura
Cavite,Cavite,ZONE,Silang
Thiruvananthapuram,Thiruvananthapuram,ZONE,Kudavur
Ernakulam,Tripunithura,ZONE,Perumbadavam
East Khasi Hills,Shillong-East Khasi Hills,ZONE,Kalatak
Tirunelveli,Tirunelveli,ZONE,Perumalpuram
Kozhikode,Kozhikode,ZONE,Kotancheri-tamaracheri
Thiruvananthapuram,Thiruvananthapuram,ZONE,Paruthikuzhy
Allahabad,Allahabad,ZONE,Gunai Gaharpur
Aurangabad,Aurangabad,ZONE,Chandgon
Warangal,Warangal,ZONE,Inchencherupalli
Amritsar,Amritsar,ZONE,Thothian
Bilaspur,Bilaspur,ZONE,Saida
Bilaspur,Bilaspur,ZONE,Torwa
Jaipur,Raja Park,ZONE,Ghasipura
Nellore,Nellore,ZONE,Molakalapudi
North 24 Parganas,North 24 Parganas,ZONE,Mathuadham Mondalpara
North 24 Parganas,North 24 Parganas,ZONE,Parulia
Faridabad,Faridabad,ZONE,Rupraka
São Paulo,Vila Mariana,ZONE,Jardim Prainha
Guntur,Guntur,ZONE,Pedakonduru
Erode,Erode,ZONE,Koneripatti
Erode,Erode,ZONE,Kokkarayanpettai
North 24 Parganas,North 24 Parganas,ZONE,Kanchiara
Ghaziabad,Rajendra Nagar,ZONE,Sahibabad
Ghaziabad,Vaishali,ZONE,Vasundhara
Mysore,Mysore,ZONE,Belavadi
Ernakulam,Panampilly Nagar,ZONE,Mattancherry Bazar
East Khasi Hills,Shillong-East Khasi Hills,ZONE,Gumaghat
Warangal,Warangal,ZONE,Sannur
Allahabad,Allahabad,ZONE,Parewa Narainpur
Karur,Karur,ZONE,Sathiyamangalam
Madurai,Madurai,ZONE,Madurai Courts
Patna,Raja Bazar,ZONE,Raja Bazar
North 24 Parganas,North 24 Parganas,ZONE,Jhikra
Pune,Karve nagar,ZONE,Sinhagad Road
Vadodara,Alkapuri,ZONE,Akota
Faridabad,Faridabad,ZONE,Sector 46
Thrissur,Thrissur,ZONE,Trikkur
Thrissur,Thrissur,ZONE,Ariyannur
Nagpur,Sadar,ZONE,Dr.Ambedkar Marg
Warangal,Warangal,ZONE,Mandapalli
Tiruchirappalli,Tiruchirappalli,ZONE,Uppliapuram
Aurangabad (BH),Aurangabad (BH),ZONE,Malhara
Chittoor,Chittoor,ZONE,Maredupalle
Guntur,Guntur,ZONE,Kallipalem
Hooghly,Hooghly,ZONE,Belmuri
Jaipur,Vidhyadhar Nagar,ZONE,Station Road
Nellore,Nellore,ZONE,Yepilagunta
Visakhapatnam,Gajuwaka,ZONE,Boduvalasa
Warangal,Warangal,ZONE,Bikkal
Bangalore,Hebbal + HBR layout,ZONE,Ganganagar
Kottayam,Kottayam,ZONE,Kurumannu
Thrissur,Thrissur,ZONE,Kottappuram Wri
Tiruchirappalli,Tiruchirappalli,ZONE,Karumalai
Tirunelveli,Tirunelveli,ZONE,Kadana Anaithittam
Thiruvananthapuram,Thiruvananthapuram,ZONE,Chettachal
Chittoor,Chittoor,ZONE,Nadimpalle
Chittoor,Chittoor,ZONE,Ardhamalaputheri
Amritsar,Amritsar,ZONE,Ladhewal
Amritsar,Amritsar,ZONE,Raja Sansi
Nellore,Nellore,ZONE,Mannarpolur
Lucknow,Ashiyana,ZONE,Bijnaur
Aurangabad (BH),Aurangabad (BH),ZONE,Karsaon
Rajahmundry,Rajahmundry,ZONE,Hukumpeta
Amritsar,Amritsar,ZONE,Manawan
Nellore,Nellore,ZONE,Mikkilimpeta
Chittoor,Chittoor,ZONE,Sanambhatla
Amritsar,Amritsar,ZONE,Thathgarh
Warangal,Warangal,ZONE,Madannapet
Chittoor,Chittoor,ZONE,T.Sandravaripalle
Guntur,Guntur,ZONE,Karlapudi
Guntur,Guntur,ZONE,Apsp Colony
Hooghly,Hooghly,ZONE,Bhandarhati
Chennai,Chennai North,ZONE,Kodungaiyur
Chennai,Chennai South 1,ZONE,Maduravoyal
South Goa,South Goa,ZONE,Cundaim I.E.
Guntur,Guntur,ZONE,Janapadu
Bhubaneswar,Bhubaneswar,ZONE,Mendhasala
Warangal,Warangal,ZONE,Thanamcherla
Madurai,Madurai,ZONE,Visalakshi Nagar
Guntur,Guntur,ZONE,Mangalagiri
Guntur,Guntur,ZONE,Satyanarayanapuram
Karur,Karur,ZONE,Hiranyamangalam
Jakarta,Kebayoran/Bintaro,ZONE,Kebayoran Lama Utara
Chittoor,Chittoor,ZONE,Cheruvumundarapalle
North 24 Parganas,North 24 Parganas,ZONE,Colony Simulia
Bangalore,JP Nagar,ZONE,Balaji Gardens Layout
Madurai,Madurai,ZONE,Ariyapatti
Salem,Salem,ZONE,Panankattur
Tangerang,Tangerang,ZONE,Muncung
Lucknow,Ashiyana,ZONE,Gopalpuri
Hooghly,Hooghly,ZONE,Masjidlane
Allahabad,Allahabad,ZONE,Rajapur
Chittoor,Chittoor,ZONE,Alapakam
Kanpur,Kidwai Nagar,ZONE,Kidwai Nagar
Panchkula,Panchkula,ZONE,Tikkar
Delhi,Preet vihar,ZONE,Laxmi Nagar
Gurgaon,DLFPhaseI,ZONE,Sikanderpur
Ernakulam,Kakkanad,ZONE,Thalakode
Ranchi,Ranchi,ZONE,"Chairman, RRB"
Kozhikode,Kozhikode,ZONE,Calicut
Bangalore,Electronics City,ZONE,Hosur Road
Thiruvananthapuram,Thiruvananthapuram,ZONE,Aryanad
Guwahati,Guwahati,ZONE,Amgaon
Lucknow,Hazratganj,ZONE,Mohibullahpur
Chittoor,Chittoor,ZONE,Nanasahebpet
Tiruchirappalli,Tiruchirappalli,ZONE,Rock Fort
Thiruvananthapuram,Thiruvananthapuram,ZONE,Malakkal
Nellore,Nellore,ZONE,Krishnapatnam
Salem,Salem,ZONE,Shenbagamadevi
Visakhapatnam,Gajuwaka,ZONE,Dharagangavaram
Tiruchirappalli,Tiruchirappalli,ZONE,Kamarajanagar
Aurangabad,Aurangabad,ZONE,Lonwadi
Visakhapatnam,Gajuwaka,ZONE,Vepagunta
Bangalore,Jayanagar,ZONE,Jayanagar 4 Block
Kozhikode,Kozhikode,ZONE,Cherukulathur
Warangal,Warangal,ZONE,Madanthurthi
Chittoor,Chittoor,ZONE,Seshapuram
Chittoor,Chittoor,ZONE,Kamachinnayapalle
Chittoor,Chittoor,ZONE,Pitchalvandlapalle
Chittoor,Chittoor,ZONE,Kandukuru
Allahabad,Allahabad,ZONE,Unchdeeh
Aurangabad (BH),Aurangabad (BH),ZONE,Molbiganj Pothu
Patna,Raja Bazar,ZONE,Patliputra
Bhubaneswar,Bhubaneswar,ZONE,Bharatpur
Amritsar,Amritsar,ZONE,Aima Kalan
Guntur,Guntur,ZONE,Lingamguntla
Chittoor,Chittoor,ZONE,Balaganganapalle
Kozhikode,Kozhikode,ZONE,Padiripetta
Thiruvananthapuram,Thiruvananthapuram,ZONE,Perukavu
Thrissur,Thrissur,ZONE,Nelluvaya
Erode,Erode,ZONE,Savakattupalayam
Allahabad,Allahabad,ZONE,Jalalpur Ghosi
Tiruchirappalli,Tiruchirappalli,ZONE,Kondayampettai
East Khasi Hills,Shillong-East Khasi Hills,ZONE,Telsora
Warangal,Warangal,ZONE,Chinnakodepak
Bilaspur,Bilaspur,ZONE,Sirgitti
Bilaspur,Bilaspur,ZONE,Bilha
Lucknow,Aliganj,ZONE,Mahona
Noida,Gejha,ZONE,Sector 107
Mumbai,Dadar,ZONE,Matunga West
Amritsar,Amritsar,ZONE,Ajnala
Guntur,Guntur,ZONE,Rangaraothota
Guntur,Guntur,ZONE,Paladugu
Madurai,Madurai,ZONE,K.Sennampatti
Jaipur,Jhotwara,ZONE,Gudha Bersal
Guntur,Guntur,ZONE,Butchipapannapalem
São Paulo,Bela Vista,ZONE,Cambuci
Hooghly,Hooghly,ZONE,Natibpur
Salem,Salem,ZONE,Ramamurthinagar
Salem,Salem,ZONE,A.N.Mangalam
North 24 Parganas,North 24 Parganas,ZONE,Bhawanipur
Aurangabad,Aurangabad,ZONE,Vidya Nagar
Salem,Salem,ZONE,Mallikundam
Quezon City,Quezon Region,ZONE,Gulod
Gurgaon,Manesar,ZONE,Gurgaon Sector 85
Ahmedabad,Naranpura,ZONE,Railway Colony
Chennai,Chennai South West 2,ZONE,Urapakkam
Nellore,Nellore,ZONE,Kayyur
Salem,Salem,ZONE,Unathur
Lucknow,Vikas Nagar,ZONE,Jankipuram sector 8
Guntur,Guntur,ZONE,Santhagudipadu
Amritsar,Amritsar,ZONE,Pindian
Faridabad,Faridabad,ZONE,Jaindapur
Thane,Thane Central,ZONE,Panch Pakhadi
Jamshedpur,Jamshedpur,ZONE,
Ranchi,Ranchi,ZONE,Mankidih
Tangerang,Tangerang,ZONE,Bunar
Navi Mumbai,JNPT,ZONE,Karanja
Jakarta,Kebayoran/Bintaro,ZONE,Pesanggrahan
Kanpur,Swaroop Nagar,ZONE,Tilak Nagar
Ranchi,Ranchi,ZONE,Vijaygiri
Puducherry,Puducherry,ZONE,Rayapudupakkam
Puducherry,Puducherry,ZONE,Sri Aurobindo Ashram
Karur,Karur,ZONE,Manmangalam
Madurai,Madurai,ZONE,Malampatti
Tangerang,Tangerang,ZONE,Bojongloa
Nashik,Gangapur Road,ZONE,Shreerang Nagar
Quezon City,Quezon Region,ZONE,Pasong Tamo
Thrissur,Thrissur,ZONE,Anjur-kunnamkulam
Tiruchirappalli,Tiruchirappalli,ZONE,Kovilpatti
Tirunelveli,Tirunelveli,ZONE,Adaichani
Chennai,Chennai North East,ZONE,Parrys
South Goa,South Goa,ZONE,Cavelossim
Noida,Sector 71,ZONE,Sector 71
São Paulo,Mooca,ZONE,Água Rasa
Ernakulam,Panampilly Nagar,ZONE,Thoppumpady
Kottayam,Kottayam,ZONE,Erumely
Tirunelveli,Tirunelveli,ZONE,Viswanathaperi
Chittoor,Chittoor,ZONE,Pachanapalle
Chittoor,Chittoor,ZONE,Panapakam
Chittoor,Chittoor,ZONE,Lakshmipuram
Bilaspur,Bilaspur,ZONE,Chhatan
Ahmedabad,Saraspur,ZONE,Sardarnagar
Salem,Salem,ZONE,Valayamadevi
Quezon City,Quezon Region,ZONE,Diliman
Quezon City,Quezon Region,ZONE,New Era
Bhubaneswar,Bhubaneswar,ZONE,Naharakanta
Tirunelveli,Tirunelveli,ZONE,Kulakkattakurichi
Chittoor,Chittoor,ZONE,Vempalle
Kanpur,Kidwai Nagar,ZONE,Govind Nagar
Amritsar,Amritsar,ZONE,INA Colony
Delhi,Punjabi bagh,ZONE,Madipur
Chittoor,Chittoor,ZONE,Pandur
Jaipur,Sanganer,ZONE,Dwarikapuri
Chennai,Chennai South West 2,ZONE,St Thomas Mount
Guntur,Guntur,ZONE,Neerukonda
Guntur,Guntur,ZONE,Cheruvukommupalem
Jakarta,Kebon Jeruk/Tomang/Slipi,ZONE,Jati Pulo
Ranchi,Ranchi,ZONE,Bisahakhatanga
Mysore,Mysore,ZONE,Gejjiganahalli
Nellore,Nellore,ZONE,Kamakur
Madurai,Madurai,ZONE,T.Kunnathur
Jakarta,Kebayoran/Bintaro,ZONE,Gandaria Utara
Mangalore,Mangalore,ZONE,Valpady
North 24 Parganas,North 24 Parganas,ZONE,Satberia
Hyderabad,Kukatpally,ZONE,Ramachandrapuram
Kottayam,Kottayam,ZONE,Vakathanam
Jaipur,Raja Park,ZONE,Barnagar
Jaipur,C Scheme,ZONE,Bhura Tiba
Erode,Erode,ZONE,Nagamanaickenpatti
Salem,Salem,ZONE,Ramanathapuram
Kozhikode,Kozhikode,ZONE,Katameri
Thrissur,Thrissur,ZONE,Vettikkatti R.S.
Nellore,Nellore,ZONE,Balireddypalem
Mysore,Mysore,ZONE,Konanur
Tirunelveli,Tirunelveli,ZONE,Shenbagaramanallur
Bangalore,Hebbal + HBR layout,ZONE,Kothanur
Tirunelveli,Tirunelveli,ZONE,Venkateswarapuram
Chittoor,Chittoor,ZONE,Aranyam Kandriga
Panchkula,Panchkula,ZONE,Billa
Ranchi,Ranchi,ZONE,Akashi
Mangalore,Mangalore,ZONE,Aikala
Amritsar,Amritsar,ZONE,Bhittewad
Guntur,Guntur,ZONE,N.S.C.Colony
Guntur,Guntur,ZONE,Ravipadu
Ludhiana,Ludhiana Zone 3,ZONE,CMC
Coimbatore,Singanallur,ZONE,Kalapatti
Erode,Erode,ZONE,Vazhaithottam
Erode,Erode,ZONE,Aratholuvu
Kottayam,Kottayam,ZONE,Kangazha
Jakarta,Kramat Jati/Pasar Rebo,ZONE,Cijantung
Allahabad,Allahabad,ZONE,Lukerganj
Kolkata,Bhowanipore,ZONE,Kalighat
Taguig,Taguig Region,ZONE,Santa Rosa
Mysore,Mysore,ZONE,Tonachikoppal Layout
Jaipur,Durgapura,ZONE,Shakti nagar
Ernakulam,Kakkanad,ZONE,Kadavoor
Kanpur,Kidwai Nagar,ZONE,Lal bangla
Karur,Karur,ZONE,Isanatham
Karur,Karur,ZONE,Athur
Nashik,Mumbai Naka,ZONE,Sriniwas Colony
North 24 Parganas,North 24 Parganas,ZONE,Bangaon Bazar
North 24 Parganas,North 24 Parganas,ZONE,Barasat Bazar
Chennai,Chennai South East 1,ZONE,MRC Nagar
South Goa,South Goa,ZONE,Cuncolim
Faridabad,Faridabad,ZONE,Press Colony
Nellore,Nellore,ZONE,Panchedu
Kottayam,Kottayam,ZONE,Pampady
Jakarta,Cengkareng/Penjaringan/Kalideres,ZONE,Semanan
Ranchi,Ranchi,ZONE,Diwan Nagar
Kottayam,Kottayam,ZONE,Neerikkad
Aurangabad,Aurangabad,ZONE,Eta
Tiruchirappalli,Tiruchirappalli,ZONE,Vengaikurichi
Aurangabad (BH),Aurangabad (BH),ZONE,Choukhara
Allahabad,Allahabad,ZONE,Nai Bazar
Chittoor,Chittoor,ZONE,Arogyavaram
Lucknow,Hazratganj,ZONE,Rehman Khera
Dantewada,Dantewada,ZONE,Modakpal
Amritsar,Amritsar,ZONE,Bhaini Rajputan
Guntur,Guntur,ZONE,Sekuru
Amritsar,Amritsar,ZONE,Harsha Chhina
North 24 Parganas,North 24 Parganas,ZONE,Gobardanga
Quezon City,Quezon Region,ZONE,West Kamias
Puducherry,Puducherry,ZONE,Moolakulam
East Khasi Hills,Shillong-East Khasi Hills,ZONE,Sohkmie
Mangalore,Mangalore,ZONE,Mogaru
Mysore,Mysore,ZONE,Alanahlli
Kottayam,Kottayam,ZONE,Kottamuri
Kottayam,Kottayam,ZONE,Palai Market Junction
Kozhikode,Kozhikode,ZONE,West Hill
Thiruvananthapuram,Thiruvananthapuram,ZONE,Pozhiyoor
Thrissur,Thrissur,ZONE,Chittanjur
Aurangabad,Aurangabad,ZONE,Chauka
Nagpur,Dhantoli,ZONE,Narendra Nagar
Warangal,Warangal,ZONE,Rajavaram
Lucknow,Hazratganj,ZONE,C E School
Amritsar,Amritsar,ZONE,Talwandi Dasaunda Singh
Delhi,Janakpuri,ZONE,Hari Nagar
Guntur,Guntur,ZONE,Kandlagunta
Jakarta,Kebayoran/Bintaro,ZONE,Gunung
Hooghly,Hooghly,ZONE,Hindmotor
Hooghly,Hooghly,ZONE,Mundalika
North 24 Parganas,North 24 Parganas,ZONE,Ganadipayan
North 24 Parganas,North 24 Parganas,ZONE,Ramchandrapur Khaspur
Gurgaon,Badsharpur,ZONE,Gurgaon Sector 70
Hyderabad,Sanath nagar,ZONE,Borabanda
Ranchi,Ranchi,ZONE,Getalsud
Mysore,Mysore,ZONE,Mandakalli
Mysore,Mysore,ZONE,Mydanahalli
Kannur,Kannur,ZONE,Mundayamparamba
Thiruvananthapuram,Thiruvananthapuram,ZONE,Moothala
East Khasi Hills,Shillong-East Khasi Hills,ZONE,Phlangwanbroi
Warangal,Warangal,ZONE,Nellutla
Warangal,Warangal,ZONE,Buddugonda
Bangalore,shivajinagar + MG Road,ZONE,Ashoknagar
Thrissur,Thrissur,ZONE,Karuvannur
Indore,Palasia,ZONE,Commissioner Income Tax Residency Area
Allahabad,Allahabad,ZONE,Jawaniya
Tirunelveli,Tirunelveli,ZONE,Muvirunthali
Patna,Raja Bazar,ZONE,Kurthaul
Chandigarh,Sector 20,ZONE,Raj Bhawan
Tirunelveli,Tirunelveli,ZONE,Sengottai
Meerut,Bacha Park,ZONE,Akbarpur Sadat
North Goa,North Goa,ZONE,Bambolim Complex
Hooghly,Hooghly,ZONE,Sankarpur
Kanpur,Kidwai Nagar,ZONE,Udyog Nagar
Chittoor,Chittoor,ZONE,Desireddigaripalle
Amritsar,Amritsar,ZONE,Manihala Jai Singh
Jaipur,Raja Park,ZONE,Dudu
Nellore,Nellore,ZONE,Ponguru
Madurai,Madurai,ZONE,Tiruppalai
South Tangerang,South Tangerang,ZONE,Pondok Cabe Ilir
Tangerang,Tangerang,ZONE,Merak
Indore,Palasia,ZONE,Musakhedi
Taguig,Taguig Region,ZONE,Maybunga
Nellore,Nellore,ZONE,Kapparallatippa
Tangerang,Tangerang,ZONE,Dukuh
Nashik,Mumbai Naka,ZONE,Prabhat Colony
Hooghly,Hooghly,ZONE,Khanyan
North 24 Parganas,North 24 Parganas,ZONE,Sethpukur
North 24 Parganas,North 24 Parganas,ZONE,Banipur
North 24 Parganas,North 24 Parganas,ZONE,Ghosh Para Road
Surat,Athawa,ZONE,Majura Gate
Quezon City,Quezon Region,ZONE,Pansol
Visakhapatnam,Gajuwaka,ZONE,Kurmannapalem
Faridabad,Faridabad,ZONE,Kheri Kalan
Bangalore,Banashankari + RR Nagar,ZONE,Subramanyapura
Ranchi,Ranchi,ZONE,Kuchu
Ranchi,Ranchi,ZONE,Tetri
Ranchi,Ranchi,ZONE,Buti
Ernakulam,Panampilly Nagar,ZONE,Edavanakad
Kozhikode,Kozhikode,ZONE,Chappanthottam
Aurangabad,Aurangabad,ZONE,Fazalpura
Aurangabad,Aurangabad,ZONE,Naregaon
Kottayam,Kottayam,ZONE,Elakad
Nagpur,Sadar,ZONE,Nagpur GPO
Chittoor,Chittoor,ZONE,Yetteri
Aurangabad (BH),Aurangabad (BH),ZONE,Rukundi Jhikatia
Allahabad,Allahabad,ZONE,Niyayipur
Amritsar,Amritsar,ZONE,Narli
Aurangabad,Aurangabad,ZONE,Nevpur
Tirunelveli,Tirunelveli,ZONE,Karankadu
Chennai,Chennai South East 1,ZONE,Neelankarai
Nellore,Nellore,ZONE,Gopannapalem Kandriga
Salem,Salem,ZONE,Karuppur
Tangerang,Tangerang,ZONE,Babat
Allahabad,Allahabad,ZONE,Rampur Kalan
North 24 Parganas,North 24 Parganas,ZONE,Bahangatushkhali
Taguig,Taguig Region,ZONE,Tabacalera
Ahmedabad,Paldi,ZONE,Paldi
Nellore,Nellore,ZONE,Mahimalur
Madurai,Madurai,ZONE,Ma Rajaji Hospital
Lucknow,Gomtinagar,ZONE,Vibhuthi khand
Mumbai,Tardeo,ZONE,Grant Road
Noida,Sector 71,ZONE,Sector 35
Gurgaon,Sector10,ZONE,"Megha Traders Ltd, Dundahera"
Ranchi,Ranchi,ZONE,Haramlohar
Kannur,Kannur,ZONE,Vellad
Mangalore,Mangalore,ZONE,Moodbidri
Mangalore,Mangalore,ZONE,Panambur
Thrissur,Thrissur,ZONE,Kannampallipuram
Ernakulam,Kakkanad,ZONE,Maliankara
Tirunelveli,Tirunelveli,ZONE,Melaputhaneri
Tirunelveli,Tirunelveli,ZONE,Muthukrishnapuram
Kozhikode,Kozhikode,ZONE,Morikkara
Patna,Rajendra Nagar,ZONE,Fatwa
Nellore,Nellore,ZONE,Kandamur
Tiruchirappalli,Tiruchirappalli,ZONE,Thinniam
Warangal,Warangal,ZONE,Konney
Tiruchirappalli,Tiruchirappalli,ZONE,Okkarai
Bhubaneswar,Bhubaneswar,ZONE,Ganganagar
Chittoor,Chittoor,ZONE,Udayamanikyam
Amritsar,Amritsar,ZONE,Loharka Kalan
Guntur,Guntur,ZONE,Thimmapuram
Amritsar,Amritsar,ZONE,Wadalkalan
Kanpur,Kakadeo,ZONE,K P University
Kanpur,Kidwai Nagar,ZONE,Yashoda Nagar
Bilaspur,Bilaspur,ZONE,Mangla
Chittoor,Chittoor,ZONE,Applayagunta
Bilaspur,Bilaspur,ZONE,Lamer
Guntur,Guntur,ZONE,L.W.Works
Guntur,Guntur,ZONE,Yamarru
Jaipur,Mansarovar,ZONE,Paldi
North Goa,North Goa,ZONE,Santa Cruz
Meerut,Shastri Nagar,ZONE,Gandhi Ashram
Erode,Erode,ZONE,Erode Collectorate
Erode,Erode,ZONE,Kuthambi
Nellore,Nellore,ZONE,Vallamedu
Madurai,Madurai,ZONE,Manappachery
Madurai,Madurai,ZONE,Kethuvarpatti
Tangerang,Tangerang,ZONE,Suka Bakti
Tangerang,Tangerang,ZONE,Onyam
Hooghly,Hooghly,ZONE,Akna
Hooghly,Hooghly,ZONE,Shibpur Bansberia
North 24 Parganas,North 24 Parganas,ZONE,Basirhat
Quezon City,Quezon Region,ZONE,Kaunlaran
Quezon City,Quezon Region,ZONE,Tatalon
Bangalore,Indiranagar,ZONE,SG Palya (CV Raman Nagar)
Ahmedabad,Saraspur,ZONE,Gomtipur
Faridabad,Faridabad,ZONE,Sector-19
Singapore,Orchard,ZONE,Somerset
Singapore,Ang Mo Kio,ZONE,Ang Mo Kio
Guntur,Guntur,ZONE,Nagualapadu
Hooghly,Hooghly,ZONE,Digra
Kolkata,Park street,ZONE,Park Street
Delhi,Rohini,ZONE,Rohini Sector 20
Mumbai,Tardeo,ZONE,Peddar Road
Noida,Sector 57,ZONE,Sector 11
Panchkula,Panchkula,ZONE,Mauli
Ranchi,Ranchi,ZONE,Banthahazam
Ranchi,Ranchi,ZONE,Halmad
Mysore,Mysore,ZONE,Anjaneya Block
Delhi,Shahdara,ZONE,Shahdara
Kottayam,Kottayam,ZONE,Veroor
Tiruchirappalli,Tiruchirappalli,ZONE,Valasiramani
Pune,Pimpri chinchwad,ZONE,Ravet
East Khasi Hills,Shillong-East Khasi Hills,ZONE,Balat
Warangal,Warangal,ZONE,Bheemaram
Bangalore,Malleswaram,ZONE,Malleswaram
Warangal,Warangal,ZONE,Ramannagudem
Lucknow,Hazratganj,ZONE,Molviganj
Lucknow,Ashiyana,ZONE,Nilmatha
Aurangabad (BH),Aurangabad (BH),ZONE,Dorma
Chittoor,Chittoor,ZONE,Vepagunta
Guntur,Guntur,ZONE,Amudarlanka
Hooghly,Hooghly,ZONE,Mora
Erode,Erode,ZONE,Tudupathi
Hyderabad,Afzal gunj,ZONE,Yakutpura
Lucknow,Ashiyana,ZONE,Sadar Bajar
Faridabad,Faridabad,ZONE,Sector 21B
Taguig,Taguig Region,ZONE,Santa Elena
Mumbai,Tardeo,ZONE,Hajiali
Mumbai,Powai,ZONE,Vikhroli
Mangalore,Mangalore,ZONE,Niddodi
North Goa,North Goa,ZONE,Cotorem
Kottayam,Kottayam,ZONE,Peringalam
Thrissur,Thrissur,ZONE,Ponjanam
Thrissur,Thrissur,ZONE,Chiramanangad
Bhubaneswar,Bhubaneswar,ZONE,Sundarpada
Tirunelveli,Tirunelveli,ZONE,Vadakaraikilpidagai
Tirunelveli,Tirunelveli,ZONE,Kalakudi
Aurangabad (BH),Aurangabad (BH),ZONE,Erki
Bilaspur,Bilaspur,ZONE,Fasterpur
Rajahmundry,Rajahmundry,ZONE,Ramadasupeta
Guntur,Guntur,ZONE,Kastala
Jaipur,Raja Park,ZONE,Tilak Nagar
Kozhikode,Kozhikode,ZONE,Naduvannur
Thiruvananthapuram,Thiruvananthapuram,ZONE,Oorupoika
Tiruchirappalli,Tiruchirappalli,ZONE,K.K.Nagar
East Khasi Hills,Shillong-East Khasi Hills,ZONE,Nongjri
Warangal,Warangal,ZONE,Kunur
Kottayam,Kottayam,ZONE,Bharananganam
Kottayam,Kottayam,ZONE,Njandupara
Kottayam,Kottayam,ZONE,Teekoy
Kozhikode,Kozhikode,ZONE,Peringalam
Nellore,Nellore,ZONE,Kotapolur
Nagpur,Ramdaspeth,ZONE,Jaitala
Tirunelveli,Tirunelveli,ZONE,Ambasamudram Angadi
Tirunelveli,Tirunelveli,ZONE,Mudaliarpatti
Allahabad,Allahabad,ZONE,Amitco
Tawang,Gispu,ZONE,Kitpi
Kozhikode,Kozhikode,ZONE,Karanthur
Kozhikode,Kozhikode,ZONE,Malaparamba
Chittoor,Chittoor,ZONE,Thondamanadu
Thiruvananthapuram,Thiruvananthapuram,ZONE,Chittattumukku
Thrissur,Thrissur,ZONE,Chittanda
Chittoor,Chittoor,ZONE,Pallur
Allahabad,Allahabad,ZONE,Ramaipur
Chittoor,Chittoor,ZONE,Pallikuppam
Lucknow,Ashiyana,ZONE,Banthra
Nellore,Nellore,ZONE,Nawabpeta
Chittoor,Chittoor,ZONE,Padi
Chittoor,Chittoor,ZONE,S.V.Nagar
Aurangabad,Aurangabad,ZONE,Katepimpalgaon
Nellore,Nellore,ZONE,Kondameedikondur
Warangal,Warangal,ZONE,Nainpak
Mohali,Mohali,ZONE,Dharamgarh
Mohali,Mohali,ZONE,Rani Majra
Lucknow,Gomtinagar,ZONE,Gomtinagar Vistar
Chennai,Chennai West,ZONE,Avadi
Erode,Erode,ZONE,Edayankattuvalsu
Warangal,Warangal,ZONE,Mallampalli
Erode,Erode,ZONE,Kothamangalam
Nellore,Nellore,ZONE,Rudrakota
Madurai,Madurai,ZONE,Meenambalpuram
Madurai,Madurai,ZONE,Solanguruni
Chennai,Chennai West,ZONE,Padi
Erode,Erode,ZONE,Ponmudi
Jakarta,Kebon Jeruk/Tomang/Slipi,ZONE,Tanah Sereal
Tangerang,Tangerang,ZONE,Kosambi Barat
Tangerang,Tangerang,ZONE,Ranca Ilat
Tangerang,Tangerang,ZONE,Pete
Kolkata,Dum dum,ZONE,Sethbagan
Chittoor,Chittoor,ZONE,Chittoor Sugarfactory
Delhi,Rohini,ZONE,"Rohini, Sector 6"
Mumbai,Tardeo,ZONE,Walkeshwar
Jakarta,Cempaka Putih/Kemayoran/Menteng/Tanah abang,ZONE,Karet Tengsin
Madurai,Madurai,ZONE,Vagurani
Tangerang,Tangerang,ZONE,Kamuning
Tangerang,Tangerang,ZONE,Klutuk
Hooghly,Hooghly,ZONE,Mahesh -1
Hyderabad,Bolarum,ZONE,Lal Bazaar
Aurangabad (BH),Aurangabad (BH),ZONE,H Bigha
Faridabad,Faridabad,ZONE,G.T. Road
Amritsar,Amritsar,ZONE,Balbawa
Singapore,Woodlands,ZONE,Yio Chu Kang
Delhi,Preet vihar,ZONE,Preet Vihar
Gurgaon,Sector10,ZONE,Khandsa
Delhi,Janakpuri,ZONE,Tilak Nagar
Kannur,Kannur,ZONE,Ayithara Mambram
Mysore,Mysore,ZONE,Chilkunda
Kottayam,Kottayam,ZONE,Kanjirapally
Thiruvananthapuram,Thiruvananthapuram,ZONE,Ulloor
Nellore,Nellore,ZONE,Mudivarthipalem
Nellore,Nellore,ZONE,Kommarapudi
Salem,Salem,ZONE,Kolathukombai
Tiruchirappalli,Tiruchirappalli,ZONE,Pappakurichi Kattur
Thiruvananthapuram,Thiruvananthapuram,ZONE,Sasthavattom
Thiruvananthapuram,Thiruvananthapuram,ZONE,Panangode
Thrissur,Thrissur,ZONE,Panangad
Chittoor,Chittoor,ZONE,Sirunambudur
Bhopal,South Bhopal,ZONE,Mahaveer Nagar
Tiruchirappalli,Tiruchirappalli,ZONE,Balakrishnampatti
Tiruchirappalli,Tiruchirappalli,ZONE,Pudur
Tiruchirappalli,Tiruchirappalli,ZONE,Golden Rock Market
Tiruchirappalli,Tiruchirappalli,ZONE,Natarajapuram
Bangalore,Jayanagar,ZONE,Jayanagar 9 Block
Warangal,Warangal,ZONE,Wardhannapet
Kozhikode,Kozhikode,ZONE,Kakkad Pudupadi
Agra,Agra City,ZONE,Wazir Pura
Allahabad,Allahabad,ZONE,Arail
Tirunelveli,Tirunelveli,ZONE,Thiruvettanallur
Guwahati,Guwahati,ZONE,Khanapara
Allahabad,Allahabad,ZONE,Naudhiya Tarhar
Chittoor,Chittoor,ZONE,Thummanamgutta
Chittoor,Chittoor,ZONE,Pudi R.S.
Amritsar,Amritsar,ZONE,Alipur
Delhi,Patparganj,ZONE,Pandav Nagar
Guntur,Guntur,ZONE,Pothuru
Salem,Salem,ZONE,Asambur
Tiruchirappalli,Tiruchirappalli,ZONE,Pudurpalayam
Visakhapatnam,MVP,ZONE,Yendada
Dantewada,Dantewada,ZONE,Phulpad
Kottayam,Kottayam,ZONE,Ayarkunnam
Noida,Sector 57,ZONE,Sector 22
Tirunelveli,Tirunelveli,ZONE,Sevalkulam
Kozhikode,Kozhikode,ZONE,Avitanallur
Kozhikode,Kozhikode,ZONE,Mandarathur
Kozhikode,Kozhikode,ZONE,Pathiyarakkara
Kozhikode,Kozhikode,ZONE,Velom Peruvayal
Thiruvananthapuram,Thiruvananthapuram,ZONE,Ayroor-varkala
Thiruvananthapuram,Thiruvananthapuram,ZONE,Kudappanakunnu
Nellore,Nellore,ZONE,Mettu
Nellore,Nellore,ZONE,Allur
Madurai,Madurai,ZONE,Kallandiri
Bangalore,HSR Layout,ZONE,Neelasandra
Bangalore,Malleswaram,ZONE,Kumara Park West
Aurangabad (BH),Aurangabad (BH),ZONE,Khadiha Kerka
Amritsar,Amritsar,ZONE,Vachhoa
Lucknow,Aliganj,ZONE,Singhamau
Taguig,Taguig Region,ZONE,Santolan
Delhi,Rohini,ZONE,Rohini Sector 29
Ghaziabad,Indirapuram,ZONE,Vijai Nagar
Lucknow,Hazratganj,ZONE,Sectariate
Karur,Karur,ZONE,Somur
Madurai,Madurai,ZONE,Sindhupatti
Guntur,Guntur,ZONE,Pidaparru
Salem,Salem,ZONE,Manathal Nallagoundampatti
Ludhiana,Ludhiana Zone 2,ZONE,Lalbagh
North 24 Parganas,North 24 Parganas,ZONE,Sandeshkhali
Hyderabad,Dilsukh nagar,ZONE,Saroor Nagar
Erode,Erode,ZONE,Koshanam
Tangerang,Tangerang,ZONE,Poris Plawad
North 24 Parganas,North 24 Parganas,ZONE,Paschim Palta
Gurgaon,Manesar,ZONE,Gurgaon Sector 93
Ranchi,Ranchi,ZONE,Kutchery Road
Jamshedpur,Jamshedpur,ZONE,Bistupur
Ahmedabad,Satellite,ZONE,Sarkhej Road
Amritsar,Amritsar,ZONE,Kakkar
Mysore,Mysore,ZONE,Chikkabeechanahalli
São Paulo,Bela Vista,ZONE,Pacaembu
Mohali,Mohali,ZONE,Kurali
South Goa,South Goa,ZONE,Loliem Polem
Guntur,Guntur,ZONE,Nandigama
Erode,Erode,ZONE,Chennimalai
Guntur,Guntur,ZONE,Kakani
Chandigarh,Sector 36,ZONE,Sector-50D
Ranchi,Ranchi,ZONE,Salgadih
Delhi,Dwarka,ZONE,Dwarka Sector 29
Mumbai,Andheri east,ZONE,JB Nagar
São Paulo,Santana,ZONE,Vila Guilherme
Nellore,Nellore,ZONE,Madiraja Guduru
Kannur,Kannur,ZONE,Kannookara
Kottayam,Kottayam,ZONE,Pathamuttom
Puducherry,Puducherry,ZONE,Puducherry University
Karur,Karur,ZONE,Andankoil
Madurai,Madurai,ZONE,Lakshmipuram
Thrissur,Thrissur,ZONE,Attur
Tiruchirappalli,Tiruchirappalli,ZONE,Tirupanjili
Tiruchirappalli,Tiruchirappalli,ZONE,Kodumbapatti
Nagpur,Dhantoli,ZONE,Dighori Kale
Warangal,Warangal,ZONE,Buttaigudem
Tiruchirappalli,Tiruchirappalli,ZONE,Turaiyur
Mumbai,Powai,ZONE,Vikhroli East
Ahmedabad,Saraspur,ZONE,Cantonment
São Paulo,Bela Vista,ZONE,Aclimação
Ernakulam,Kakkanad,ZONE,Kakkanad
Warangal,Warangal,ZONE,Annaram
Aurangabad (BH),Aurangabad (BH),ZONE,Bisunpur Chati
Bilaspur,Bilaspur,ZONE,Gobripat
Amritsar,Amritsar,ZONE,Nizampura
Erode,Erode,ZONE,Ellisnagar
Nellore,Nellore,ZONE,Janathapeta
Jakarta,Kramat Jati/Pasar Rebo,ZONE,Susukan
Kottayam,Kottayam,ZONE,Kottayam South
Thiruvananthapuram,Thiruvananthapuram,ZONE,Perumkulam
Thrissur,Thrissur,ZONE,Thiruvenkitam
Nellore,Nellore,ZONE,Kuricherlapadu
Thrissur,Thrissur,ZONE,Mannamangalam
Aurangabad,Aurangabad,ZONE,Khamgaon
Visakhapatnam,Gajuwaka,ZONE,Govt Dairy Farm
Visakhapatnam,MVP,ZONE,Pedagadili
Ernakulam,Kakkanad,ZONE,Sreemoolanagaram
Warangal,Warangal,ZONE,Lingapur
Tirunelveli,Tirunelveli,ZONE,Navaladi
Dantewada,Dantewada,ZONE,Chhindgarh
Mysore,Mysore,ZONE,Hosa Agrahara
Delhi,Shahdara,ZONE,Karawal Nagar
Kozhikode,Kozhikode,ZONE,Kodiyura
Puducherry,Puducherry,ZONE,Rainbow Nagar
Delhi,Preet vihar,ZONE,Savita Vihar
Mumbai,Kandivali,ZONE,Kandivali West
Pune,Pimpri chinchwad,ZONE,Chikhali
Bhubaneswar,Bhubaneswar,ZONE,Laxmisagar
Guntur,Guntur,ZONE,Venkatakrishnapuram
North Goa,North Goa,ZONE,St Inez
Hooghly,Hooghly,ZONE,Kedarpur
Guntur,Guntur,ZONE,Kotanemalipuri
Aurangabad,Aurangabad,ZONE,Galle Borgaon
Pune,Bibvewadi,ZONE,Swargate
Chittoor,Chittoor,ZONE,Erlampalle
Bilaspur,Bilaspur,ZONE,Terhadhaura
Lucknow,Hazratganj,ZONE,Yahiaganj
Guntur,Guntur,ZONE,Palapadu
Amritsar,Amritsar,ZONE,Gandiwind Dhattal
Erode,Erode,ZONE,Sundakkampalayam
Nellore,Nellore,ZONE,Indupur
South Tangerang,South Tangerang,ZONE,Sarua Indah
Tangerang,Tangerang,ZONE,Cikasungka
Chittoor,Chittoor,ZONE,Peddur Reservoir
Madurai,Madurai,ZONE,Arasaradi
Mohali,Mohali,ZONE,Sector 64
Kannur,Kannur,ZONE,Koorara
Kolkata,Tollygunge,ZONE,Tollygunge
Hyderabad,Sanath nagar,ZONE,HMT Colony
Mumbai,Chembur,ZONE,Mankhurd
Chittoor,Chittoor,ZONE,T.Sodam
Chandigarh,Sector 36,ZONE,Sector 34
Amritsar,Amritsar,ZONE,Pakhopura
Panchkula,Panchkula,ZONE,I.T.B.P. Bhanu
Bhopal,Old Bhopal,ZONE,Kohefiza
Mysore,Mysore,ZONE,Chakkodanahalli
Mysore,Mysore,ZONE,Kotige Yedathore
Kozhikode,Kozhikode,ZONE,Onchiyam
Tirunelveli,Tirunelveli,ZONE,Thiruppudaimarudur
Tirunelveli,Tirunelveli,ZONE,A. Sathankulam
Bangalore,Yeshwantpur,ZONE,Hesaraghatta
Warangal,Warangal,ZONE,Kapulakanparthy
Warangal,Warangal,ZONE,Chinnavangara
Warangal,Warangal,ZONE,Beat Bazar
Aurangabad (BH),Aurangabad (BH),ZONE,Ramnagar
Mysore,Mysore,ZONE,Chikkanerale
Hooghly,Hooghly,ZONE,Katsara
Hooghly,Hooghly,ZONE,Mazinan
Erode,Erode,ZONE,Agalaraipalayam
Karur,Karur,ZONE,Sevapur
Nellore,Nellore,ZONE,Aravedu
Tangerang,Tangerang,ZONE,Panunggangan Utara
Kolkata,Dum dum,ZONE,Bonhooghly
Kolkata,Dum dum,ZONE,Jessore Road
North 24 Parganas,North 24 Parganas,ZONE,Jagatdal
San Juan,San Juan Region,ZONE,Namayan
Faridabad,Faridabad,ZONE,Sector 17
Ernakulam,Kakkanad,ZONE,Udyogamandal
Warangal,Warangal,ZONE,Hanamkonda
Tirunelveli,Tirunelveli,ZONE,Chinthamani
Allahabad,Allahabad,ZONE,Bharari
Chittoor,Chittoor,ZONE,Palakur
Bilaspur,Bilaspur,ZONE,Singhri
Amritsar,Amritsar,ZONE,Jafarkot
Ranchi,Ranchi,ZONE,Sero
Ranchi,Ranchi,ZONE,Maranghada
Salem,Salem,ZONE,Jagir Ammapalayam
Salem,Salem,ZONE,Parapatti
Kolkata,Dum dum,ZONE,Kalimandir
Mumbai,Andheri west,ZONE,Andheri West
Mysore,Mysore,ZONE,Danaikanapura
Amritsar,Amritsar,ZONE,Bhangala
Erode,Erode,ZONE,Nagalur
Erode,Erode,ZONE,Pichandampalayam
Karur,Karur,ZONE,Senapiratti
Karur,Karur,ZONE,Venjamangudalur
Jakarta,Cempaka Putih/Kemayoran/Menteng/Tanah abang,ZONE,Cempaka Putih Barat
Jakarta,Kebayoran/Bintaro,ZONE,Cipulir
Madurai,Madurai,ZONE,Usilampatti Pettai
North 24 Parganas,North 24 Parganas,ZONE,Bohara
North 24 Parganas,North 24 Parganas,ZONE,Raghunathpur
Hyderabad,Habsiguda,ZONE,Malkajgiri
Surat,Vesu,ZONE,Vesu
Singapore,Little India,ZONE,Farrer Park
Kottayam,Kottayam,ZONE,Nedumkunnam
Guntur,Guntur,ZONE,Chintayapalem
Erode,Erode,ZONE,Erode South
Karur,Karur,ZONE,Thokkupattipudur
Salem,Salem,ZONE,Sanarapatti
Hooghly,Hooghly,ZONE,Pakri
Amritsar,Amritsar,ZONE,Makhanwindi
Kottayam,Kottayam,ZONE,Anjoottimangalam
Kottayam,Kottayam,ZONE,Elikulam
Aurangabad,Aurangabad,ZONE,Karmad
Tiruchirappalli,Tiruchirappalli,ZONE,Perahambi
Nagpur,Sadar,ZONE,Mahatma Fule Bazar
Tiruchirappalli,Tiruchirappalli,ZONE,Turaiyur Extension
Nellore,Nellore,ZONE,Kavali
Madurai,Madurai,ZONE,Tallakulam
Salem,Salem,ZONE,Pallipatti
Salem,Salem,ZONE,Periyagoundapuram
Singapore,Ang Mo Kio,ZONE,Newton
São Paulo,Vila Mariana,ZONE,São Judas
Tangerang,Tangerang,ZONE,Sindang Jaya
North 24 Parganas,North 24 Parganas,ZONE,Hemnagar
Taguig,Taguig Region,ZONE,Fortune
Kottayam,Kottayam,ZONE,Madukkakunuu
Nellore,Nellore,ZONE,Chaganam
Tiruchirappalli,Tiruchirappalli,ZONE,Amayapuram
Nashik,Gangapur Road,ZONE,Ycm Open Univesity
Warangal,Warangal,ZONE,Samudrala
Delhi,Chanakyapuri,ZONE,Chanakyapuri
Tangerang,Tangerang,ZONE,Sudimara Timur
Bhubaneswar,Bhubaneswar,ZONE,Sisilo
Allahabad,Allahabad,ZONE,Dhobaha
Lucknow,Gomtinagar,ZONE,Juggaur
Salem,Salem,ZONE,Kozhikalnatham
Thrissur,Thrissur,ZONE,Vettukad
Tirunelveli,Tirunelveli,ZONE,Chidamabarapuram
Tirunelveli,Tirunelveli,ZONE,Idindakarai
Tirunelveli,Tirunelveli,ZONE,Ittamozhi
Mangalore,Mangalore,ZONE,Kudupu
Tirunelveli,Tirunelveli,ZONE,Malayadikurichi
Tirunelveli,Tirunelveli,ZONE,Kodikurichi
Warangal,Warangal,ZONE,Fatheshapur
Allahabad,Allahabad,ZONE,Mugarshan
Chittoor,Chittoor,ZONE,Kongattam
Guntur,Guntur,ZONE,Govada
Delhi,Mehrauli,ZONE,Ghitorni
North 24 Parganas,North 24 Parganas,ZONE,Atapur
Faridabad,Faridabad,ZONE,Sector-16
Thrissur,Thrissur,ZONE,Eravathur
Chittoor,Chittoor,ZONE,Kurabalakota
Allahabad,Allahabad,ZONE,Nibaiya
Nellore,Nellore,ZONE,Pelleru
Nellore,Nellore,ZONE,Gonupalli
Thane,Dombivali,ZONE,Dombivli East
Tiruchirappalli,Tiruchirappalli,ZONE,Purathakudi
Guntur,Guntur,ZONE,Kammavaripalem
Guntur,Guntur,ZONE,Dharmavaram
Guwahati,Guwahati,ZONE,Udayan Vihar
Allahabad,Allahabad,ZONE,Sallahpur
Meerut,Bacha Park,ZONE,Meerut Kutchery
Chittoor,Chittoor,ZONE,Komaragunta
Guntur,Guntur,ZONE,Jettipalem
Guntur,Guntur,ZONE,Pothumeraka
Erode,Erode,ZONE,Kolappalur
Karur,Karur,ZONE,Inunganur
Karur,Karur,ZONE,Rajapuram
Madurai,Madurai,ZONE,Mangalampatti
Madurai,Madurai,ZONE,E.Kottapatty
Madurai,Madurai,ZONE,Perungamanallur
Kannur,Kannur,ZONE,Thondiyil
Hooghly,Hooghly,ZONE,Baratajpur
São Paulo,Lapa,ZONE,Sumaré
Nellore,Nellore,ZONE,Kanuparthipadu
Aurangabad,Aurangabad,ZONE,Pachod
Tiruchirappalli,Tiruchirappalli,ZONE,Natham Balasamudram
Ranchi,Ranchi,ZONE,Ranchi Veterinary College
Tirunelveli,Tirunelveli,ZONE,Kurugapuram
Allahabad,Allahabad,ZONE,Khaptiha
Meerut,Sadar Bazaar,ZONE,A.P. Badhla
Dantewada,Dantewada,ZONE,Kanjipani
Warangal,Warangal,ZONE,Peddapur
Amritsar,Amritsar,ZONE,Bundala
Bhubaneswar,Bhubaneswar,ZONE,Kausalyaganga
Chennai,Chennai Central,ZONE,Mogappair East
Karur,Karur,ZONE,Krishnarayapuram
Nellore,Nellore,ZONE,Kodurupadu
Nellore,Nellore,ZONE,Lebur
Mysore,Mysore,ZONE,Melur
Amritsar,Amritsar,ZONE,Green Avenue
Bangalore,Marathahalli,ZONE,Carmelaram
Meerut,Sadar Bazaar,ZONE,Madhavpuram
Taguig,Taguig Region,ZONE,Lower Bicutan
Makati,Makati Region,ZONE,Urdaneta
San Juan,San Juan Region,ZONE,Flores
Jakarta,Kramat Jati/Pasar Rebo,ZONE,Ciracas
Nellore,Nellore,ZONE,Kakupalli
Guwahati,Guwahati,ZONE,Kharguli
Bilaspur,Bilaspur,ZONE,Semariya
Amritsar,Amritsar,ZONE,Sangatpura
Amritsar,Amritsar,ZONE,Hoshiar Nagar
Delhi,Karol bagh,ZONE,Patel Nagar West
Hooghly,Hooghly,ZONE,Bhangamora
Ahmedabad,Saraspur,ZONE,Shahpur
Singapore,Woodlands,ZONE,Woodlands
Gurgaon,Sector10,ZONE,Gurgaon Sector 33
Kanpur,Chunniganj,ZONE,Harsh Nagar
Greater Noida,Greater Noida,ZONE,Beta II
Gurgaon,CivilLines,ZONE,Palam Vihar
Jakarta,Kebon Jeruk/Tomang/Slipi,ZONE,Kota Bambu Utara
Ranchi,Ranchi,ZONE,Landup
Jaipur,Vidhyadhar Nagar,ZONE,Shastri Nagar
Karur,Karur,ZONE,Veeriyapalayam
Meerut,Bacha Park,ZONE,Budhana Gate
Ranchi,Ranchi,ZONE,Nindra
Ranchi,Ranchi,ZONE,Ghaghra
Mysore,Mysore,ZONE,Hebbalaguppe
Coimbatore,Gandhipuram,ZONE,R.S. Puram
Ernakulam,Kakkanad,ZONE,Pareekanni
Ernakulam,Tripunithura,ZONE,Vadayampadi
Delhi,Civil lines,ZONE,Timarpur
Jakarta,Cempaka Putih/Kemayoran/Menteng/Tanah abang,ZONE,Gunung Sahari Selatan
Jaipur,C Scheme,ZONE,A.G.Office
Manila,Manila Region,ZONE,Tondo
Ahmedabad,Saraspur,ZONE,Nana Chiloda
Ahmedabad,Satellite,ZONE,Bopal
Nellore,Nellore,ZONE,Adurupalli
Erode,Erode,ZONE,Kambiliyampatti
Ernakulam,Kakkanad,ZONE,Kalady
Kottayam,Kottayam,ZONE,Thampalakkad
Guntur,Guntur,ZONE,Kubadpuram
Erode,Erode,ZONE,Pichakalpatti
Salem,Salem,ZONE,Kudamalai
Lucknow,Vikas Nagar,ZONE,Jankipuram sector 6
South Tangerang,South Tangerang,ZONE,Pamulang Timur
São Paulo,Santana,ZONE,Jardim do Colégio
Chandigarh,Sector 20,ZONE,Sector 7
Delhi,Rohini,ZONE,Rohini Sector 23
Delhi,South extension,ZONE,Siri Fort Road
Mysore,Mysore,ZONE,Naganapura
Ernakulam,Panampilly Nagar,ZONE,North End
Tirunelveli,Tirunelveli,ZONE,Padmaneri
Bilaspur,Bilaspur,ZONE,Andi
Chittoor,Chittoor,ZONE,Sri Bommarajapuram
Puducherry,Puducherry,ZONE,Villiyanur
Puducherry,Puducherry,ZONE,Viranam
Guntur,Guntur,ZONE,Konetipuram
Kannur,Kannur,ZONE,Alavil
Ranchi,Ranchi,ZONE,Piska
Amritsar,Amritsar,ZONE,Vallah
Hooghly,Hooghly,ZONE,Boso
Erode,Erode,ZONE,Dharapuram
Tangerang,Tangerang,ZONE,Kalibaru
North 24 Parganas,North 24 Parganas,ZONE,Gobardhanpur
Bhopal,Central Bhopal,ZONE,Arera Colony
Singapore,Geylang,ZONE,Potong Pasir
San Juan,San Juan Region,ZONE,San Juan City
Mangalore,Mangalore,ZONE,Koikude
Nagpur,Wardhaman Nagar,ZONE,Pardi
Mohali,Mohali,ZONE,Phase 8
Karur,Karur,ZONE,Appipalayam
Madurai,Madurai,ZONE,Tirumoghur
Salem,Salem,ZONE,Pottaneri
North 24 Parganas,North 24 Parganas,ZONE,Akaipur
North 24 Parganas,North 24 Parganas,ZONE,Narayanpur
North 24 Parganas,North 24 Parganas,ZONE,Krishnapur
Mumbai,Tardeo,ZONE,Nana Chowk
South Goa,South Goa,ZONE,St. Jose De Areal
Faridabad,Faridabad,ZONE,Lakhani Company Plot 131 Sector-6
Faridabad,Faridabad,ZONE,Hurithal
Mangalore,Mangalore,ZONE,Thokur
Mysore,Mysore,ZONE,Ukkalagere
Delhi,Shahdara,ZONE,Balbir Nagar
Kannur,Kannur,ZONE,Parikkalam
Thrissur,Thrissur,ZONE,Vadakkethara
Aurangabad,Aurangabad,ZONE,Shendurwada
Tirunelveli,Tirunelveli,ZONE,Mulaikaraipatti
Warangal,Warangal,ZONE,Kolanpalli
Hooghly,Hooghly,ZONE,Nalikul
Jakarta,PuloGadung/Duren Sawit,ZONE,Utan Kayu Utara
Kolkata,Central,ZONE,Cossipore Gun Factory
Ranchi,Ranchi,ZONE,Tangarbasli
Thiruvananthapuram,Thiruvananthapuram,ZONE,Elluvila
Aurangabad,Aurangabad,ZONE,Ambelohal
Tirunelveli,Tirunelveli,ZONE,Brahmadesam
Tirunelveli,Tirunelveli,ZONE,Ramasamipuram
Chittoor,Chittoor,ZONE,Kuppamvandlapalle
Warangal,Warangal,ZONE,Mandelagudem
Delhi,Janakpuri,ZONE,Jeevan Park
Hooghly,Hooghly,ZONE,Rajhat
Chennai,Chennai South 1,ZONE,Alwarthirunagar
Erode,Erode,ZONE,Salaipudur
Erode,Erode,ZONE,Sankarapalayam
Karur,Karur,ZONE,Vaiyapurinagar
Tangerang,Tangerang,ZONE,Ketapang
Makati,Makati Region,ZONE,La paz
Taguig,Taguig Region,ZONE,South Signal Village
Hyderabad,Dilsukh nagar,ZONE,Indira Nagar
Hyderabad,Dilsukh nagar,ZONE,Krishna Nagar
Delhi,Mehrauli,ZONE,Chhatarpur Extension
Nellore,Nellore,ZONE,Chintalatmakur
Chandigarh,Sector 20,ZONE,Tribune Colony
Jamshedpur,Jamshedpur,ZONE,"Director XLRI, Circuit House Area"
Ludhiana,Ludhiana Zone 3,ZONE,Sita Nagar
Salem,Salem,ZONE,Veeranam
East Khasi Hills,Shillong-East Khasi Hills,ZONE,Tyrsad
Tiruchirappalli,Tiruchirappalli,ZONE,Kallakudi North
Aurangabad,Aurangabad,ZONE,Shivna
Aurangabad,Aurangabad,ZONE,Karanjgaon
Nellore,Nellore,ZONE,Korimerla
Chittoor,Chittoor,ZONE,Gattuvaripalle
Chittoor,Chittoor,ZONE,Matluvaripalle
Allahabad,Allahabad,ZONE,Saidabad
Amritsar,Amritsar,ZONE,Pahuwind
Guntur,Guntur,ZONE,Choutra
Erode,Erode,ZONE,Govindapuram
Erode,Erode,ZONE,Nelali
Chittoor,Chittoor,ZONE,Nindra
Chittoor,Chittoor,ZONE,Mugalamarrikothapalle
Chittoor,Chittoor,ZONE,Ravillavarikandriga
Erode,Erode,ZONE,Desipalayam
Madurai,Madurai,ZONE,Viraganur
Madurai,Madurai,ZONE,Chittampatti
Kolkata,Dum dum,ZONE,Noapara
Jaipur,Vaishali Nagar,ZONE,Haldiyon Ka Rasta
Delhi,Model town,ZONE,Burari
Guntur,Guntur,ZONE,Gummanampadu
Guntur,Guntur,ZONE,Vupparapalem
Jaipur,Vaishali Nagar,ZONE,Phulera Bazar
Salem,Salem,ZONE,Koonandiyur
North 24 Parganas,North 24 Parganas,ZONE,Bhaduria
Quezon City,Quezon Region,ZONE,Dona Josefa
North 24 Parganas,North 24 Parganas,ZONE,Manicktala
Delhi,Karol bagh,ZONE,Rajendra Nagar
Mohali,Mohali,ZONE,Sector 71
Mohali,Mohali,ZONE,Phase - 1
Chennai,Chennai Central,ZONE,Mogappair
South Goa,South Goa,ZONE,Quepem
Salem,Salem,ZONE,Tharkadusundarapuram
Ranchi,Ranchi,ZONE,Gurgaon
Kottayam,Kottayam,ZONE,Chennad
Kottayam,Kottayam,ZONE,Kalathukadavu
Kottayam,Kottayam,ZONE,Kozhuvanal
Nellore,Nellore,ZONE,Anepudi
Tiruchirappalli,Tiruchirappalli,ZONE,Palayapalayam
Warangal,Warangal,ZONE,Gundalpahad
Aurangabad,Aurangabad,ZONE,Khuldabad
Nellore,Nellore,ZONE,Iskapalem
Tirunelveli,Tirunelveli,ZONE,Dalapathisamudram
Tirunelveli,Tirunelveli,ZONE,Tenkulam
Hooghly,Hooghly,ZONE,Barul
Erode,Erode,ZONE,Ramalingapuram
Tirunelveli,Tirunelveli,ZONE,Kurichanpatti
Allahabad,Allahabad,ZONE,Tejpur
Guntur,Guntur,ZONE,Bellamkonda
Guntur,Guntur,ZONE,Bethapudi
Guntur,Guntur,ZONE,Nagaram
Amritsar,Amritsar,ZONE,Gaggobhua
Taguig,Taguig Region,ZONE,Palatiw
North 24 Parganas,North 24 Parganas,ZONE,Secondranagar
Erode,Erode,ZONE,Velampalayam
Erode,Erode,ZONE,Bellampatti
Hyderabad,Trimulgherry,ZONE,Karkhana
Madurai,Madurai,ZONE,Pandian Nagar
Madurai,Madurai,ZONE,Samayanallur
Tangerang,Tangerang,ZONE,Kampung Kelor
Hyderabad,Kukatpally,ZONE,Serilingampally
Ludhiana,Ludhiana Zone 3,ZONE,Chhawani mohalla
Ludhiana,Ludhiana Zone 1,ZONE,Guru preet nagar
Ludhiana,Ludhiana Zone 3,ZONE,Ramesh nagar
Greater Noida,Greater Noida,ZONE,Gamma I
Patna,Rajendra Nagar,ZONE,Shareef Colony
Mysore,Mysore,ZONE,New Bamboo Bazaar
Ernakulam,Tripunithura,ZONE,Kokkappilly
Ranchi,Ranchi,ZONE,Ranchi Agriculture College
Mangalore,Mangalore,ZONE,Kodiyalbail
Thrissur,Thrissur,ZONE,Pookode
Mysore,Mysore,ZONE,Chiduravalli
Kannur,Kannur,ZONE,Vengad
Kottayam,Kottayam,ZONE,Kurisummoodu
Kozhikode,Kozhikode,ZONE,Kuliramutty
Thiruvananthapuram,Thiruvananthapuram,ZONE,Daivapura
Aurangabad (BH),Aurangabad (BH),ZONE,Simla
Nellore,Nellore,ZONE,Ramannapalem
Nellore,Nellore,ZONE,Thumaya
Warangal,Warangal,ZONE,Dabbakunta Palli
Guntur,Guntur,ZONE,Ananthavarappadu
Guntur,Guntur,ZONE,Donka Road
Guwahati,Guwahati,ZONE,Silpukhuri
Jaipur,Raja Park,ZONE,Daulatpura
Guntur,Guntur,ZONE,Voppicherla
Mohali,Mohali,ZONE,Rasanheri
Madurai,Madurai,ZONE,Therkilamur
Madurai,Madurai,ZONE,Poosalapuram
Hooghly,Hooghly,ZONE,Dabra
Quezon City,Quezon Region,ZONE,Doña Imelda
Quezon City,Quezon Region,ZONE,Sangandaan
Gurgaon,Manesar,ZONE,Gurgaon Sector 78
Faridabad,Faridabad,ZONE,Hodal
São Paulo,Mooca,ZONE,Vila Azevedo
Hooghly,Hooghly,ZONE,Salepur
Jaipur,Vidhyadhar Nagar,ZONE,Bhutera
Nellore,Nellore,ZONE,Panugodu
Indore,Palasia,ZONE,Shree Nagar
North 24 Parganas,North 24 Parganas,ZONE,Padmalavpur
North 24 Parganas,North 24 Parganas,ZONE,Maslandapur
Delhi,Model town,ZONE,Model Town
São Paulo,Butantã,ZONE,Butantã
Mohali,Mohali,ZONE,Sector- 57
Faridabad,Faridabad,ZONE,Bamni Khera
Mysore,Mysore,ZONE,Kothegala
Kozhikode,Kozhikode,ZONE,Mudavantheri
Thiruvananthapuram,Thiruvananthapuram,ZONE,Avanavancherry
Thiruvananthapuram,Thiruvananthapuram,ZONE,Karamana
Chittoor,Chittoor,ZONE,Adaram
Agra,Kamla Nagar,ZONE,G.G Industries
Bilaspur,Bilaspur,ZONE,Sildaha
Amritsar,Amritsar,ZONE,Varnala
Coimbatore,Singanallur,ZONE,Pasur-avanashi
Erode,Erode,ZONE,Komarapalayam
Mumbai,Dadar,ZONE,Antop Hill
Mangalore,Mangalore,ZONE,Panjimogaru
Ernakulam,Tripunithura,ZONE,Kakkoor
Allahabad,Allahabad,ZONE,Kewai Buzurg
Aurangabad (BH),Aurangabad (BH),ZONE,Jhinguri
Guntur,Guntur,ZONE,Mantripalem
Jaipur,Vaishali Nagar,ZONE,Shyam Nagar
Chennai,Chennai North,ZONE,Kolathur
Kozhikode,Kozhikode,ZONE,Mudadi North
Thrissur,Thrissur,ZONE,Chulur
Salem,Salem,ZONE,Salem Second Agraharam
Aurangabad,Aurangabad,ZONE,Nillod
Warangal,Warangal,ZONE,Ootai
Bangalore,Banashankari + RR Nagar,ZONE,Basavanagudi
Bangalore,Malleswaram,ZONE,Devasandra
Warangal,Warangal,ZONE,Matwada
Warangal,Warangal,ZONE,Sagaram
Indore,Sapna Sangeeta,ZONE,Mhow
Aurangabad,Aurangabad,ZONE,Adgaon Sarak
Tawang,Gispu,ZONE,Gispu
Kozhikode,Kozhikode,ZONE,Karuvasseri
Thrissur,Thrissur,ZONE,Irinjalakuda North
Kottayam,Kottayam,ZONE,Chettuthode
Kozhikode,Kozhikode,ZONE,Arur
Thiruvananthapuram,Thiruvananthapuram,ZONE,Mannamkonam
Thrissur,Thrissur,ZONE,Kanippayur
Aurangabad,Aurangabad,ZONE,Sheoga
Pune,Pimpri chinchwad,ZONE,Balewadi
Warangal,Warangal,ZONE,Vancahnagiri
Tirunelveli,Tirunelveli,ZONE,Thalaivankottai
Tirunelveli,Tirunelveli,ZONE,Ayikudi
Tirunelveli,Tirunelveli,ZONE,Gandhinagar
Allahabad,Allahabad,ZONE,Sikandarpur Bazha
Allahabad,Allahabad,ZONE,Jagatpur
Chittoor,Chittoor,ZONE,Pengaragunta
Bilaspur,Bilaspur,ZONE,Sukulkari
Salem,Salem,ZONE,Kombuthooki
Guntur,Guntur,ZONE,Polepalle
Guntur,Guntur,ZONE,Garapadu
Warangal,Warangal,ZONE,Gorlavaid
Warangal,Warangal,ZONE,Papaiahpet
Allahabad,Allahabad,ZONE,Katwaroopur
Chittoor,Chittoor,ZONE,Mandipetkotur
Guntur,Guntur,ZONE,Kommuru
Erode,Erode,ZONE,Chikkaiah Naicker College
Warangal,Warangal,ZONE,Purushothamaigudem
Warangal,Warangal,ZONE,Jaggannapet
Salem,Salem,ZONE,Omalur
Salem,Salem,ZONE,Akkarapalayam
Tangerang,Tangerang,ZONE,Pasir Bolang
San Juan,San Juan Region,ZONE,Sangandaan
Delhi,Rohini,ZONE,Rohini Sector 41
Cavite,Cavite,ZONE,Naic
North 24 Parganas,North 24 Parganas,ZONE,Srinagar
Erode,Erode,ZONE,Polavapalayam
Guntur,Guntur,ZONE,T.B.Sanitorium
Madurai,Madurai,ZONE,Veppanuthu
North 24 Parganas,North 24 Parganas,ZONE,Bidhan Nagar IB Market
Mangalore,Mangalore,ZONE,Addoor
Panchkula,Panchkula,ZONE,H.M.T.Pinjore
São Paulo,Mooca,ZONE,Carrão
Chittoor,Chittoor,ZONE,Padiri
Chittoor,Chittoor,ZONE,Tiruchanoor Road
Dantewada,Dantewada,ZONE,Pakela
Hyderabad,Kachiguda,ZONE,Chapel Road
Hyderabad,Habsiguda,ZONE,Nacharam
Bangalore,Electronics City,ZONE,Chandapura Dommasandra Road
Jaipur,C Scheme,ZONE,Collectorate
Patna,Kankarbagh,ZONE,Mahatma Gandhi Nagar
Kanpur,Kidwai Nagar,ZONE,Saket Nagar
Mysore,Mysore,ZONE,Hundimala
Kannur,Kannur,ZONE,Mavilayi
Thiruvananthapuram,Thiruvananthapuram,ZONE,Vennicode
Thrissur,Thrissur,ZONE,Kottappuram
Tirunelveli,Tirunelveli,ZONE,Leninjipuram
Chittoor,Chittoor,ZONE,G.S.T.Centre
Bhopal,Central Bhopal,ZONE,North T.T.Nagar
Tiruchirappalli,Tiruchirappalli,ZONE,Sengaraiyur
Aurangabad,Aurangabad,ZONE,Dhondalgaon
Thrissur,Thrissur,ZONE,Brahmakulam
Salem,Salem,ZONE,Chinandipalayam
Salem,Salem,ZONE,Athanurpatti
Bangalore,JP Nagar,ZONE,Kanakpura Road
Allahabad,Allahabad,ZONE,Kesaria Road
Chittoor,Chittoor,ZONE,Sathambakkam
Aurangabad (BH),Aurangabad (BH),ZONE,Bhakharua
Bhopal,Old Bhopal,ZONE,Subhash Nagar
Warangal,Warangal,ZONE,Gurijala
Allahabad,Allahabad,ZONE,Karnaipur
Chittoor,Chittoor,ZONE,Nawabkota
Guntur,Guntur,ZONE,Subbaiah Thota
Noida,Sector 57,ZONE,Sector 57
Mohali,Mohali,ZONE,Radiala
North Goa,North Goa,ZONE,Piedade
Chittoor,Chittoor,ZONE,Diguvamasapalle
Erode,Erode,ZONE,Nandavanampalayam
Erode,Erode,ZONE,Ikkarainegamam
Kozhikode,Kozhikode,ZONE,Taliyil
Thiruvananthapuram,Thiruvananthapuram,ZONE,Kodunganur
Thiruvananthapuram,Thiruvananthapuram,ZONE,Vilappilsala
Thrissur,Thrissur,ZONE,Avanisseri
Chittoor,Chittoor,ZONE,Vanamaladinne
Salem,Salem,ZONE,Puliyankurichi
Kanpur,Kakadeo,ZONE,Panki
Bilaspur,Bilaspur,ZONE,Bilaspur Kutchery
Kolkata,Bhowanipore,ZONE,Natioinal Library
Pune,Bibvewadi,ZONE,Katraj
Warangal,Warangal,ZONE,Seethampet
Warangal,Warangal,ZONE,Redlawada
Allahabad,Allahabad,ZONE,Bhunda
Meerut,Saket Ganganagar,ZONE,Meerut Cantt
Vadodara,Waghodia Road,ZONE,Harni
Chittoor,Chittoor,ZONE,Gudimallam
Jaipur,Raja Park,ZONE,Chhapra Khurd
Erode,Erode,ZONE,Pallapalayam
Nellore,Nellore,ZONE,Nellatur
Madurai,Madurai,ZONE,S.P.Natham
São Paulo,Mooca,ZONE,Vila Formosa
Jakarta,Setiabudi/Tebet/Kuningan,ZONE,Tebet Barat
Hooghly,Hooghly,ZONE,Nawabpur
North 24 Parganas,North 24 Parganas,ZONE,Chakla
Hooghly,Hooghly,ZONE,Ranagarh
North 24 Parganas,North 24 Parganas,ZONE,Beliaghata Bridge
Mysore,Mysore,ZONE,Madapura
Mohali,Mohali,ZONE,Kaishanpura
Jaipur,Raja Park,ZONE,Beelwa
Erode,Erode,ZONE,Sathyamangalam
Panchkula,Panchkula,ZONE,Sector-11
Cavite,Cavite,ZONE,Kawit
Tangerang,Tangerang,ZONE,Cikokol
North 24 Parganas,North 24 Parganas,ZONE,Bagermore
São Paulo,Interlagos,ZONE,Cidade dutra
São Paulo,Santana,ZONE,Santana
Salem,Salem,ZONE,Boominaickenpatti
Karur,Karur,ZONE,Kattampudur
Hooghly,Hooghly,ZONE,Siptai
North 24 Parganas,North 24 Parganas,ZONE,Champapukur
Aurangabad,Aurangabad,ZONE,Ladsawangi
Nashik,Gangapur Road,ZONE,Udhoji Maratha Boarding
Chennai,Chennai South West 2,ZONE,Meenambakkam
Ahmedabad,Paldi,ZONE,Ambawadi Vistar
Ernakulam,Panampilly Nagar,ZONE,Nayarambalam
Ernakulam,Panampilly Nagar,ZONE,Veli Kochi
Kottayam,Kottayam,ZONE,Kappadu
Puducherry,Puducherry,ZONE,Korkadu
Allahabad,Allahabad,ZONE,Jaguwa
Bilaspur,Bilaspur,ZONE,Pondi
Bilaspur,Bilaspur,ZONE,Jondhra
Delhi,Badarpur,ZONE,Badarpur
Hooghly,Hooghly,ZONE,Saradapally
Hyderabad,Mehdipatnam,ZONE,Mehdipatnam
Ahmedabad,Paldi,ZONE,Nehru Nagar
Kottayam,Kottayam,ZONE,Malam
São Paulo,Jabaquara,ZONE,Vila Congonhas
Kozhikode,Kozhikode,ZONE,Karumala
Kozhikode,Kozhikode,ZONE,Perampra
Salem,Salem,ZONE,Sukkampatti
Kannur,Kannur,ZONE,Edakkom
Thiruvananthapuram,Thiruvananthapuram,ZONE,Kallar Tvm
Allahabad,Allahabad,ZONE,Agriculture Institute
Tiruchirappalli,Tiruchirappalli,ZONE,Peruvalappur
Dantewada,Dantewada,ZONE,Heeranar
Ranchi,Ranchi,ZONE,Satellite Colony
Mysore,Mysore,ZONE,Ballur
North 24 Parganas,North 24 Parganas,ZONE,Itinda
North 24 Parganas,North 24 Parganas,ZONE,Jasaikati
Pune,Kothrud,ZONE,Prabhat Road
Surat,Adajan,ZONE,Rander
Chittoor,Chittoor,ZONE,Challapalem
Bhubaneswar,Bhubaneswar,ZONE,Athantar
Bhubaneswar,Bhubaneswar,ZONE,B J B Nagar
Bhubaneswar,Bhubaneswar,ZONE,Kusumati
Guntur,Guntur,ZONE,Gollamudi
Mohali,Mohali,ZONE,Singhpura
South Goa,South Goa,ZONE,Sadolxem
Hooghly,Hooghly,ZONE,Ramnagar Mobarakpur
Thrissur,Thrissur,ZONE,Thozhupadam
Nellore,Nellore,ZONE,Paravolu
Warangal,Warangal,ZONE,Madthapalli
Chittoor,Chittoor,ZONE,Gundluru
Chittoor,Chittoor,ZONE,Ramakrishnapuram
North Goa,North Goa,ZONE,Baga
Vijayawada,Suryaraopet,ZONE,Pushpa Hotel Road
Tirunelveli,Tirunelveli,ZONE,Kattalaikudiyiruppu
Erode,Erode,ZONE,Vemandampalayam
Madurai,Madurai,ZONE,Postal Training Centre
Nellore,Nellore,ZONE,Siripuram
Jakarta,PuloGadung/Duren Sawit,ZONE,Pulo Gebang
Manila,Manila Region,ZONE,Malate
Kolkata,Central,ZONE,Yogayog Bhawan
North 24 Parganas,North 24 Parganas,ZONE,Kankinara
Kanpur,Swaroop Nagar,ZONE,Purana Kanpur
Kanpur,Kakadeo,ZONE,Rawatpur
Ludhiana,Ludhiana Zone 1,ZONE,Old madhopuri
Kozhikode,Kozhikode,ZONE,Atholi
Ranchi,Ranchi,ZONE,Kanchi
Tirunelveli,Tirunelveli,ZONE,Therkupappankulam
Lucknow,Hazratganj,ZONE,Gahdon
Hooghly,Hooghly,ZONE,Chenchua
Mohali,Mohali,ZONE,Baraudi
Chennai,Chennai North East,ZONE,Mannady
Erode,Erode,ZONE,Cholakkadai Street
Nellore,Nellore,ZONE,Peyyalapalem
Madurai,Madurai,ZONE,Ma Reserve Lines
Madurai,Madurai,ZONE,Ayyur
Salem,Salem,ZONE,Maniyanur
Allahabad,Allahabad,ZONE,Civil Lines
Kolkata,Dum dum,ZONE,Kolkata Airport Po
North 24 Parganas,North 24 Parganas,ZONE,Goribpur
Nellore,Nellore,ZONE,Alaganipadu
Warangal,Warangal,ZONE,Dhansari
Tirunelveli,Tirunelveli,ZONE,Kalakad
Tirunelveli,Tirunelveli,ZONE,Nanajankulam
Chittoor,Chittoor,ZONE,Moorevandlapalle
Amritsar,Amritsar,ZONE,Azad Nagar
Amritsar,Amritsar,ZONE,Bhilowal Pacca
Vadodara,Waghodia Road,ZONE,Fartilizer Nagar
Mumbai,Dadar,ZONE,Shivaji Park
Surat,Athawa,ZONE,Athwalines
Ernakulam,Kakkanad,ZONE,Kongorpilly
North Goa,North Goa,ZONE,Advalpal
Chennai,Chennai South 2,ZONE,Kodambakkam
Nellore,Nellore,ZONE,Gudurpolytechnic
Madurai,Madurai,ZONE,Kangeyanatham
Jakarta,Setiabudi/Tebet/Kuningan,ZONE,Menteng Atas
Tangerang,Tangerang,ZONE,Cipadu
Hooghly,Hooghly,ZONE,Guti
Taguig,Taguig Region,ZONE,Central Signal Village
Chittoor,Chittoor,ZONE,Durgaperi
Chittoor,Chittoor,ZONE,Modugulapalem
Delhi,Model town,ZONE,Vijaynagar
Chittoor,Chittoor,ZONE,Velampadu
Vadodara,Alkapuri,ZONE,Sevasi
Nellore,Nellore,ZONE,Akkampeta
Jaipur,Malviya Nagar,ZONE,Malviya Nagar
North 24 Parganas,North 24 Parganas,ZONE,Dakshin Akratola
Quezon City,Quezon Region,ZONE,Quirino 3-B
North 24 Parganas,North 24 Parganas,ZONE,Nurpur
Faridabad,Faridabad,ZONE,Power House Colony
Chennai,Chennai Central East,ZONE,Kundrathur
South Goa,South Goa,ZONE,Dramapur
Singapore,Little India,ZONE,Lavender
Guntur,Guntur,ZONE,Jonnalagadda
Coimbatore,Singanallur,ZONE,Pappanaickenpalayam West
Thiruvananthapuram,Thiruvananthapuram,ZONE,Kakkavila
Thiruvananthapuram,Thiruvananthapuram,ZONE,Pantha
Thrissur,Thrissur,ZONE,Mayannur
Aurangabad,Aurangabad,ZONE,Samarthnagar
Erode,Erode,ZONE,Vilakethi
Salem,Salem,ZONE,Gandhinagar
Kolkata,Dum dum,ZONE,Khengrapatti
Kottayam,Kottayam,ZONE,Kurinji
Nagpur,Dhantoli,ZONE,Nandavan Colony
Erode,Erode,ZONE,Erode North
Nellore,Nellore,ZONE,Kothapeta
Salem,Salem,ZONE,Govindapadi
Tangerang,Tangerang,ZONE,Tobat
Warangal,Warangal,ZONE,Narakkapet
Aurangabad (BH),Aurangabad (BH),ZONE,Kataiya
Chittoor,Chittoor,ZONE,Muddanapalle
Chittoor,Chittoor,ZONE,Noolakunta
Rajahmundry,Rajahmundry,ZONE,Fort Gate
Thrissur,Thrissur,ZONE,Nehrunagar
East Khasi Hills,Shillong-East Khasi Hills,ZONE,Bishnupur
East Khasi Hills,Shillong-East Khasi Hills,ZONE,Meghalaya Secretariat
Tirunelveli,Tirunelveli,ZONE,Kuttapuli
Ranchi,Ranchi,ZONE,Gagi
Chittoor,Chittoor,ZONE,Balla
Chittoor,Chittoor,ZONE,Kamathamur
Guntur,Guntur,ZONE,Dharanikota
Guntur,Guntur,ZONE,Velampalle
Mangalore,Mangalore,ZONE,Kuthethur
North Goa,North Goa,ZONE,Nanorem
Anantapur,Anantapur,ZONE,Penukonda
Bangalore,shivajinagar + MG Road,ZONE,Austin Town
Thiruvananthapuram,Thiruvananthapuram,ZONE,Elavattom
Warangal,Warangal,ZONE,Lingampalli
Tirunelveli,Tirunelveli,ZONE,Perumalpatti
Chittoor,Chittoor,ZONE,Chennamagudipalle
Chittoor,Chittoor,ZONE,Pallamala
Chittoor,Chittoor,ZONE,Pudi
Chittoor,Chittoor,ZONE,Santhavelur
Chittoor,Chittoor,ZONE,Bandarupalle
Lucknow,Hazratganj,ZONE,Umrawal
Dantewada,Dantewada,ZONE,Sautnar
Delhi,Cannought place,ZONE,Pragati Maidan
Hooghly,Hooghly,ZONE,Parabagnan
Erode,Erode,ZONE,Kollampalayam
Karur,Karur,ZONE,Velampadi
Tangerang,Tangerang,ZONE,Suka Mulya
Ernakulam,Kakkanad,ZONE,West Kadungalloor
Tangerang,Tangerang,ZONE,Cisoka
North 24 Parganas,North 24 Parganas,ZONE,Newbarackpur
Quezon City,Quezon Region,ZONE,San Vicente
Chennai,Chennai Central East,ZONE,Mugalivakkam
Thiruvananthapuram,Thiruvananthapuram,ZONE,Karavaram
Tirunelveli,Tirunelveli,ZONE,Kavalkinaru
Bangalore,Banashankari + RR Nagar,ZONE,Banashankari 1st Stage
Agra,Taj Ganj,ZONE,Seola Jat
Allahabad,Allahabad,ZONE,Ahmadganj
Allahabad,Allahabad,ZONE,Belwa
Kozhikode,Kozhikode,ZONE,Meemutty
Thiruvananthapuram,Thiruvananthapuram,ZONE,Mithraniketan
Thiruvananthapuram,Thiruvananthapuram,ZONE,Aralumoodu
Delhi,Dwarka,ZONE,Amberhai
Warangal,Warangal,ZONE,Mustialapalli
Bhubaneswar,Bhubaneswar,ZONE,Kaimatia
Jaipur,Raja Park,ZONE,Registrar Raj. University
Guntur,Guntur,ZONE,Kuragallu
Madurai,Madurai,ZONE,Koothiyargundu
Mysore,Mysore,ZONE,Neralakuppe
Kolkata,Tollygunge,ZONE,Barisha
North 24 Parganas,North 24 Parganas,ZONE,Rajarhat Deara
Aurangabad,Aurangabad,ZONE,Sadat Nagar
Taguig,Taguig Region,ZONE,Santo Rosario Silangan
Hyderabad,Hitech city,ZONE,Hafeezpet
Hooghly,Hooghly,ZONE,Balidaha
Erode,Erode,ZONE,Ariyappampalayam
Madurai,Madurai,ZONE,Kambur
Tangerang,Tangerang,ZONE,Sukadiri
Kolkata,Santoshpur,ZONE,Thakurpukur
Navi Mumbai,JNPT,ZONE,Bokadvira
Noida,Sector 50,ZONE,Sector 47
Delhi,Civil lines,ZONE,Lajpat Rai Market
Vadodara,Raopura,ZONE,Sayajipura
Jakarta,Cempaka Putih/Kemayoran/Menteng/Tanah abang,ZONE,Kemayoran
Allahabad,Allahabad,ZONE,Ghiya Ngr
Chandigarh,Sector 36,ZONE,Sector 31
Chittoor,Chittoor,ZONE,Chittipiralla
Guntur,Guntur,ZONE,Udjerla
Mohali,Mohali,ZONE,Sector- 92
Chandigarh,Sector 36,ZONE,Sector-49
Gurgaon,DLFPhaseI,ZONE,South City-I
Ranchi,Ranchi,ZONE,Landupdih
Salem,Salem,ZONE,Gorimedu
Kannur,Kannur,ZONE,Mayyil
Kottayam,Kottayam,ZONE,Devalokam
Ranchi,Ranchi,ZONE,Narauli
Mangalore,Mangalore,ZONE,Katipalla
Mysore,Mysore,ZONE,Nallurpala
Jaipur,Malviya Nagar,ZONE,Roopa Hedi Kalan
Jaipur,Raja Park,ZONE,Toda Bhata
Chennai,Chennai Central East,ZONE,Manapakkam
Erode,Erode,ZONE,Pappampalayam
Karur,Karur,ZONE,Kalladai
Jakarta,Cilandak/Pasar Minggu,ZONE,Ciganjur
Jaipur,Raja Park,ZONE,Meena Wala
Tangerang,Tangerang,ZONE,Pakulonan Barat
Tangerang,Tangerang,ZONE,Bojong Kamal
Aurangabad,Aurangabad,ZONE,Chetana Nagar
Mysore,Mysore,ZONE,Heggadedevana Kote
North 24 Parganas,North 24 Parganas,ZONE,Bharatpur
Delhi,Model town,ZONE,Mukherjee Nagar
Mysore,Mysore,ZONE,Old Sosale
Ernakulam,Tripunithura,ZONE,Arakunnam
Kannur,Kannur,ZONE,Mamba
Kannur,Kannur,ZONE,Cherupuzha
Guntur,Guntur,ZONE,Nemalipuri
Nellore,Nellore,ZONE,Bangarupeta
Nellore,Nellore,ZONE,Bogavolu
South Tangerang,South Tangerang,ZONE,Perigi Baru
North 24 Parganas,North 24 Parganas,ZONE,Saliadaha
North 24 Parganas,North 24 Parganas,ZONE,Kashinathpur
Singapore,Jurong East,ZONE,Jurong
Kottayam,Kottayam,ZONE,Kaduthuruthy
Kottayam,Kottayam,ZONE,Kallara South
Kottayam,Kottayam,ZONE,Peruva
Aurangabad,Aurangabad,ZONE,Kolwadi
Bangalore,Majestic,ZONE,Gandhinagar
Aurangabad (BH),Aurangabad (BH),ZONE,Paharpura
Navi Mumbai,Vashi,ZONE,Sanpada
Mumbai,Parel,ZONE,Lal baug
Nellore,Nellore,ZONE,Buchireddypalem
Panchkula,Panchkula,ZONE,Dhakoli
Chittoor,Chittoor,ZONE,Mudigolam
Aurangabad (BH),Aurangabad (BH),ZONE,Barahi
Amritsar,Amritsar,ZONE,Chahal
North Goa,North Goa,ZONE,Nanora
Guntur,Guntur,ZONE,Nagarjuna Nagar
North Goa,North Goa,ZONE,Ibrampur
Kannur,Kannur,ZONE,Kakkengad
Hyderabad,Himayat nagar,ZONE,Hyderguda
Nellore,Nellore,ZONE,Molaganur
Madurai,Madurai,ZONE,Siruvalai
Tangerang,Tangerang,ZONE,Buaran Mangga
Kolkata,Jadavpur,ZONE,Lake Gardens
North 24 Parganas,North 24 Parganas,ZONE,Joygram
North 24 Parganas,North 24 Parganas,ZONE,Bramhasthan
Mumbai,Tardeo,ZONE,Malabar Hill
Surat,Katragam,ZONE,Singanpore
Gurgaon,DLFPhaseI,ZONE,New Colony
Gurgaon,Sector10,ZONE,Shivaji Nagar
Ernakulam,Tripunithura,ZONE,Mulakulam
Chennai,Chennai South West 2,ZONE,Vandalur
Nellore,Nellore,ZONE,Mulapadava
Kannur,Kannur,ZONE,Mekkunnu
Salem,Salem,ZONE,Karumalaikudal
Salem,Salem,ZONE,Periavanavasi
Hooghly,Hooghly,ZONE,Porabazar
Hooghly,Hooghly,ZONE,Nachipur
Hooghly,Hooghly,ZONE,Akuni
South Goa,South Goa,ZONE,Aquem
Singapore,City,ZONE,River Valley
Ranchi,Ranchi,ZONE,Bara Ghaghra
Mysore,Mysore,ZONE,Hosaholalu
Mysore,Mysore,ZONE,Mirle
Ernakulam,Kakkanad,ZONE,Eroor
Aurangabad,Aurangabad,ZONE,Jehur
Bangalore,Indiranagar,ZONE,HAL 3rd Stage
Tirunelveli,Tirunelveli,ZONE,Manur
Aurangabad (BH),Aurangabad (BH),ZONE,Lukka
Guntur,Guntur,ZONE,Tellabadu
Madurai,Madurai,ZONE,Kodangipatti
Kolkata,Howrah,ZONE,Council House Street
North 24 Parganas,North 24 Parganas,ZONE,Gotri
North 24 Parganas,North 24 Parganas,ZONE,Iswarigacha
Taguig,Taguig Region,ZONE,Tumana
Surat,Adajan,ZONE,Navyug College
Kozhikode,Kozhikode,ZONE,Nedungottur
Kozhikode,Kozhikode,ZONE,Parannur
Thiruvananthapuram,Thiruvananthapuram,ZONE,Kuvalassery
Thrissur,Thrissur,ZONE,Arangottukara
Aurangabad,Aurangabad,ZONE,Gevarai
Nagpur,Ramdaspeth,ZONE,Vivekanand Nagar
Nellore,Nellore,ZONE,Thotapalli
Warangal,Warangal,ZONE,Mupparamkalan
Aurangabad (BH),Aurangabad (BH),ZONE,Kaithisiroh
Amritsar,Amritsar,ZONE,Budha Theh
Lucknow,Aliganj,ZONE,Mahanagar
Taguig,Taguig Region,ZONE,Pineda
San Juan,San Juan Region,ZONE,Tibagan
Salem,Salem,ZONE,Devendrapuram
Ernakulam,Kakkanad,ZONE,Kombanad
Kannur,Kannur,ZONE,Atakkathode
Thrissur,Thrissur,ZONE,Kochannur
Salem,Salem,ZONE,Mannarpalayam Valapady
Kozhikode,Kozhikode,ZONE,Elettil
Nellore,Nellore,ZONE,Stonehousepet
Nellore,Nellore,ZONE,Mamudur
Allahabad,Allahabad,ZONE,Madra Mukundpur
Lucknow,Ashiyana,ZONE,Utrawan
Guntur,Guntur,ZONE,Attaluru
Meerut,Sadar Bazaar,ZONE,Krishna Nagar
Hooghly,Hooghly,ZONE,Jagatpur
Erode,Erode,ZONE,Attavanai Hanumanpalli
Bilaspur,Bilaspur,ZONE,Bharari
Jaipur,Raja Park,ZONE,Dev Ka Harwada
Jaipur,Raja Park,ZONE,Gudhaliya
Erode,Erode,ZONE,Kottuveerampalayam
Tangerang,Tangerang,ZONE,Mekar Kondang
Kolkata,Central,ZONE,Sankaritola
Guntur,Guntur,ZONE,Railpeta - Repale
Tangerang,Tangerang,ZONE,Cukang Galih
Hooghly,Hooghly,ZONE,Tribeni
Gurgaon,Sector10,ZONE,Gurgaon Sector 12
North 24 Parganas,North 24 Parganas,ZONE,Paikparahat
São Paulo,Bela Vista,ZONE,Higienópolis
Ernakulam,Kakkanad,ZONE,Pizhala
Kannur,Kannur,ZONE,Mathamangalam Bazar
Kottayam,Kottayam,ZONE,Veloor
Kozhikode,Kozhikode,ZONE,Perumukham
Kozhikode,Kozhikode,ZONE,Cheekkonnummal
Tirunelveli,Tirunelveli,ZONE,Kaluneerkulam
Bhubaneswar,Bhubaneswar,ZONE,Sarakantara
Chittoor,Chittoor,ZONE,Lalugardens
Kottayam,Kottayam,ZONE,Vellikulam
Nellore,Nellore,ZONE,Kasipuram
Bilaspur,Bilaspur,ZONE,Gidha
Amritsar,Amritsar,ZONE,Ludhar
Amritsar,Amritsar,ZONE,Jalalpura
Pune,Kothrud,ZONE,Narayan Peth
Tiruchirappalli,Tiruchirappalli,ZONE,Tiruvalarsolai
Tirunelveli,Tirunelveli,ZONE,Alwaneri
Warangal,Warangal,ZONE,Matair
Chittoor,Chittoor,ZONE,Chittathur
Allahabad,Allahabad,ZONE,Ghodedeeh
Karur,Karur,ZONE,Karuppathur
Jakarta,Kebayoran/Bintaro,ZONE,Melawai
Tangerang,Tangerang,ZONE,Jayanti
Aurangabad,Aurangabad,ZONE,Garkheda
Hooghly,Hooghly,ZONE,Paschimtajpur
Erode,Erode,ZONE,Dasarapatti
Erode,Erode,ZONE,Sircarkathankanni
Guntur,Guntur,ZONE,Pathakothapalem
Ahmedabad,Maninagar,ZONE,Kalupur Chakla
Madurai,Madurai,ZONE,Kallanai
Jakarta,PuloGadung/Duren Sawit,ZONE,Cakung Timur
Gurgaon,Badsharpur,ZONE,Gurgaon Sector 47
Hyderabad,Dilsukh nagar,ZONE,Chaitanyapuri
Gurgaon,DLFPhaseI,ZONE,Gurgaon Sector 17
Mysore,Mysore,ZONE,Nazarabad Mohalla
Kannur,Kannur,ZONE,Pattanur
Thiruvananthapuram,Thiruvananthapuram,ZONE,Katakam
Thiruvananthapuram,Thiruvananthapuram,ZONE,Valiaveli
Tiruchirappalli,Tiruchirappalli,ZONE,Asoor
Warangal,Warangal,ZONE,Salakpur
Bangalore,shivajinagar + MG Road,ZONE,Vasanthnagar
Bangalore,Vijayanagar,ZONE,Bapujinagar
Warangal,Warangal,ZONE,Garmillapalli
Thiruvananthapuram,Thiruvananthapuram,ZONE,Kalliyal
Thiruvananthapuram,Thiruvananthapuram,ZONE,Kuthirakalam-vellanad
Thiruvananthapuram,Thiruvananthapuram,ZONE,Uriakode
Allahabad,Allahabad,ZONE,Dandi Bazar
Allahabad,Allahabad,ZONE,Lutar
Aurangabad (BH),Aurangabad (BH),ZONE,J H Tendua
Patna,Rajendra Nagar,ZONE,Kadamkuan
Tiruchirappalli,Tiruchirappalli,ZONE,Sirugamani
Bhubaneswar,Bhubaneswar,ZONE,Kudiari
Chittoor,Chittoor,ZONE,Thummalagunta
Kanpur,Chunniganj,ZONE,Colonelganj
Noida,Sector 57,ZONE,Khora Gaon
Allahabad,Allahabad,ZONE,Hata
Mohali,Mohali,ZONE,Sohana
Jaipur,Vaishali Nagar,ZONE,Phulera
Quezon City,Quezon Region,ZONE,Talayan
Faridabad,Faridabad,ZONE,Shastri Colony
Guntur,Guntur,ZONE,Palaparru
Hooghly,Hooghly,ZONE,Bakuliagram
Erode,Erode,ZONE,Kilankundal
Madurai,Madurai,ZONE,Kesampatti
North 24 Parganas,North 24 Parganas,ZONE,Kahankia
Panchkula,Panchkula,ZONE,Sector-12
Salem,Salem,ZONE,Chinnasoragai
Ranchi,Ranchi,ZONE,Binda Bazar
Kottayam,Kottayam,ZONE,Perumpanachy
Kottayam,Kottayam,ZONE,Thiruvanchoor
Jakarta,Kebon Jeruk/Tomang/Slipi,ZONE,Meruya Selatan
Tiruchirappalli,Tiruchirappalli,ZONE,Yagapuram
Pune,Hadapsar,ZONE,Vadki
Warangal,Warangal,ZONE,Viswanathapur
Warangal,Warangal,ZONE,Mulkalagudem
Tirunelveli,Tirunelveli,ZONE,Servalar Camp
Bangalore,Banashankari + RR Nagar,ZONE,Chamarajpet
Warangal,Warangal,ZONE,Jaggaiahpet
Aurangabad (BH),Aurangabad (BH),ZONE,Malwan
Chittoor,Chittoor,ZONE,Mittakandriga
Amritsar,Amritsar,ZONE,Shaheed
Erode,Erode,ZONE,Varadhanallur
Erode,Erode,ZONE,Lakkamanaickenpatti
Jakarta,PuloGadung/Duren Sawit,ZONE,Cipinang
Salem,Salem,ZONE,Mannur
Tangerang,Tangerang,ZONE,Cihuni
Pune,Hadapsar,ZONE,Amnora Park Town
Pune,Vishrantwadi,ZONE,Lohegaon
Vadodara,Raopura,ZONE,Mandva
Ahmedabad,Satellite,ZONE,Satellite
Coimbatore,Sai Baba Colony,ZONE,Thudiyalur
Ranchi,Ranchi,ZONE,Hakadua
Ernakulam,Tripunithura,ZONE,Koothattukulam
Ernakulam,Kakkanad,ZONE,Alangad
Kottayam,Kottayam,ZONE,Manimala
Kottayam,Kottayam,ZONE,Nalukody
Thiruvananthapuram,Thiruvananthapuram,ZONE,Chempazhanthy
Tiruchirappalli,Tiruchirappalli,ZONE,Malayadipatti
Tirunelveli,Tirunelveli,ZONE,Manjolai
Warangal,Warangal,ZONE,Engal
Allahabad,Allahabad,ZONE,Anuwa
Chittoor,Chittoor,ZONE,Pamuganipalle
Lucknow,Hazratganj,ZONE,B Hotel
Erode,Erode,ZONE,Muthur
Thrissur,Thrissur,ZONE,Thrissur City
Salem,Salem,ZONE,Shevapet
Aurangabad,Aurangabad,ZONE,Kingaon
Nagpur,Wardhaman Nagar,ZONE,Mominpura
Warangal,Warangal,ZONE,Saipet
Kottayam,Kottayam,ZONE,Thidanad
Kozhikode,Kozhikode,ZONE,Bhumivathukkal
Thiruvananthapuram,Thiruvananthapuram,ZONE,Kattacode
Thrissur,Thrissur,ZONE,Kuttanchery
Nellore,Nellore,ZONE,Duggunta
Nellore,Nellore,ZONE,Papireddypalem
Tiruchirappalli,Tiruchirappalli,ZONE,Chithanatham
Tiruchirappalli,Tiruchirappalli,ZONE,Ikkaraikosikurichi
Tiruchirappalli,Tiruchirappalli,ZONE,Manjampatti
Allahabad,Allahabad,ZONE,Chilla
Thiruvananthapuram,Thiruvananthapuram,ZONE,Muthuvila
Chittoor,Chittoor,ZONE,Kothapalle
Chittoor,Chittoor,ZONE,Puthalapattu
Aurangabad (BH),Aurangabad (BH),ZONE,Ararua
Chittoor,Chittoor,ZONE,Boyanapalle
Kakinada,Kakinada,ZONE,Kakinada Bazar
Kakinada,Kakinada,ZONE,Turangi
Allahabad,Allahabad,ZONE,Mahajna
Aurangabad (BH),Aurangabad (BH),ZONE,Chourahi
Nellore,Nellore,ZONE,Potlapudi
Nellore,Nellore,ZONE,Yepur
Amritsar,Amritsar,ZONE,Wadala Khurd
Indore,Sapna Sangeeta,ZONE,Incharge Zila Rojgar Karjalaya Palsikar Colony
Mohali,Mohali,ZONE,Palheri
Delhi,Pitampura,ZONE,Jahangir Puri D Block
Guntur,Guntur,ZONE,Pinnelli
Hooghly,Hooghly,ZONE,Gondalpara
Karur,Karur,ZONE,Adhanur
Meerut,Saket Ganganagar,ZONE,Defence Colony
Warangal,Warangal,ZONE,Motlapalli
Kakinada,Kakinada,ZONE,Valasapakala
Chennai,Chennai South West 2,ZONE,Tambaram
Erode,Erode,ZONE,Nagadevampalayam
Erode,Erode,ZONE,Periaveerasangli
Salem,Salem,ZONE,Konreddiyur
Salem,Salem,ZONE,Omalur Cutcherry
Makati,Makati Region,ZONE,Olympia
North 24 Parganas,North 24 Parganas,ZONE,Sridharkati
Bangalore,Yelahanka,ZONE,Tindlu
Gurgaon,Manesar,ZONE,Gurgaon Sector 103
Bilaspur,Bilaspur,ZONE,Lingiadih
Ahmedabad,Naranpura,ZONE,Municipal Corporation
Madurai,Madurai,ZONE,Pudunagar
North 24 Parganas,North 24 Parganas,ZONE,Bodai
Gurgaon,Manesar,ZONE,Gurgaon Sector 98
Mumbai,Ghatkopar,ZONE,Ghatkopar
Amritsar,Amritsar,ZONE,Nangal Dial Singh
Gurgaon,Sector43,ZONE,Sushant Lok I
Jamshedpur,Jamshedpur,ZONE,N M L
Ranchi,Ranchi,ZONE,Baragain
Mangalore,Mangalore,ZONE,Belvai
Gurgaon,Manesar,ZONE,Gurgaon Sector 107
Ahmedabad,Satellite,ZONE,Makarba
Ahmedabad,Naranpura,ZONE,Jagatpur
Ernakulam,Kakkanad,ZONE,Iramalloor
Mohali,Mohali,ZONE,Sector 91
Ranchi,Ranchi,ZONE,Gudri
Mysore,Mysore,ZONE,Haradanahalli
Kannur,Kannur,ZONE,Anjarakandy
Kozhikode,Kozhikode,ZONE,Muthuvannacha
Thrissur,Thrissur,ZONE,Paluvai
Thrissur,Thrissur,ZONE,Thangalur
Aurangabad,Aurangabad,ZONE,Ranjangaon Pan
Visakhapatnam,Gajuwaka,ZONE,Mallunaidupalem
Tiruchirappalli,Tiruchirappalli,ZONE,Khajanagar
Tiruchirappalli,Tiruchirappalli,ZONE,Kodiyalam
Kozhikode,Kozhikode,ZONE,Koombara
Kozhikode,Kozhikode,ZONE,Kunnamangalam Mini Industrial
Chittoor,Chittoor,ZONE,Gandhiroad
Nellore,Nellore,ZONE,South Amaluru
Nellore,Nellore,ZONE,Bandarupalli
Tiruchirappalli,Tiruchirappalli,ZONE,B.Mettur
Chittoor,Chittoor,ZONE,Managalapalle
Warangal,Warangal,ZONE,Bodlada
Delhi,South extension,ZONE,August Kranti Marg
Guntur,Guntur,ZONE,Ameenabad
Tangerang,Tangerang,ZONE,Balaraja
Indore,Sapna Sangeeta,ZONE,Vaishali Nagar
Delhi,Dwarka,ZONE,Dwarka Sector 10
Bilaspur,Bilaspur,ZONE,Tifra
Navi Mumbai,Nerul,ZONE,Ulwe
Noida,Gejha,ZONE,Sector 135
Faridabad,Faridabad,ZONE,Dhauj
Jakarta,Setiabudi/Tebet/Kuningan,ZONE,Setiabudi
São Paulo,Bela Vista,ZONE,Liberdade
Madurai,Madurai,ZONE,A.Ammapatti
Kottayam,Kottayam,ZONE,Cholathadom
Kozhikode,Kozhikode,ZONE,Nayar Kuzhi
Thiruvananthapuram,Thiruvananthapuram,ZONE,Lourdepuram
Nellore,Nellore,ZONE,Seetaramapuram
Aurangabad,Aurangabad,ZONE,Kotwalpura
Nashik,Gangapur Road,ZONE,Ambad A.S.
Salem,Salem,ZONE,Marakottai
Salem,Salem,ZONE,Pannavadi
North 24 Parganas,North 24 Parganas,ZONE,Nataberia
North 24 Parganas,North 24 Parganas,ZONE,Sewli Telinipara
Chennai,Chennai North East,ZONE,Vyasarpadi
São Paulo,Mooca,ZONE,Vila Diva (Zona Leste)
Allahabad,Allahabad,ZONE,Bilari
Delhi,Pitampura,ZONE,Pitampura
Guntur,Guntur,ZONE,Dodleru
Mangalore,Mangalore,ZONE,Ulaibettu
Thrissur,Thrissur,ZONE,Azhikode Jetty
East Khasi Hills,Shillong-East Khasi Hills,ZONE,Ryngibah
Thiruvananthapuram,Thiruvananthapuram,ZONE,Paruthipally
Warangal,Warangal,ZONE,Uppugal
Kottayam,Kottayam,ZONE,Vazhappally West
Chittoor,Chittoor,ZONE,Gaddamvaripalle
Tawang,Gispu,ZONE,B.Supply
Patna,Raja Bazar,ZONE,Danapur Cantt
Patna,Raja Bazar,ZONE,Rampur Diara
Bhopal,Central Bhopal,ZONE,Regional College
Warangal,Warangal,ZONE,Gurujakunta
Ernakulam,Tripunithura,ZONE,Tripunithura
Kottayam,Kottayam,ZONE,Kalaketty
Bhubaneswar,Bhubaneswar,ZONE,Bapujee Nagar
Erode,Erode,ZONE,Basuvanapuram
Tirunelveli,Tirunelveli,ZONE,Kalingapatti
Chittoor,Chittoor,ZONE,Thambuganipalle
Tirunelveli,Tirunelveli,ZONE,Thannuthu
Aurangabad (BH),Aurangabad (BH),ZONE,C.Dhongra
Makati,Makati Region,ZONE,Forbes Park
Mumbai,Dadar,ZONE,Kings Circle
Chandigarh,Sector 20,ZONE,Sector-18
Amritsar,Amritsar,ZONE,Bhullar
Kottayam,Kottayam,ZONE,Chengalam South
Kottayam,Kottayam,ZONE,Kottayam North
Tiruchirappalli,Tiruchirappalli,ZONE,Karikali
East Khasi Hills,Shillong-East Khasi Hills,ZONE,Mawmluh
Tiruchirappalli,Tiruchirappalli,ZONE,Tiruvanaikoil
Bangalore,shivajinagar + MG Road,ZONE,Dickenson Road
Tirunelveli,Tirunelveli,ZONE,Vijayanarayanam Naval Base
Agra,Taj Ganj,ZONE,Collectrate
Chittoor,Chittoor,ZONE,Ganugachinta
North Goa,North Goa,ZONE,Candolim
Guntur,Guntur,ZONE,Ganapavaram
Amritsar,Amritsar,ZONE,Mianwind
Hooghly,Hooghly,ZONE,Mohistikri
Hooghly,Hooghly,ZONE,Tarakeswar
Erode,Erode,ZONE,Kokkampalayam
Hyderabad,Afzal gunj,ZONE,Chanchalguda
Vijayawada,Benz Circle,ZONE,Krishnanagar
Salem,Salem,ZONE,Karumanthurai
Salem,Salem,ZONE,Karungalpatti
Tangerang,Tangerang,ZONE,Daon
Pune,Vishrantwadi,ZONE,Wadgaon Sheri
Vadodara,Vasna Road,ZONE,Bhayli
Vadodara,Alkapuri,ZONE,Chemical Industries
Ranchi,Ranchi,ZONE,Sinjo
Mysore,Mysore,ZONE,Nilavadi
Kannur,Kannur,ZONE,Porora
Kottayam,Kottayam,ZONE,Adivaram
Kozhikode,Kozhikode,ZONE,Pantheerankavu
Thiruvananthapuram,Thiruvananthapuram,ZONE,Parassala
Puducherry,Puducherry,ZONE,Kilpudupattu
Aurangabad (BH),Aurangabad (BH),ZONE,Dumra
Bilaspur,Bilaspur,ZONE,Kargi Road
Delhi,Model town,ZONE,Ashok Vihar
Nellore,Nellore,ZONE,Dcbc
East Khasi Hills,Shillong-East Khasi Hills,ZONE,Mawngap
East Khasi Hills,Shillong-East Khasi Hills,ZONE,Wahshiarkhmut
East Khasi Hills,Shillong-East Khasi Hills,ZONE,Shella
Agra,Taj Ganj,ZONE,Kheria Airport
Agra,Agra City,ZONE,Sadarbhatti
Chittoor,Chittoor,ZONE,Kangundi
Kakinada,Kakinada,ZONE,Vijayarayudupalem
Thrissur,Thrissur,ZONE,Melur
Bhopal,Old Bhopal,ZONE,Kotra Chopra
Indore,Old Indore,ZONE,Indore Courts
Bhubaneswar,Bhubaneswar,ZONE,Biswanathpur
Warangal,Warangal,ZONE,Kathigudem
Cavite,Cavite,ZONE,Amadeo
Thiruvananthapuram,Thiruvananthapuram,ZONE,Perunguzhi
Thrissur,Thrissur,ZONE,Mannuthy
Visakhapatnam,Gajuwaka,ZONE,Desapatrunipalem
East Khasi Hills,Shillong-East Khasi Hills,ZONE,Mawbeh
Tirunelveli,Tirunelveli,ZONE,Kooduthalai
Bangalore,Electronics City,ZONE,Bidaraguppe
Warangal,Warangal,ZONE,Industrial Estate
Warangal,Warangal,ZONE,Kazipet
Tirunelveli,Tirunelveli,ZONE,Vadakku Veppilangulam
Thrissur,Thrissur,ZONE,Muriyad
Bhopal,South Bhopal,ZONE,Imaliya
Chittoor,Chittoor,ZONE,Booragamanda
Chittoor,Chittoor,ZONE,Ghattu
Chittoor,Chittoor,ZONE,Madanapalle Bazar
Bhopal,Central Bhopal,ZONE,R.S.Nagar
Dantewada,Dantewada,ZONE,Kondasawli
Dantewada,Dantewada,ZONE,Telam
Patna,Rajendra Nagar,ZONE,Naya Tola
Chittoor,Chittoor,ZONE,Rasapalem
Aurangabad (BH),Aurangabad (BH),ZONE,Gaini
Lucknow,Aliganj,ZONE,Bhauli
Chittoor,Chittoor,ZONE,Vedurukuppam
Kozhikode,Kozhikode,ZONE,Muthuvadathur
Tiruchirappalli,Tiruchirappalli,ZONE,Vaiyampatti
Warangal,Warangal,ZONE,Agricultur Research Station
Warangal,Warangal,ZONE,Kothapeta
Tirunelveli,Tirunelveli,ZONE,Ambalam
Erode,Erode,ZONE,Pappinipachapalayam
Aurangabad (BH),Aurangabad (BH),ZONE,Chanda
Lucknow,Aliganj,ZONE,Arjunpur
North 24 Parganas,North 24 Parganas,ZONE,Madhav Kathi
Kakinada,Kakinada,ZONE,APSP Camp
Guntur,Guntur,ZONE,Ravulapuram
Chittoor,Chittoor,ZONE,Nallavenganapalli
Erode,Erode,ZONE,Ugayanur
Salem,Salem,ZONE,Vazhakombai
Mysore,Mysore,ZONE,N Begur
South Goa,South Goa,ZONE,Cananguinim
Kottayam,Kottayam,ZONE,Vazhoor
Salem,Salem,ZONE,Pudusampalli
Tangerang,Tangerang,ZONE,Jurumudi
North 24 Parganas,North 24 Parganas,ZONE,Polarhat
Nagpur,Ramdaspeth,ZONE,Shivaji Nagar
Kottayam,Kottayam,ZONE,Kallara
Kozhikode,Kozhikode,ZONE,Palayad Nada
Warangal,Warangal,ZONE,Pungode
Warangal,Warangal,ZONE,Waddepalli
Tirunelveli,Tirunelveli,ZONE,Thiruviruthanpulli
Tirunelveli,Tirunelveli,ZONE,Paruthipadu
Bangalore,Vijayanagar,ZONE,Nagarbhavi
Chittoor,Chittoor,ZONE,M.A.Rajulakandriga
Kozhikode,Kozhikode,ZONE,Punath
Thrissur,Thrissur,ZONE,Pavaratty
Aurangabad,Aurangabad,ZONE,Porgaon
Allahabad,Allahabad,ZONE,Konhdar
Aurangabad (BH),Aurangabad (BH),ZONE,P. Babhandiha
Lucknow,Hazratganj,ZONE,Shivaji Marg
Amritsar,Amritsar,ZONE,Jaspal
Amritsar,Amritsar,ZONE,Pheruman
Hooghly,Hooghly,ZONE,Insura
Chennai,Chennai South 2,ZONE,Choolaimedu
Guntur,Guntur,ZONE,Mrutyumjayapalem
Erode,Erode,ZONE,Ennamangalam
Faridabad,Faridabad,ZONE,"State Bank of India, Sector-6"
Nashik,Nashik Road,ZONE,Rosa Colony
North 24 Parganas,North 24 Parganas,ZONE,Bamanpukur
Faridabad,Faridabad,ZONE,Tigaon
Greater Noida,Greater Noida,ZONE,Delta II
Warangal,Warangal,ZONE,Kaniparthy
Allahabad,Allahabad,ZONE,Kara
Lucknow,Ashiyana,ZONE,Neewan
Guntur,Guntur,ZONE,Cherukuru
Ranchi,Ranchi,ZONE,Kantatoli
Kannur,Kannur,ZONE,Cherupazhassi
Guntur,Guntur,ZONE,Prathuru
Jakarta,Setiabudi/Tebet/Kuningan,ZONE,Kuningan Barat
San Juan,San Juan Region,ZONE,Bagbaguin
Guntur,Guntur,ZONE,Pudivada
Gurgaon,Manesar,ZONE,Manesar
Hyderabad,Afzal gunj,ZONE,Bahadurpura
Tangerang,Tangerang,ZONE,Lebak Wangi
North 24 Parganas,North 24 Parganas,ZONE,Khantura
Quezon City,Quezon Region,ZONE,Paang Bundok
Surat,Varaccha,ZONE,Varachha Road
Vadodara,Raopura,ZONE,Sunderpura
Faridabad,Faridabad,ZONE,Sector 86
Mysore,Mysore,ZONE,Bilugali
Ernakulam,Panampilly Nagar,ZONE,Ochanthuruth
Karur,Karur,ZONE,Keeranur
Warangal,Warangal,ZONE,Shivnagar
Tawang,Lhou,ZONE,Lumberdung
Thrissur,Thrissur,ZONE,Chengallur
Kottayam,Kottayam,ZONE,Mundakayam
Kottayam,Kottayam,ZONE,Punchavayal
Thiruvananthapuram,Thiruvananthapuram,ZONE,Kazhakuttam
Thrissur,Thrissur,ZONE,Thonnurkkara
Thrissur,Thrissur,ZONE,Kootala-trichur
Aurangabad,Aurangabad,ZONE,Jikthan
Nellore,Nellore,ZONE,Kakutur
Warangal,Warangal,ZONE,Laknavaram
Tirunelveli,Tirunelveli,ZONE,Singampatti
Tirunelveli,Tirunelveli,ZONE,Sengalakurichi
Bangalore,Malleswaram,ZONE,Sankey Road
Allahabad,Allahabad,ZONE,Badaur
Guntur,Guntur,ZONE,Veluru
Guntur,Guntur,ZONE,Narasaraopet
Guntur,Guntur,ZONE,Mupparajuvaripalem
Madurai,Madurai,ZONE,Ma West Masi Street
Madurai,Madurai,ZONE,Vayalur
Kolkata,Bhowanipore,ZONE,Chetla
Kottayam,Kottayam,ZONE,Sreekantamangalam
Mumbai,Kurla,ZONE,Sion
Gurgaon,Manesar,ZONE,Gurgaon Sector 111
Delhi,Punjabi bagh,ZONE,Subhash Nagar
Madurai,Madurai,ZONE,Allikundam
Tangerang,Tangerang,ZONE,Bojong
Hooghly,Hooghly,ZONE,Gurbari
North 24 Parganas,North 24 Parganas,ZONE,Model Belghoria
North 24 Parganas,North 24 Parganas,ZONE,Patharghata
Chennai,Chennai South 2,ZONE,West Mambalam
Chandigarh,Sector 36,ZONE,Sector 37 C
Singapore,City,ZONE,Bugis
Chennai,Chennai South East 2,ZONE,Cathedral Road
Karur,Karur,ZONE,P.Udayapatti
Madurai,Madurai,ZONE,Thenkarai
Puducherry,Puducherry,ZONE,Thanthai Periyar Nagar
Kolkata,Salt lake,ZONE,L.R.Sarani
Mumbai,Kurla,ZONE,Santacruz East
Mangalore,Mangalore,ZONE,Hosabettu
Ernakulam,Kakkanad,ZONE,Cherai
Erode,Erode,ZONE,Kadirampatti
Madurai,Madurai,ZONE,Thullukuttinayakanur
Kannur,Kannur,ZONE,Thalassery Bazar
Kottayam,Kottayam,ZONE,Kanam
Nashik,Nashik Road,ZONE,Sahyadri Colony
North 24 Parganas,North 24 Parganas,ZONE,Champaberia
Guntur,Guntur,ZONE,Challagariga
Amritsar,Amritsar,ZONE,Jalalusman
Hooghly,Hooghly,ZONE,Bansberia
Ahmedabad,Memnagar,ZONE,Gujrat High Court
Faridabad,Faridabad,ZONE,Escort
Guntur,Guntur,ZONE,Ainavolu
Nellore,Nellore,ZONE,Jaladanki
Karur,Karur,ZONE,Keelaveliyur
Salem,Salem,ZONE,Kottagoundampatti
Salem,Salem,ZONE,Omalur North
Faridabad,Faridabad,ZONE,New Industrial Township 3
Hooghly,Hooghly,ZONE,Illahipur
North 24 Parganas,North 24 Parganas,ZONE,Chandpur
Mysore,Mysore,ZONE,Doddakanya
Patna,Kankarbagh,ZONE,Ashok Nagar
Warangal,Warangal,ZONE,Kundanpalli
Guntur,Guntur,ZONE,Syamarajapuram
Tirunelveli,Tirunelveli,ZONE,Devarkulam
Guntur,Guntur,ZONE,Patibandla
Madurai,Madurai,ZONE,Ponnagaram
Jaipur,Vaishali Nagar,ZONE,Hasanpura C
Guwahati,Guwahati,ZONE,Ulubari
Chittoor,Chittoor,ZONE,Poonepallekandriga
Lucknow,Aliganj,ZONE,Bibipur
Amritsar,Amritsar,ZONE,Chamba Kalan
Amritsar,Amritsar,ZONE,Ram Tirath
Amritsar,Amritsar,ZONE,Galalipur
Guntur,Guntur,ZONE,Trunk Road
Erode,Erode,ZONE,Minnapalayam
Delhi,Dwarka,ZONE,Dwarka Sector 17
Faridabad,Faridabad,ZONE,Dhatir
Ahmedabad,Paldi,ZONE,Mithakhali
Jakarta,Cengkareng/Penjaringan/Kalideres,ZONE,Tegal Alur
Ranchi,Ranchi,ZONE,Kumharia
Kannur,Kannur,ZONE,Kizhakke Kadirur
Kannur,Kannur,ZONE,Kurichiyil
Bhubaneswar,Bhubaneswar,ZONE,Retang Colony
Guntur,Guntur,ZONE,Dammalapadu
Nellore,Nellore,ZONE,Budanam
Madurai,Madurai,ZONE,Deivanayagapuram
Tangerang,Tangerang,ZONE,Jatimulya
Ernakulam,Kakkanad,ZONE,Rajagiri
Hooghly,Hooghly,ZONE,Kanaipur
Kolkata,Central,ZONE,Bediapara
North 24 Parganas,North 24 Parganas,ZONE,Dulduli Mathbari
San Juan,San Juan Region,ZONE,Bagong Barrio West
Las Pinas,Las Pinas Region,ZONE,Pulang Lupa Uno
Taguig,Taguig Region,ZONE,Sagád
Pune,Hadapsar,ZONE,Bhekrai Nagar
Thane,Dombivali,ZONE,Palava City
Guntur,Guntur,ZONE,Enamadala
Jaipur,C Scheme,ZONE,Passport Office
Hooghly,Hooghly,ZONE,Gurap
Thiruvananthapuram,Thiruvananthapuram,ZONE,Vanchiyoor Junction
Quezon City,Quezon Region,ZONE,Project 7
Kolkata,Dum dum,ZONE,Ordnance Factory
Kolkata,Central,ZONE,Radha Bazar
North 24 Parganas,North 24 Parganas,ZONE,Kaliani
Faridabad,Faridabad,ZONE,Prithla
Quezon City,Quezon Region,ZONE,Bagbag
Ernakulam,Kadavanthara,ZONE,Vyttila
Warangal,Warangal,ZONE,Madikonda
Tirunelveli,Tirunelveli,ZONE,Burkitmanagaram
Tirunelveli,Tirunelveli,ZONE,Karuvanda
Mysore,Mysore,ZONE,Devarayasettipura
Kannur,Kannur,ZONE,Edayannur
Aurangabad (BH),Aurangabad (BH),ZONE,Jaitiya
North Goa,North Goa,ZONE,Assonora
North Goa,North Goa,ZONE,Carapur
Amritsar,Amritsar,ZONE,Valtoha
Hooghly,Hooghly,ZONE,Pargopalnagar
Madurai,Madurai,ZONE,Kulasekarankottai
Kolkata,Bhowanipore,ZONE,Jayshree Park
Pune,Bibvewadi,ZONE,Fatima Nagar
Delhi,Nehru place,ZONE,Zakir Nagar
Delhi,Rohini,ZONE,Sultanpuri
Surat,Athawa,ZONE,Nanpura
Ranchi,Ranchi,ZONE,Lowahatu
Kannur,Kannur,ZONE,Kolari
Salem,Salem,ZONE,Andikarai
Salem,Salem,ZONE,Nangavalli
North 24 Parganas,North 24 Parganas,ZONE,New Town
North 24 Parganas,North 24 Parganas,ZONE,Nityaberia
Chennai,Chennai South East 1,ZONE,Karapakkam
Singapore,Woodlands,ZONE,Kranji
São Paulo,Jabaquara,ZONE,Chácara Monte Alegre
Kannur,Kannur,ZONE,Thiruvattoor
Kozhikode,Kozhikode,ZONE,Cherukad
Thiruvananthapuram,Thiruvananthapuram,ZONE,TVM Beach
Tiruchirappalli,Tiruchirappalli,ZONE,Moovanur
Bangalore,shivajinagar + MG Road,ZONE,Kasturba Road
Tirunelveli,Tirunelveli,ZONE,Suttamally
Warangal,Warangal,ZONE,Authapur
Chittoor,Chittoor,ZONE,Chintalavaripalem
Bilaspur,Bilaspur,ZONE,Keonchi
Guntur,Guntur,ZONE,Allavaripalem
North Goa,North Goa,ZONE,Tuem
Lucknow,Ashiyana,ZONE,Kasmandi Khurd
Hyderabad,Marredpally,ZONE,Musheerabad
Madurai,Madurai,ZONE,Krishnapuram Colony
Salem,Salem,ZONE,Meyyanur
Tangerang,Tangerang,ZONE,Ranca Kalapa
North 24 Parganas,North 24 Parganas,ZONE,Ghatihara
North 24 Parganas,North 24 Parganas,ZONE,Ghonza
Delhi,Shahdara,ZONE,Harsh Vihar
Kottayam,Kottayam,ZONE,Cherpunkal
Chittoor,Chittoor,ZONE,Madireddipalle
Chittoor,Chittoor,ZONE,Nangamangalam
Chittoor,Chittoor,ZONE,Thurupupalle
Tirunelveli,Tirunelveli,ZONE,Urmelalagian
Allahabad,Allahabad,ZONE,Barethi
Bilaspur,Bilaspur,ZONE,Deogaon
Delhi,Mehrauli,ZONE,Khanpur
Hooghly,Hooghly,ZONE,Bandipur
Guntur,Guntur,ZONE,Sirigiripadu
Aurangabad,Aurangabad,ZONE,Deolai
Aurangabad,Aurangabad,ZONE,Samarthanagar
Kannur,Kannur,ZONE,Koomanthode
Thiruvananthapuram,Thiruvananthapuram,ZONE,Varkala South
Salem,Salem,ZONE,Salem Extension
Thiruvananthapuram,Thiruvananthapuram,ZONE,Marangad
Nellore,Nellore,ZONE,Tanamcherla
Tiruchirappalli,Tiruchirappalli,ZONE,Malvoy
Agra,Delhi Gate,ZONE,Kailash
Agra,Kamla Nagar,ZONE,New Agra
Allahabad,Allahabad,ZONE,Gorigon
Bhubaneswar,Bhubaneswar,ZONE,Bhubaneswar Court
Chittoor,Chittoor,ZONE,Nellimanda
Chandigarh,Sector 20,ZONE,Sector 20
Allahabad,Allahabad,ZONE,Ranipur
Mohali,Mohali,ZONE,Kalewal
Aurangabad (BH),Aurangabad (BH),ZONE,Daudnagar
Bilaspur,Bilaspur,ZONE,Secl Bilaspur
Lucknow,Ashiyana,ZONE,A N L Colony
Meerut,Sadar Bazaar,ZONE,Ramlilaground
Lucknow,Aliganj,ZONE,Aliganj sector F
Tangerang,Tangerang,ZONE,Pekayon
Indore,Sapna Sangeeta,ZONE,Usha Ganj
Manila,Manila Region,ZONE,Ermita
Guntur,Guntur,ZONE,Gangavaram
Guntur,Guntur,ZONE,Gottimukkala
Guntur,Guntur,ZONE,Intur
North 24 Parganas,North 24 Parganas,ZONE,Kumarkhola
Taguig,Taguig Region,ZONE,Jesus De La Peña
Erode,Erode,ZONE,Kadayampatti
Madurai,Madurai,ZONE,Manuthu
Faridabad,Faridabad,ZONE,Dayalpur
Quezon City,Quezon Region,ZONE,Paligsahan
Gurgaon,Manesar,ZONE,Gurgaon Sector 76
South Goa,South Goa,ZONE,Ugvem
Singapore,City,ZONE,Redhill
São Paulo,Jabaquara,ZONE,Vila Paulista
Hooghly,Hooghly,ZONE,Milangarh
Bangalore,JP Nagar,ZONE,Panduranga Nagar
Kottayam,Kottayam,ZONE,Mariathuruthu
Kottayam,Kottayam,ZONE,Vellavoor
Thiruvananthapuram,Thiruvananthapuram,ZONE,Perumpazhuthoor
Aurangabad,Aurangabad,ZONE,Assegaon
Chittoor,Chittoor,ZONE,Mapakshi
Thiruvananthapuram,Thiruvananthapuram,ZONE,Pallipuram
Aurangabad,Aurangabad,ZONE,Manjri
Warangal,Warangal,ZONE,Dameravancha
Chittoor,Chittoor,ZONE,Santhipuram
Guntur,Guntur,ZONE,Champadu
Erode,Erode,ZONE,Pullappanaickenpalayam
Karur,Karur,ZONE,Semangi
Salem,Salem,ZONE,Nallagoundampalayam
Faridabad,Faridabad,ZONE,Sector 53
Hooghly,Hooghly,ZONE,Gangadharpur Bazar
Kolkata,Salt lake,ZONE,Belgachia
Las Pinas,Las Pinas Region,ZONE,Almanza Dos
Las Pinas,Las Pinas Region,ZONE,Talon Singko
Warangal,Warangal,ZONE,Bhagirathipet
Chittoor,Chittoor,ZONE,Gadi
Chittoor,Chittoor,ZONE,Balireddigaripalle
Puducherry,Puducherry,ZONE,Thimmanaickenpalayam
Chennai,Chennai South East 1,ZONE,Raja Annamalai Puram
Ahmedabad,Maninagar,ZONE,Rakhial Udyog Vistar
Hooghly,Hooghly,ZONE,Kinkarbati
Amritsar,Amritsar,ZONE,Bhindi Saydan
Lucknow,Hazratganj,ZONE,Bazargaron
Nellore,Nellore,ZONE,Peda Kandla
Jakarta,PuloGadung/Duren Sawit,ZONE,Malaka Sari
Quezon City,Quezon Region,ZONE,Nayong Kanluran
San Juan,San Juan Region,ZONE,Barangay 175
Mumbai,Parel,ZONE,Parel
Mysore,Mysore,ZONE,Hadinaru
Kannur,Kannur,ZONE,Kanichar
Mangalore,Mangalore,ZONE,Kandavara
Kannur,Kannur,ZONE,Olavilam
Bangalore,JP Nagar,ZONE,Konanakunte
Allahabad,Allahabad,ZONE,Allahabad Kty.
Allahabad,Allahabad,ZONE,Bhanjanpur
Allahabad,Allahabad,ZONE,C D A
Aurangabad,Aurangabad,ZONE,Soegaon
Tiruchirappalli,Tiruchirappalli,ZONE,Tiruchirappalli East
Tiruchirappalli,Tiruchirappalli,ZONE,Kilakunnupatti
Dantewada,Dantewada,ZONE,Idjepal
Allahabad,Allahabad,ZONE,Manpur
Chittoor,Chittoor,ZONE,Penchupadu
Amritsar,Amritsar,ZONE,Chuslewar
Lucknow,Aliganj,ZONE,Saraura
Chittoor,Chittoor,ZONE,Madibaka
Delhi,Malviya nagar,ZONE,Sarvapriya Vihar
Hyderabad,Himayat nagar,ZONE,Kavadiguda
Hooghly,Hooghly,ZONE,Jejur
Mangalore,Mangalore,ZONE,Car Street
Panchkula,Panchkula,ZONE,Sector- 14
Lucknow,Gomtinagar,ZONE,Eldeco II
Vadodara,Waghodia Road,ZONE,New Sama Road
Jaipur,Vidhyadhar Nagar,ZONE,Jaitpura I A
Surat,Vesu,ZONE,Dumas
Chennai,Chennai South East 1,ZONE,Sithalapakkam
Salem,Salem,ZONE,Edanganasalai
Mysore,Mysore,ZONE,Srirampura
Kozhikode,Kozhikode,ZONE,Annasseri
Salem,Salem,ZONE,Kasthuripatti
Tiruchirappalli,Tiruchirappalli,ZONE,Kilakalkandarkottai
Thiruvananthapuram,Thiruvananthapuram,ZONE,Idinjar
Agra,Kamla Nagar,ZONE,K.H.Sansthan
Allahabad,Allahabad,ZONE,Allahabad Fort
Chittoor,Chittoor,ZONE,Muthukur
Bhubaneswar,Bhubaneswar,ZONE,Darada
Thrissur,Thrissur,ZONE,Poothole
Nellore,Nellore,ZONE,Andhrakesari Nagar
Bhopal,Old Bhopal,ZONE,Air Port
Visakhapatnam,Gajuwaka,ZONE,B H P V
Visakhapatnam,Gajuwaka,ZONE,Ukkunagaram
Tirunelveli,Tirunelveli,ZONE,Palayankottai Courts
Thiruvananthapuram,Thiruvananthapuram,ZONE,Perayam
Tirunelveli,Tirunelveli,ZONE,Veeriruppu
Aurangabad (BH),Aurangabad (BH),ZONE,Riyasat Pawai
Bhopal,Old Bhopal,ZONE,Jahangirabad
Aurangabad,Aurangabad,ZONE,Borsar
Aurangabad,Aurangabad,ZONE,Rahegaon
Visakhapatnam,Dwaraka Nagar,ZONE,Waltair R S
Allahabad,Allahabad,ZONE,Sikikhurda
Chittoor,Chittoor,ZONE,Nekkondi
Amritsar,Amritsar,ZONE,Bhagiari
North Goa,North Goa,ZONE,Velguem O
Mohali,Mohali,ZONE,Pb.Communication Ltd B-91&93 Ind.Area Ph-8B Sector-71
Hooghly,Hooghly,ZONE,Krishanbatichar
Guntur,Guntur,ZONE,Brahmanapalle
Chittoor,Chittoor,ZONE,Rangampet
Kottayam,Kottayam,ZONE,Midayikunnu
Guntur,Guntur,ZONE,Pamulapadu
Allahabad,Allahabad,ZONE,Ghoorpur
Allahabad,Allahabad,ZONE,Prayag Mahila Vidyapith
Tangerang,Tangerang,ZONE,Tapos
Kolkata,Santoshpur,ZONE,Joka
North 24 Parganas,North 24 Parganas,ZONE,Katiahat
Aurangabad,Aurangabad,ZONE,Kagazipura
Chittoor,Chittoor,ZONE,Narayanapuram
Delhi,Cannought place,ZONE,Minto Road
Noida,Sector 57,ZONE,Sector 10
Guntur,Guntur,ZONE,Vannayapalem
Guntur,Guntur,ZONE,Pinapad Tenali
Karur,Karur,ZONE,Vettamangalam
Guntur,Guntur,ZONE,Nimmagaddavaripalem
Aurangabad,Aurangabad,ZONE,Aurangpura
North 24 Parganas,North 24 Parganas,ZONE,Dakshin Chatra
Chennai,Chennai North East,ZONE,Royapuram
Jaipur,Vidhyadhar Nagar,ZONE,Rambura Dabari
Faridabad,Faridabad,ZONE,UTI Sector-7
São Paulo,Mooca,ZONE,Parque São Jorge
Erode,Erode,ZONE,Bhavani Kudal
Guntur,Guntur,ZONE,Nidubrolu Old Town
Nellore,Nellore,ZONE,Velicherla
Gurgaon,Sector43,ZONE,Gurgaon Sector 44
South Tangerang,South Tangerang,ZONE,Pondok Ranji
Nashik,Gangapur Road,ZONE,Canada Corner
Guntur,Guntur,ZONE,Prakashnagar
Ernakulam,Kakkanad,ZONE,Karukutty
Kolkata,Bhowanipore,ZONE,Raja J.N.Market
San Juan,San Juan Region,ZONE,Vergara
Delhi,Rohini,ZONE,Prem Nagar
Panchkula,Panchkula,ZONE,Pinjore
Ranchi,Ranchi,ZONE,Katarpa
Mangalore,Mangalore,ZONE,District Courts
Salem,Salem,ZONE,Salem Camp
Tangerang,Tangerang,ZONE,Kutruk
Nashik,Panchavati,ZONE,Bhadrakali
Nashik,Panchavati,ZONE,Ganeshwadi
North 24 Parganas,North 24 Parganas,ZONE,Bhabanipur
Faridabad,Faridabad,ZONE,Sector 16
Kottayam,Kottayam,ZONE,Kattachira
Kottayam,Kottayam,ZONE,Thalanad
Kozhikode,Kozhikode,ZONE,Pavandur
Kozhikode,Kozhikode,ZONE,Azhiyur
Kozhikode,Kozhikode,ZONE,Chathangottunada
Thrissur,Thrissur,ZONE,Kumbalacode
Nagpur,Ramdaspeth,ZONE,Gokulpeth
Tirunelveli,Tirunelveli,ZONE,Kidarakulam
South Goa,South Goa,ZONE,Betalbhatim
Ahmedabad,Maninagar,ZONE,Ctm Char Rasta
Patna,Raja Bazar,ZONE,Boring Canal Road
Faridabad,Faridabad,ZONE,Sector-15
Mysore,Mysore,ZONE,Danagalli
Aurangabad (BH),Aurangabad (BH),ZONE,Sohasa
Rajahmundry,Rajahmundry,ZONE,Kateru
Delhi,Malviya nagar,ZONE,Malviya Nagar
Erode,Erode,ZONE,Thamaraikarai
Jakarta,Kelapa Gading,ZONE,Rorotan
Salem,Salem,ZONE,Kalipatti
Salem,Salem,ZONE,Alachampalayam
Kottayam,Kottayam,ZONE,Kottakkapuram
Mysore,Mysore,ZONE,Kurubur
Thiruvananthapuram,Thiruvananthapuram,ZONE,Pakalkuri
East Khasi Hills,Shillong-East Khasi Hills,ZONE,Umphyrnai
Ernakulam,Kakkanad,ZONE,Thabore
Ernakulam,Kakkanad,ZONE,Vappalassery
Noida,Gejha,ZONE,Sector 137
Agra,Taj Ganj,ZONE,Sadar Bazar
Kozhikode,Kozhikode,ZONE,Cheruvannur
Bhopal,South Bhopal,ZONE,Trilanga
Ranchi,Ranchi,ZONE,New Area Marabadi
Ernakulam,Kakkanad,ZONE,Kadamakudi
Quezon City,Quezon Region,ZONE,Escopa III
Pune,Bibvewadi,ZONE,Handewadi
Guntur,Guntur,ZONE,Madinapadu
Tiruchirappalli,Tiruchirappalli,ZONE,Nedungur
Bhubaneswar,Bhubaneswar,ZONE,Loco Settlement
Kanpur,Kidwai Nagar,ZONE,B N Shukla & Sons
Hooghly,Hooghly,ZONE,Ghosla
Thiruvananthapuram,Thiruvananthapuram,ZONE,Mukkolackal
Thrissur,Thrissur,ZONE,Chottupara
Warangal,Warangal,ZONE,Taralapalli
Tirunelveli,Tirunelveli,ZONE,Mannarpuram
Bangalore,shivajinagar + MG Road,ZONE,Ulsoor
Warangal,Warangal,ZONE,Peddakodepak
Allahabad,Allahabad,ZONE,Chhibaiya
Chittoor,Chittoor,ZONE,Chinnarajukuppam
Bilaspur,Bilaspur,ZONE,Pendra Road Sanotorium
Bilaspur,Bilaspur,ZONE,Jarondha
Guntur,Guntur,ZONE,Chebrole
North Goa,North Goa,ZONE,Canca
Erode,Erode,ZONE,Vengipalayam
Erode,Erode,ZONE,Konamoolai
Nellore,Nellore,ZONE,Gudigunta
Warangal,Warangal,ZONE,Madanpalli
Tangerang,Tangerang,ZONE,Kampung Melayu Barat
Aurangabad (BH),Aurangabad (BH),ZONE,Khadiha
Coimbatore,Race Course,ZONE,Chettipalayam
Hyderabad,Sanath nagar,ZONE,Balkampet
Nellore,Nellore,ZONE,Racherlapadu
Madurai,Madurai,ZONE,Kancharampettai
Jakarta,Kramat Jati/Pasar Rebo,ZONE,Cawang
Ludhiana,Ludhiana Zone 3,ZONE,Chet singh nagar
Nellore,Nellore,ZONE,Kovur
Hooghly,Hooghly,ZONE,Naisarai
Kolkata,Tollygunge,ZONE,Netaji Nagar
Kanpur,Swaroop Nagar,ZONE,Kanpur
Aurangabad (BH),Aurangabad (BH),ZONE,Dhnaoh Bigha
Kanpur,Swaroop Nagar,ZONE,Muir Mill
Bilaspur,Bilaspur,ZONE,Sarkanda Bilaspur
Mysore,Mysore,ZONE,Kempainahundi
South Goa,South Goa,ZONE,Tisca
Nellore,Nellore,ZONE,Vunuguntapalem
Ranchi,Ranchi,ZONE,Jariadih
Tirunelveli,Tirunelveli,ZONE,Tirunelveli R.S
Allahabad,Allahabad,ZONE,Biharia
Allahabad,Allahabad,ZONE,Newada
Guntur,Guntur,ZONE,Railpeta Bapatla
Hooghly,Hooghly,ZONE,Shyampur
Hyderabad,Nallakunta,ZONE,Chikkadpally
Madurai,Madurai,ZONE,Thiruvalavayanallur
Salem,Salem,ZONE,Peramanur
Tangerang,Tangerang,ZONE,Periuk
Kolkata,Central,ZONE,Kolkata University
Quezon City,Quezon Region,ZONE,Quirino 3-A
Pune,Talegaon,ZONE,Talegaon
Mysore,Mysore,ZONE,Sangarasettihalli
Kottayam,Kottayam,ZONE,Karikode
Nellore,Nellore,ZONE,Amuduru
Nellore,Nellore,ZONE,Katepalli
Warangal,Warangal,ZONE,Mangalvaripet
Warangal,Warangal,ZONE,Alankhanipet
Bangalore,Rajajinagar,ZONE,Magadi Road
Chittoor,Chittoor,ZONE,Kammguttapalle
Lucknow,Aliganj,ZONE,U I C Mill
Allahabad,Allahabad,ZONE,Chakiya
Hyderabad,Langer house,ZONE,Sun city
Chennai,Chennai South West 2,ZONE,Selaiyur
Mumbai,Kandivali,ZONE,Kandivali East
Kolkata,Park street,ZONE,Minto Park
Kannur,Kannur,ZONE,Bavode
Jaipur,Raja Park,ZONE,Shahpura
Lucknow,Hazratganj,ZONE,Khadra
North 24 Parganas,North 24 Parganas,ZONE,Chowberia
North 24 Parganas,North 24 Parganas,ZONE,Sadhanpur Uludanga
Kottayam,Kottayam,ZONE,Koothrappally
Vadodara,Waghodia Road,ZONE,Ajwa Road
Hooghly,Hooghly,ZONE,Paba
Guntur,Guntur,ZONE,Munnangi
Guntur,Guntur,ZONE,Karumanchi
Karur,Karur,ZONE,Nadanthai North
Quezon City,Quezon Region,ZONE,Sacred Heart
Chennai,Chennai Central East,ZONE,Gerugambakkam
Kottayam,Kottayam,ZONE,Punnathura
Tirunelveli,Tirunelveli,ZONE,Alangulam Bazaar
Tirunelveli,Tirunelveli,ZONE,Kuthapanjan
Guntur,Guntur,ZONE,Ramudipalem
Karur,Karur,ZONE,Veeranampatti
Nellore,Nellore,ZONE,Virubhotlapalli
Nellore,Nellore,ZONE,Bodduvaripalem
Jakarta,Kelapa Gading,ZONE,Sunter Jaya
North 24 Parganas,North 24 Parganas,ZONE,Joygopalpur
Kottayam,Kottayam,ZONE,Ramapuram Bazar
Thrissur,Thrissur,ZONE,Poovathussery
Nellore,Nellore,ZONE,Kummarakondur
Tirunelveli,Tirunelveli,ZONE,Papanasam Mills
Warangal,Warangal,ZONE,Nekkonda
Erode,Erode,ZONE,Kolathupalayam
Erode,Erode,ZONE,Lakkapuram
Salem,Salem,ZONE,Kurukkapatti
Salem,Salem,ZONE,Nariyanur
Tangerang,Tangerang,ZONE,Saga
Tangerang,Tangerang,ZONE,Pasir Barat
Hyderabad,Sanath nagar,ZONE,Chintal
Warangal,Warangal,ZONE,Raiparthy
Warangal,Warangal,ZONE,Kurchapalli
Aurangabad (BH),Aurangabad (BH),ZONE,Dhibra
Rajahmundry,Rajahmundry,ZONE,Vullithota
Kozhikode,Kozhikode,ZONE,Mangad
Thiruvananthapuram,Thiruvananthapuram,ZONE,Nedumparambu
Thiruvananthapuram,Thiruvananthapuram,ZONE,Muttappalam
Thrissur,Thrissur,ZONE,Pullu
Nellore,Nellore,ZONE,Yakasiri
Salem,Salem,ZONE,Valasaiyur
Salem,Salem,ZONE,Kullampatti
Bhopal,Central Bhopal,ZONE,C.T.T.Nagar
Tiruchirappalli,Tiruchirappalli,ZONE,Ariyamangalam
Tirunelveli,Tirunelveli,ZONE,Kuttam
Bilaspur,Bilaspur,ZONE,Baigakapa
Bilaspur,Bilaspur,ZONE,Ghanaghat
Bilaspur,Bilaspur,ZONE,Nawaspur
North 24 Parganas,North 24 Parganas,ZONE,Beara
Quezon City,Quezon Region,ZONE,Santa Cruz
Gurgaon,Manesar,ZONE,Gurgaon Sector 89
Kakinada,Kakinada,ZONE,Temple Street
Warangal,Warangal,ZONE,Akinepalli Mallaram
Kozhikode,Kozhikode,ZONE,Kakkatampoyil
Indore,Old Indore,ZONE,Collector Moti Tabela
Tiruchirappalli,Tiruchirappalli,ZONE,Senappanallur
Tiruchirappalli,Tiruchirappalli,ZONE,T.Narasingapuram
Chittoor,Chittoor,ZONE,Thatimakulapalle
Allahabad,Allahabad,ZONE,Tatarganj
Chandigarh,Sector 20,ZONE,Sector-11
Chittoor,Chittoor,ZONE,Mambedu
Jaipur,Jhotwara,ZONE,Jhar
Guntur,Guntur,ZONE,Visweswaram
Karur,Karur,ZONE,Karur West
Nellore,Nellore,ZONE,Madapalli
Madurai,Madurai,ZONE,Kilavalavu
Salem,Salem,ZONE,Kannamoochi
Mohali,Mohali,ZONE,Sector 75
Nashik,Panchavati,ZONE,Saraf Baazar
Hooghly,Hooghly,ZONE,Megshar
Faridabad,Faridabad,ZONE,Canal Colony
Lucknow,Ashiyana,ZONE,Sardar bazar
São Paulo,Bela Vista,ZONE,Jardim Europa
São Paulo,Vila Mariana,ZONE,Bosque da Saúde
Hooghly,Hooghly,ZONE,Talbona
Kozhikode,Kozhikode,ZONE,Iringath
Salem,Salem,ZONE,Okkilipaltti
Visakhapatnam,Gajuwaka,ZONE,Prahladapuram
East Khasi Hills,Shillong-East Khasi Hills,ZONE,Langkyrdem
Tirunelveli,Tirunelveli,ZONE,A Thirumalapuram
Kannur,Kannur,ZONE,Pottampilavu
Warangal,Warangal,ZONE,Mahathma Gandhi Road
Agra,Taj Ganj,ZONE,Rakabganj
Chittoor,Chittoor,ZONE,Karasanapalle
Chittoor,Chittoor,ZONE,Mittachintavaripalle
Bhopal,Old Bhopal,ZONE,Nayapura
Chittoor,Chittoor,ZONE,Nellipatla
Dantewada,Dantewada,ZONE,Chhotetumnar
Tiruchirappalli,Tiruchirappalli,ZONE,Kovilur
Guntur,Guntur,ZONE,Kesanapalle
Warangal,Warangal,ZONE,Ramachandrunipet
Mohali,Mohali,ZONE,Jayanti Devi
Chennai,Chennai West,ZONE,Korattur
Karur,Karur,ZONE,Kuppachipatti
Jakarta,Kebon Jeruk/Tomang/Slipi,ZONE,Angke
Salem,Salem,ZONE,Mettupatti
North 24 Parganas,North 24 Parganas,ZONE,Chhoto Jagulia
South Goa,South Goa,ZONE,Borim
Salem,Salem,ZONE,Kadambur
Salem,Salem,ZONE,Mayambadi
Makati,Makati Region,ZONE,Guadalupe Viejo
Jakarta,Kelapa Gading,ZONE,Cilincing
Chittoor,Chittoor,ZONE,Kattakindapalle
Allahabad,Allahabad,ZONE,New Bairahana
Lucknow,Hazratganj,ZONE,Kathwara
Guntur,Guntur,ZONE,S.K.P.Temple
Faridabad,Faridabad,ZONE,Ghori
Greater Noida,Greater Noida,ZONE,Gamma II
Puducherry,Puducherry,ZONE,Nellithoppe
Greater Noida,Greater Noida,ZONE,Zeta II
Delhi,Rohini,ZONE,Nangloi
Mohali,Mohali,ZONE,Sector- 93
Delhi,Rohini,ZONE,Mundka
Jakarta,Kebon Jeruk/Tomang/Slipi,ZONE,Joglo
Ranchi,Ranchi,ZONE,Nagjua
Faridabad,Faridabad,ZONE,Sondh
Ranchi,Ranchi,ZONE,Jagarnath Nagar Colony
Salem,Salem,ZONE,Surapalli
Ranchi,Ranchi,ZONE,Murma Nayasarai
Ernakulam,Tripunithura,ZONE,Kadungamangalam
Hooghly,Hooghly,ZONE,Dewanbheri
Jaipur,Malviya Nagar,ZONE,Thali
Jakarta,Kebayoran/Bintaro,ZONE,Petogogan
Salem,Salem,ZONE,Poosaripatti
Mysore,Mysore,ZONE,M C Thalalu
Hooghly,Hooghly,ZONE,Hiatpur
Hooghly,Hooghly,ZONE,Pilkhan
Guntur,Guntur,ZONE,Mokkapadu
Ernakulam,Kakkanad,ZONE,Edathala
Lucknow,Gomtinagar,ZONE,Vikas Khand
Nellore,Nellore,ZONE,Ammapalem
Erode,Erode,ZONE,Thengumarahada
Madurai,Madurai,ZONE,Nallur
South Tangerang,South Tangerang,ZONE,Cipayung
Indore,Palasia,ZONE,Subhash Nagar
Delhi,Dwarka,ZONE,Dwarka Sector 20
Thiruvananthapuram,Thiruvananthapuram,ZONE,Vanchiyur
Aurangabad,Aurangabad,ZONE,Ghanegaon
Nellore,Nellore,ZONE,Thurupuchennampalli
Nellore,Nellore,ZONE,Tatipartipalem
Pune,Pimpri chinchwad,ZONE,Moshi
Tirunelveli,Tirunelveli,ZONE,Venkatarayapuram
Tirunelveli,Tirunelveli,ZONE,Tirunelveli Merku
Bangalore,Yelahanka,ZONE,Sahakaranagar
Chittoor,Chittoor,ZONE,Nochilirajukandriga
Delhi,Civil lines,ZONE,Kashmiri Gate
Chittoor,Chittoor,ZONE,Gangireddipalli
Chittoor,Chittoor,ZONE,Kuntrapakam
Guntur,Guntur,ZONE,Perikapadu Thanda
Amritsar,Amritsar,ZONE,Basti Ram Dhab
Kannur,Kannur,ZONE,Chunkakunnu
Erode,Erode,ZONE,Kangayam North
Madurai,Madurai,ZONE,Vellayampatti
Amritsar,Amritsar,ZONE,Ranjit Avenue
North 24 Parganas,North 24 Parganas,ZONE,Pinkal
Las Pinas,Las Pinas Region,ZONE,La Huerta
North 24 Parganas,North 24 Parganas,ZONE,Janaphul
Mumbai,Fort area,ZONE,Churchgate
Mangalore,Mangalore,ZONE,Bejai Kapikad Road
Faridabad,Faridabad,ZONE,sector 21d
Ernakulam,Tripunithura,ZONE,Piravom
Ludhiana,Ludhiana Zone 3,ZONE,Dal bazar
Ludhiana,Ludhiana Zone 1,ZONE,Balmiki nagar
Ernakulam,Kakkanad,ZONE,Perumannoor
Mysore,Mysore,ZONE,Hemmige
Ernakulam,Tripunithura,ZONE,Karamala
Tangerang,Tangerang,ZONE,Poris Plawad Utara
Hooghly,Hooghly,ZONE,Ilsobamondalai
Meerut,Sadar Bazaar,ZONE,Jain Nagar
North 24 Parganas,North 24 Parganas,ZONE,Kalindi Housing Estate
Kannur,Kannur,ZONE,Muzhappilangad
Kannur,Kannur,ZONE,Mottammal
Kottayam,Kottayam,ZONE,Pazhayidom
Kannur,Kannur,ZONE,Karivellur
Kottayam,Kottayam,ZONE,Thalayazham
Thiruvananthapuram,Thiruvananthapuram,ZONE,Thonnakkal
Aurangabad,Aurangabad,ZONE,Wadali
Warangal,Warangal,ZONE,Kantaipalem
Chittoor,Chittoor,ZONE,Bytikodiyambedu
Lucknow,Indranagar,ZONE,Sector-14 Indiranagar
Amritsar,Amritsar,ZONE,Kale Ghanupur
Lucknow,Hazratganj,ZONE,Atari
North Goa,North Goa,ZONE,Mayem
Guntur,Guntur,ZONE,Pushadapuvaripalem
Hooghly,Hooghly,ZONE,Rabindranagar
Hyderabad,Langer house,ZONE,Golconda
Ludhiana,Ludhiana Zone 1,ZONE,Krishna Nagar
Ernakulam,Tripunithura,ZONE,Onakkoor
Nagpur,Sadar,ZONE,Indora
Warangal,Warangal,ZONE,Kantatmakur
Chittoor,Chittoor,ZONE,Cheldiganipalle
Delhi,South extension,ZONE,Gulmohar Park
Amritsar,Amritsar,ZONE,Mehndipura
Erode,Erode,ZONE,Muthayeepalayam
Erode,Erode,ZONE,Pudur
Karur,Karur,ZONE,Mayanur
Salem,Salem,ZONE,Jodukuli
North 24 Parganas,North 24 Parganas,ZONE,Samsernagar
Bangalore,Yelahanka,ZONE,Doddaballapura
Hyderabad,Bolarum,ZONE,Medchal
Ernakulam,Kakkanad,ZONE,Idamalayar
Aurangabad,Aurangabad,ZONE,Pimpalwadi
Kozhikode,Kozhikode,ZONE,Manasseri
Nellore,Nellore,ZONE,Chembedu
Bhubaneswar,Bhubaneswar,ZONE,Ghatikia
Bhubaneswar,Bhubaneswar,ZONE,Madhusudan Nagar
Amritsar,Amritsar,ZONE,State Bank of India
Chandigarh,Sector 20,ZONE,Sector-12
Lucknow,Aliganj,ZONE,Bakshi Ka Talab
Chittoor,Chittoor,ZONE,Kadur
Chittoor,Chittoor,ZONE,West Varathur
Amritsar,Amritsar,ZONE,Kot Mohd.Khan
Erode,Erode,ZONE,Ambodi
Madurai,Madurai,ZONE,Chellampatti
Jaipur,Jhotwara,ZONE,Kodi
North 24 Parganas,North 24 Parganas,ZONE,Khorgachi
Jaipur,Raja Park,ZONE,Pathredi
Erode,Erode,ZONE,Kanjikovil
Erode,Erode,ZONE,Karattadipalayam
Erode,Erode,ZONE,Kavindapadi
Salem,Salem,ZONE,M.Kalipatti
Tangerang,Tangerang,ZONE,Gunung Kaler
Nashik,Nashik Road,ZONE,Swami Samarth Nagar
Hooghly,Hooghly,ZONE,Simlagarh
Panchkula,Panchkula,ZONE,Bhurewala
São Paulo,Bela Vista,ZONE,República
Quezon City,Quezon Region,ZONE,San Antonio
Anantapur,Anantapur,ZONE,Guntakal
Singapore,Geylang,ZONE,Aljunied
Bangalore,Indiranagar,ZONE,Malleshpalya
Ranchi,Ranchi,ZONE,Tiril
Bhubaneswar,Bhubaneswar,ZONE,Airport
Mysore,Mysore,ZONE,Brindavan Extension
Kannur,Kannur,ZONE,Arivilanjapoyil
Kottayam,Kottayam,ZONE,Koovapally
Thiruvananthapuram,Thiruvananthapuram,ZONE,Kazhavur
Tirunelveli,Tirunelveli,ZONE,Kuruvankottai
Tirunelveli,Tirunelveli,ZONE,Pottal
Warangal,Warangal,ZONE,Bommera
Warangal,Warangal,ZONE,Somaram
Warangal,Warangal,ZONE,Vellampalli
Aurangabad (BH),Aurangabad (BH),ZONE,Buxar
Allahabad,Allahabad,ZONE,Bagai Khurd
Thiruvananthapuram,Thiruvananthapuram,ZONE,Thamalam
Aurangabad,Aurangabad,ZONE,Solegaon
Lucknow,Hazratganj,ZONE,Canal Colony
Aurangabad (BH),Aurangabad (BH),ZONE,Kaler
Chittoor,Chittoor,ZONE,Singasamudram
Hooghly,Hooghly,ZONE,Binagram
Warangal,Warangal,ZONE,Jayagiri
Bangalore,Hebbal + HBR layout,ZONE,HBR Layout
Bangalore,JP Nagar,ZONE,JP Nagar 9 Phase
Warangal,Warangal,ZONE,Venkatapur Haveli
Erode,Erode,ZONE,Mannathampalayam
Nellore,Nellore,ZONE,Peddireddypalli
Jakarta,Cempaka Putih/Kemayoran/Menteng/Tanah abang,ZONE,Kampung Rawa
Salem,Salem,ZONE,Semmankudal
Salem,Salem,ZONE,Tholasampatti
North 24 Parganas,North 24 Parganas,ZONE,Dhutradaha
Chennai,Chennai South East 1,ZONE,Thiruvanmiyur
Hyderabad,Himayat nagar,ZONE,Basheerbagh
Chittoor,Chittoor,ZONE,Seetharamapuram
Dantewada,Dantewada,ZONE,Badegudra
Amritsar,Amritsar,ZONE,Sehensra
Hooghly,Hooghly,ZONE,Mollasimla
Coimbatore,Sai Baba Colony,ZONE,Velandipalayam
Guntur,Guntur,ZONE,Thimmayapalem
Gurgaon,Manesar,ZONE,Gurgaon Sector 115
Nellore,Nellore,ZONE,Kaluvoya
Karur,Karur,ZONE,Panickampatti
Hyderabad,Sanath nagar,ZONE,Vengal Rao Nagar
Madurai,Madurai,ZONE,Madurai West
Tangerang,Tangerang,ZONE,Panunggangan Timur
Allahabad,Allahabad,ZONE,Zero Road
Kolkata,Gariahat,ZONE,K.G Bose Sarani
San Juan,San Juan Region,ZONE,Catmon
Singapore,Orchard,ZONE,Botanic Gardens
Taguig,Taguig Region,ZONE,Pateros Municipality
Gurgaon,Sector10,ZONE,Gurgaon Sector 9A
Mysore,Mysore,ZONE,Debur
Ranchi,Ranchi,ZONE,Burhadih
Mysore,Mysore,ZONE,Kudlapura
Mysore,Mysore,ZONE,Komalapura
Mysore,Mysore,ZONE,Banahalli
Ernakulam,Kakkanad,ZONE,Vadakkumpuram
Kozhikode,Kozhikode,ZONE,Nochat
Visakhapatnam,Gajuwaka,ZONE,Industrial Estate
Tirunelveli,Tirunelveli,ZONE,Jacobpuram
Thrissur,Thrissur,ZONE,Inchakundu
Allahabad,Allahabad,ZONE,Meja
Bhopal,East Bhopal,ZONE,Khajuri Kalan
Tiruchirappalli,Tiruchirappalli,ZONE,Kumulur
Amritsar,Amritsar,ZONE,Rangarh
Allahabad,Allahabad,ZONE,Naini Pac
Mohali,Mohali,ZONE,Mundhon Kalan
Jaipur,Raja Park,ZONE,Radoli
Erode,Erode,ZONE,Gudakkarai
Erode,Erode,ZONE,Karumandisellipalayam
Karur,Karur,ZONE,Lingamanaickenpatti
Nellore,Nellore,ZONE,Chintavaram
Hooghly,Hooghly,ZONE,Chopa
Mumbai,Juhu,ZONE,Santacruz
Singapore,Ang Mo Kio,ZONE,Bishan
Erode,Erode,ZONE,Anthiyur
Erode,Erode,ZONE,Hassanur
Guntur,Guntur,ZONE,Ravela
Nellore,Nellore,ZONE,Chavatabheemavaram
Madurai,Madurai,ZONE,Tvs Nagar
Kanpur,Swaroop Nagar,ZONE,Swaroop Nagar
Ranchi,Ranchi,ZONE,"Chairman, JPSC, Circular Road"
Mysore,Mysore,ZONE,T Bettahalli
Ernakulam,Kakkanad,ZONE,Parakkadavu
Kannur,Kannur,ZONE,Payyambalam
Kannur,Kannur,ZONE,Kurumathur
Kannur,Kannur,ZONE,Panapuzha
Thiruvananthapuram,Thiruvananthapuram,ZONE,Thycaud
Thrissur,Thrissur,ZONE,Thalakkottukara
Aurangabad,Aurangabad,ZONE,Banshendra
Bangalore,Majestic,ZONE,Majestic
Bangalore,Malleswaram,ZONE,Jayamahal
Chittoor,Chittoor,ZONE,Arai
Chittoor,Chittoor,ZONE,Akanambattu
Amritsar,Amritsar,ZONE,J.F.Mill
Amritsar,Amritsar,ZONE,Hothian
Hyderabad,Afzal gunj,ZONE,Falaknuma
Nellore,Nellore,ZONE,Gundlammapalem
Jakarta,Kramat Jati/Pasar Rebo,ZONE,Kalisari
Salem,Salem,ZONE,Mulluvadi
Tangerang,Tangerang,ZONE,Suka Sari
North 24 Parganas,North 24 Parganas,ZONE,Jetia
Delhi,Dwarka,ZONE,Dwarka Sector 4
Surat,Varaccha,ZONE,Kamrej Char Rasta
Thiruvananthapuram,Thiruvananthapuram,ZONE,Kuruthamcode
Thiruvananthapuram,Thiruvananthapuram,ZONE,Muttakadu
Nellore,Nellore,ZONE,Marlapudi
Warangal,Warangal,ZONE,Appalraopet
Chittoor,Chittoor,ZONE,Peddaramapuram
Bilaspur,Bilaspur,ZONE,Banki
Guntur,Guntur,ZONE,Amartaluru
Delhi,Pitampura,ZONE,Shalimar Bagh
Amritsar,Amritsar,ZONE,Mattewal
Chennai,Chennai West,ZONE,Puzhal
Thiruvananthapuram,Thiruvananthapuram,ZONE,Nedunganda
Salem,Salem,ZONE,Uthamasolapuram
Aurangabad,Aurangabad,ZONE,Pimpalgaon Gangdev
Tiruchirappalli,Tiruchirappalli,ZONE,Industrial Colony
Thrissur,Thrissur,ZONE,Mattam
Aurangabad,Aurangabad,ZONE,Chilkalthana
Nellore,Nellore,ZONE,Inukurthi
Nashik,Nashik Road,ZONE,Gandhi-upnagar
Warangal,Warangal,ZONE,Balapala
Warangal,Warangal,ZONE,Mulkalapalli
Thrissur,Thrissur,ZONE,Thottippal
Thrissur,Thrissur,ZONE,Malavattom
Thrissur,Thrissur,ZONE,Mundathicode
Tiruchirappalli,Tiruchirappalli,ZONE,Kannivadugapatti
Pune,Kothrud,ZONE,Dhole Patil Road
Warangal,Warangal,ZONE,Gollacherla
Tirunelveli,Tirunelveli,ZONE,Kila Uvari
Thiruvananthapuram,Thiruvananthapuram,ZONE,Panacode
Chittoor,Chittoor,ZONE,Keeramanda
Chittoor,Chittoor,ZONE,Konganapalle
Tirunelveli,Tirunelveli,ZONE,Attalanallur
Bhubaneswar,Bhubaneswar,ZONE,Sailashree Vihar
Warangal,Warangal,ZONE,Beersettigudem
Warangal,Warangal,ZONE,Edunuthala
Chittoor,Chittoor,ZONE,Peddakalva
Allahabad,Allahabad,ZONE,Aladadpur
Aurangabad (BH),Aurangabad (BH),ZONE,Bantara
Dantewada,Dantewada,ZONE,Barsoor
Aurangabad,Aurangabad,ZONE,Rahemabad
Warangal,Warangal,ZONE,Mustial
Guntur,Guntur,ZONE,Hussainnagaram
Hooghly,Hooghly,ZONE,Gram Kulti
Erode,Erode,ZONE,Emmammpoondi
Madurai,Madurai,ZONE,Pulluthu
Madurai,Madurai,ZONE,Alagichipatti
Tangerang,Tangerang,ZONE,Buaran Indah
Amritsar,Amritsar,ZONE,Chatiwind
Jaipur,Vaishali Nagar,ZONE,Vaishali Nagar
Chennai,Chennai South 2,ZONE,Nungambakkam
Salem,Salem,ZONE,Kethunaickenpattipudur
North 24 Parganas,North 24 Parganas,ZONE,Dharampur
North 24 Parganas,North 24 Parganas,ZONE,Gadpukuria
Indore,Sapna Sangeeta,ZONE,Chandan Nagar
Kolkata,Central,ZONE,Ultadanga
Allahabad,Allahabad,ZONE,Kosda Kalan
North 24 Parganas,North 24 Parganas,ZONE,Mandra
Ghaziabad,Raj Nagar,ZONE,Old Raj Nagar
Singapore,City,ZONE,Tanjong Pagar
Salem,Salem,ZONE,Vattakadu
Tangerang,Tangerang,ZONE,Mauk Barat
Las Pinas,Las Pinas Region,ZONE,Pulang Lupa Dos
San Juan,San Juan Region,ZONE,Ermitaño
Lucknow,Aliganj,ZONE,Baurumau
São Paulo,Morumbi,ZONE,Jardim Londrina
Ranchi,Ranchi,ZONE,Tuko
Mangalore,Mangalore,ZONE,Delanthabettu
Mysore,Mysore,ZONE,Siddarthanagar Nagar
Warangal,Warangal,ZONE,Waddekothapally
Tiruchirappalli,Tiruchirappalli,ZONE,Palakarai
Bangalore,BTM Layout,ZONE,Bommanahalli
Agra,Agra City,ZONE,Sikandra
Allahabad,Allahabad,ZONE,Chhatahra
Patna,Rajendra Nagar,ZONE,Barh
Chandigarh,Sector 36,ZONE,Sector 23
Aurangabad,Aurangabad,ZONE,Parala
Amritsar,Amritsar,ZONE,Rani Ka Bagh
Warangal,Warangal,ZONE,Burhanpur
Tirunelveli,Tirunelveli,ZONE,Chitrampatti
Guwahati,Guwahati,ZONE,Zoo Road
Allahabad,Allahabad,ZONE,Hindi Sahitya Sammelan
Bilaspur,Bilaspur,ZONE,Tanda
Chittoor,Chittoor,ZONE,Marripadu
Meerut,Sadar Bazaar,ZONE,Sadar Bazar
Chittoor,Chittoor,ZONE,Yelavedu
Mohali,Mohali,ZONE,"Reliance Telecom D-154, Ph-8"
Kolkata,Central,ZONE,Lenin Sarani
North 24 Parganas,North 24 Parganas,ZONE,Madrai
Noida,Sector 25,ZONE,Sector 125
Chennai,Chennai North,ZONE,Red Hills
Kanpur,Kidwai Nagar,ZONE,Fazalganj
Bangalore,Yeshwantpur,ZONE,Mahalakshmi Layout
Madurai,Madurai,ZONE,Thumbaipatti
Kottayam,Kottayam,ZONE,Moonnilavu
Kozhikode,Kozhikode,ZONE,Thambalamanna
Kozhikode,Kozhikode,ZONE,Valiyaparamba
Tiruchirappalli,Tiruchirappalli,ZONE,Velur
Warangal,Warangal,ZONE,Ilapuram
Tiruchirappalli,Tiruchirappalli,ZONE,Thavalaveeranpatti
Tirunelveli,Tirunelveli,ZONE,Ayanthiruvaleeswaram
Tangerang,Tangerang,ZONE,Panunggangan Barat
Nashik,Gangapur Road,ZONE,Ambad Gaon
North 24 Parganas,North 24 Parganas,ZONE,Asharu
Quezon City,Quezon Region,ZONE,Nayon Kaunlaran
Faridabad,Faridabad,ZONE,Ali Meo
Ranchi,Ranchi,ZONE,Dahu
Tirunelveli,Tirunelveli,ZONE,Melaseval
Allahabad,Allahabad,ZONE,Bihariya
Allahabad,Allahabad,ZONE,Newadhiya Uparhar
Guntur,Guntur,ZONE,Pragnam
Delhi,Punjabi bagh,ZONE,Mansarover Garden
Mysore,Mysore,ZONE,Hirehalli
Mysore,Mysore,ZONE,Malali
Nellore,Nellore,ZONE,Cherukumudi
Aurangabad,Aurangabad,ZONE,Dhkephal
Ernakulam,Kakkanad,ZONE,Nayathode
South Goa,South Goa,ZONE,Sant Estevam
Tiruchirappalli,Tiruchirappalli,ZONE,Ponnagar
Bangalore,Banashankari + RR Nagar,ZONE,Rajarajeshwarinagar
Tirunelveli,Tirunelveli,ZONE,Urumankulam
Kozhikode,Kozhikode,ZONE,Guruvayurappan College
Allahabad,Allahabad,ZONE,Bamrauli
Kannur,Kannur,ZONE,Kaithapram
Kottayam,Kottayam,ZONE,Theerthapadapuram
Bhopal,Central Bhopal,ZONE,E-2 Sector
Bhopal,Old Bhopal,ZONE,Itwara
Bhopal,East Bhopal,ZONE,Kolua Khurd
Tiruchirappalli,Tiruchirappalli,ZONE,Angarai
Aurangabad,Aurangabad,ZONE,Lasurgaon
Warangal,Warangal,ZONE,Maqdumpuram
Warangal,Warangal,ZONE,Chinchinkota
Tiruchirappalli,Tiruchirappalli,ZONE,Subramaniapuram
Ernakulam,Panampilly Nagar,ZONE,Ernakulam High Court
Amritsar,Amritsar,ZONE,Wadala Bhittewad
Erode,Erode,ZONE,Ponnivadi
Erode,Erode,ZONE,Alingiam
Nellore,Nellore,ZONE,Balayapalli
Amritsar,Amritsar,ZONE,Sant Avenue
Kanpur,Kidwai Nagar,ZONE,Hal Colony
Kanpur,Kakadeo,ZONE,Indira Nagar
Kanpur,Kidwai Nagar,ZONE,Khapra Mohal
Aurangabad,Aurangabad,ZONE,Sultanpur
Chittoor,Chittoor,ZONE,Medikurthi
Aurangabad (BH),Aurangabad (BH),ZONE,Chainpur
Allahabad,Allahabad,ZONE,Belhat
Chittoor,Chittoor,ZONE,Govardhanagiri
Guntur,Guntur,ZONE,Kothapalli-narikellapalli
Chennai,Chennai North,ZONE,Perambur
Coimbatore,Singanallur,ZONE,Singanallur
Erode,Erode,ZONE,Velankattuvalasu
Hyderabad,Dilsukh nagar,ZONE,Kothapet
Delhi,Preet vihar,ZONE,Surya Niketan
Kolkata,Jadavpur,ZONE,Jadavpur
Taguig,Taguig Region,ZONE,Pasig City
Mysore,Mysore,ZONE,Hitnehebbagilu
Kannur,Kannur,ZONE,Peringathur
Kottayam,Kottayam,ZONE,Changanacherry College
Thrissur,Thrissur,ZONE,Chiranellur
Kottayam,Kottayam,ZONE,Kunnam
Kottayam,Kottayam,ZONE,Mechal
Thiruvananthapuram,Thiruvananthapuram,ZONE,Kottackal
Indore,Sapna Sangeeta,ZONE,Mhow Railway Stattion
Nellore,Nellore,ZONE,Daggavolu
Nagpur,Dhantoli,ZONE,Dhantoli
Warangal,Warangal,ZONE,Malakpalli
Warangal,Warangal,ZONE,Machapur
Puducherry,Puducherry,ZONE,Manapeth
Warangal,Warangal,ZONE,Sreepathipalli
Warangal,Warangal,ZONE,Varikol
Warangal,Warangal,ZONE,Narayanpur
Delhi,Nehru place,ZONE,Alaknanda
Thiruvananthapuram,Thiruvananthapuram,ZONE,Venkode
Thrissur,Thrissur,ZONE,Blangad
Tiruchirappalli,Tiruchirappalli,ZONE,Kamarajapuram
Bangalore,JP Nagar,ZONE,JP Nagar
Puducherry,Puducherry,ZONE,Mandagapet
Tirunelveli,Tirunelveli,ZONE,Kadabokathi
Chittoor,Chittoor,ZONE,Sorakayalapeta
Allahabad,Allahabad,ZONE,University
Lucknow,Ashiyana,ZONE,Arjunganj
Guntur,Guntur,ZONE,Vykuntapuram
Amritsar,Amritsar,ZONE,Abdal
Amritsar,Amritsar,ZONE,Barwala
Chittoor,Chittoor,ZONE,Mittapalle
Nellore,Nellore,ZONE,Thotapalliguduru
Tiruchirappalli,Tiruchirappalli,ZONE,Vadugarpet
Aurangabad,Aurangabad,ZONE,Bhaggaon
Nellore,Nellore,ZONE,Hasanapuram
Tiruchirappalli,Tiruchirappalli,ZONE,Suriyur
Allahabad,Allahabad,ZONE,Chandopara
Kozhikode,Kozhikode,ZONE,Urallur
Thrissur,Thrissur,ZONE,Vadakkekad
Thrissur,Thrissur,ZONE,Pattikkad TC
Salem,Salem,ZONE,Sandaipettai
East Khasi Hills,Shillong-East Khasi Hills,ZONE,Syntein
East Khasi Hills,Shillong-East Khasi Hills,ZONE,Pynursla
Agra,Delhi Gate,ZONE,R.B.S.College
Nellore,Nellore,ZONE,Navur
Thane,Thane Central,ZONE,Thane R.S.
Visakhapatnam,MVP,ZONE,Visalakshinagar
Aurangabad (BH),Aurangabad (BH),ZONE,Chandragarh
Chittoor,Chittoor,ZONE,Chittoor Bazar
Amritsar,Amritsar,ZONE,Manawala Khurd
Guwahati,Guwahati,ZONE,Panikhaiti
Amritsar,Amritsar,ZONE,Vanike
Amritsar,Amritsar,ZONE,Bhlaipur Purban
Delhi,Karol bagh,ZONE,Sat Nagar
Ranchi,Ranchi,ZONE,Burju
Thiruvananthapuram,Thiruvananthapuram,ZONE,Prasanth Nagar
Aurangabad,Aurangabad,ZONE,Jalgaon
Aurangabad,Aurangabad,ZONE,Pimpalgaon Diwashi
Aurangabad,Aurangabad,ZONE,Devlana
Nellore,Nellore,ZONE,Kanupuru
Aurangabad,Aurangabad,ZONE,Yesgaon
Allahabad,Allahabad,ZONE,Fatehpur Ghat
Kanpur,Kidwai Nagar,ZONE,Harjinder Nagar
Kolkata,Tollygunge,ZONE,Paschim Barisha
North 24 Parganas,North 24 Parganas,ZONE,Kharihatabad
Amritsar,Amritsar,ZONE,Madhu Chhanga
Las Pinas,Las Pinas Region,ZONE,Bayanan
Mumbai,Dahisar,ZONE,Dahisar West
Delhi,Janakpuri,ZONE,Mohan Garden
Panchkula,Panchkula,ZONE,G.K. Panchkula
Meerut,Sadar Bazaar,ZONE,Sardhana Road
Guntur,Guntur,ZONE,Pattabhipuram
Guntur,Guntur,ZONE,Madugula
Jaipur,Raja Park,ZONE,Janta Colony
Guntur,Guntur,ZONE,Bhimavaram
Karur,Karur,ZONE,Gudalur
Karur,Karur,ZONE,Nedungur
Madurai,Madurai,ZONE,Navinipatti
Noida,Sector 50,ZONE,Sector 75
Panchkula,Panchkula,ZONE,Sector- 3
Ernakulam,Kakkanad,ZONE,Aluva-asokapuram
Quezon City,Quezon Region,ZONE,Valencia
Mumbai,Goregaon,ZONE,SV Road
Thiruvananthapuram,Thiruvananthapuram,ZONE,Industrial Estate
Thrissur,Thrissur,ZONE,Ayyanthole
Tiruchirappalli,Tiruchirappalli,ZONE,Srirangam
Tirunelveli,Tirunelveli,ZONE,Naduchalaiputhur
Chittoor,Chittoor,ZONE,Kanchanapalle
Aurangabad (BH),Aurangabad (BH),ZONE,Akhoini Regania
Thiruvananthapuram,Thiruvananthapuram,ZONE,Poikamukku
Thrissur,Thrissur,ZONE,Kottapadi
Nellore,Nellore,ZONE,Muthukur
Thrissur,Thrissur,ZONE,Manalur
Tiruchirappalli,Tiruchirappalli,ZONE,Kidaram
Chittoor,Chittoor,ZONE,Kathirapalle
Amritsar,Amritsar,ZONE,Jandiala Cb
Amritsar,Amritsar,ZONE,Khalsa College
Amritsar,Amritsar,ZONE,Khabe Rajputana
Hooghly,Hooghly,ZONE,Boinchigram
Jaipur,Malviya Nagar,ZONE,Sanwali
Guntur,Guntur,ZONE,Varagani
Indore,Vijaynagar,ZONE,Dewas Naka
Mohali,Mohali,ZONE,Sector- 76
Guntur,Guntur,ZONE,Koyavaripalem
Faridabad,Faridabad,ZONE,Factory Area
Meerut,Shastri Nagar,ZONE,Mangal Pandey Nagar
Salem,Salem,ZONE,Adaiyur
North 24 Parganas,North 24 Parganas,ZONE,Baikara
Quezon City,Quezon Region,ZONE,Mariana
Mangalore,Mangalore,ZONE,Sibrikere
São Paulo,Mooca,ZONE,Vila Regente Feijó
Bangalore,Banaswadi,ZONE,Horamavu
Allahabad,Allahabad,ZONE,Siswan
Chittoor,Chittoor,ZONE,Vathalur
Guntur,Guntur,ZONE,Iteru
Amritsar,Amritsar,ZONE,Dujoowal
Ranchi,Ranchi,ZONE,Kuli
Delhi,Preet vihar,ZONE,Ashoka Niketan
North Goa,North Goa,ZONE,Moira
North Goa,North Goa,ZONE,Parra
Lucknow,Gomtinagar,ZONE,Rajni Khand
North 24 Parganas,North 24 Parganas,ZONE,Rajballavpur
North 24 Parganas,North 24 Parganas,ZONE,Sindrani
Hooghly,Hooghly,ZONE,Keshabchak
Amritsar,Amritsar,ZONE,Naushhra Dhalla
Ranchi,Ranchi,ZONE,Nehalu
Mangalore,Mangalore,ZONE,Boloor
Mangalore,Mangalore,ZONE,Elinje
Erode,Erode,ZONE,Vettayankinar
Madurai,Madurai,ZONE,Vilakkuthoon
Madurai,Madurai,ZONE,Melakkal
Jakarta,Kramat Jati/Pasar Rebo,ZONE,Pondok Ranggon
Tangerang,Tangerang,ZONE,Pagedangan
North 24 Parganas,North 24 Parganas,ZONE,Ghoshpur
San Juan,San Juan Region,ZONE,Baritan
San Juan,San Juan Region,ZONE,Ibaba
North 24 Parganas,North 24 Parganas,ZONE,Titagarh
Ernakulam,Kakkanad,ZONE,Kalamassery
Kannur,Kannur,ZONE,Padiotchal
Erode,Erode,ZONE,Sanarpalayam
Madurai,Madurai,ZONE,Meikilarpatti
Salem,Salem,ZONE,Mattukaranur
Tangerang,Tangerang,ZONE,Bugel
Kolkata,Central,ZONE,Beadon Street
North 24 Parganas,North 24 Parganas,ZONE,Bhagyamantapur
Puducherry,Puducherry,ZONE,Krishna Nagar
Bangalore,Yeshwantpur,ZONE,New BEL Road
Bangalore,HSR Layout,ZONE,Agara
Bangalore,Vijayanagar,ZONE,Mallathahalli
Allahabad,Allahabad,ZONE,Bisauna
Kozhikode,Kozhikode,ZONE,Govinda Puram
Kozhikode,Kozhikode,ZONE,Nitumannur
Kozhikode,Kozhikode,ZONE,Vannathichira
Thiruvananthapuram,Thiruvananthapuram,ZONE,Poonthura
Nellore,Nellore,ZONE,Jangamreddypalli
Aurangabad,Aurangabad,ZONE,Lamangaon
Bangalore,shivajinagar + MG Road,ZONE,Millers Road
Chittoor,Chittoor,ZONE,Kalakada
Allahabad,Allahabad,ZONE,Bhaiyan
Chittoor,Chittoor,ZONE,Palamgadda
Guntur,Guntur,ZONE,Marripudi
Amritsar,Amritsar,ZONE,Mudhal
Erode,Erode,ZONE,Vadakuthaiyurpalayam
Erode,Erode,ZONE,Vellalapalayam
Erode,Erode,ZONE,Kuttapalayam
Kolkata,Bhowanipore,ZONE,Elgin
Panchkula,Panchkula,ZONE,Sector-16
Taguig,Taguig Region,ZONE,Marikina City
Ludhiana,Ludhiana Zone 1,ZONE,Udham Singh nagar
Gurgaon,Manesar,ZONE,Gurgaon Sector 100
Bangalore,BTM Layout,ZONE,DUO Layout
Agra,Kamla Nagar,ZONE,Balkeshwar Colony
Hyderabad,Afzal gunj,ZONE,Shamshabad
Chittoor,Chittoor,ZONE,Matavalam
Hooghly,Hooghly,ZONE,Moloypur
Guntur,Guntur,ZONE,Vaddevaripalem
Nellore,Nellore,ZONE,Dugarajapatnam
Hooghly,Hooghly,ZONE,Chikranda
North 24 Parganas,North 24 Parganas,ZONE,Naihati
Quezon City,Quezon Region,ZONE,San Roque
Faridabad,Faridabad,ZONE,Gopi Colony
Erode,Erode,ZONE,Thattampalayam
Salem,Salem,ZONE,Deviyakurichi
Jakarta,Kelapa Gading,ZONE,Lagoa
Singapore,Geylang,ZONE,Old Airport
Delhi,Preet vihar,ZONE,Jagriti Enclave
Faridabad,Faridabad,ZONE,Inder Colony
Surat,Adajan,ZONE,Palanpur Nd
Ludhiana,Ludhiana Zone 3,ZONE,Guru Amar das colony
Bangalore,Majestic,ZONE,Richmond Road
Mangalore,Mangalore,ZONE,Punaroor
Jaipur,Vidhyadhar Nagar,ZONE,Kishanpole Bazar
Erode,Erode,ZONE,Komarayanur
Nellore,Nellore,ZONE,Isaka Damerla
Madurai,Madurai,ZONE,Kottampatti
Hooghly,Hooghly,ZONE,Melki
Hooghly,Hooghly,ZONE,Bahirserampore
Mumbai,Tardeo,ZONE,Mahalaxmi
Chennai,Chennai West,ZONE,Ambattur Industrial Estate
Chennai,Chennai West,ZONE,Nolambur
Amritsar,Amritsar,ZONE,Chawinda Devi
Erode,Erode,ZONE,Nambiyur
Erode,Erode,ZONE,Perundurai West
Guntur,Guntur,ZONE,Lankalakurapadu
Guntur,Guntur,ZONE,Penumaka
Faridabad,Faridabad,ZONE,Amroli
Mysore,Mysore,ZONE,Mundur
Jakarta,Cempaka Putih/Kemayoran/Menteng/Tanah abang,ZONE,Cempaka Putih Timur
North 24 Parganas,North 24 Parganas,ZONE,Gaipur
Gurgaon,Badsharpur,ZONE,Gurgaon Sector 61
South Goa,South Goa,ZONE,Amona
Tiruchirappalli,Tiruchirappalli,ZONE,Edangimangalam
Aurangabad,Aurangabad,ZONE,Talwada
Warangal,Warangal,ZONE,Mallur
Hooghly,Hooghly,ZONE,Purba Satgachia
Nellore,Nellore,ZONE,Mondidinnepalem
Quezon City,Quezon Region,ZONE,Project 6
Tirunelveli,Tirunelveli,ZONE,Vannikonendal
Allahabad,Allahabad,ZONE,Dohatha
Chittoor,Chittoor,ZONE,Postal Colony
Meerut,Sadar Bazaar,ZONE,Sarrafa Bazar
Chennai,Chennai South Central,ZONE,Jafferkhanpet
Erode,Erode,ZONE,Mevani
Erode,Erode,ZONE,Pandiampalayam
North 24 Parganas,North 24 Parganas,ZONE,Kankpul
North 24 Parganas,North 24 Parganas,ZONE,Krishnachandapur
Cavite,Cavite,ZONE,Tagaytay
Gurgaon,CivilLines,ZONE,Gurgaon Sector 39
Jakarta,Kebayoran/Bintaro,ZONE,Kebayoran Baru
Faridabad,Faridabad,ZONE,New Township Palwal
Ahmedabad,Paldi,ZONE,Usman Pura
Cavite,Cavite,ZONE,Noveleta
Panchkula,Panchkula,ZONE,Sector- 29
Ranchi,Ranchi,ZONE,"Registrar General, Jharkhand Hight Court"
Karur,Karur,ZONE,Thanthonimalai
Karur,Karur,ZONE,Karuveppanaikenpettai
Nellore,Nellore,ZONE,P.R.Palem
Jakarta,Kebayoran/Bintaro,ZONE,Selong
Guntur,Guntur,ZONE,Lingapuram
Madurai,Madurai,ZONE,Usilampatti
Ernakulam,Tripunithura,ZONE,Irimbanam
North 24 Parganas,North 24 Parganas,ZONE,Boyra
North 24 Parganas,North 24 Parganas,ZONE,Choto Sehara
North 24 Parganas,North 24 Parganas,ZONE,Mahishbathan
North 24 Parganas,North 24 Parganas,ZONE,Rowtara
Gurgaon,Manesar,ZONE,Gurgaon Sector 106
Kannur,Kannur,ZONE,Naduvanad
Kannur,Kannur,ZONE,Irukkur
Kottayam,Kottayam,ZONE,Ponthenpuzha
Kottayam,Kottayam,ZONE,Vayala
Salem,Salem,ZONE,Thekkampattu
South Tangerang,South Tangerang,ZONE,Pakulonan
San Juan,San Juan Region,ZONE,Maysilo
Delhi,Dwarka,ZONE,Dwarka Sector 11
Aurangabad,Aurangabad,ZONE,Amba
Tiruchirappalli,Tiruchirappalli,ZONE,Mahadevi
Chittoor,Chittoor,ZONE,R.K.V.Bahadurpet
Chittoor,Chittoor,ZONE,Arikela
Mumbai,Andheri east,ZONE,Chakala
Delhi,Chanakyapuri,ZONE,RK Puram
Delhi,Civil lines,ZONE,Sadar Bazar
Chennai,Chennai South East 1,ZONE,Kelambakkam
Salem,Salem,ZONE,Chokkanathapuram
Tangerang,Tangerang,ZONE,Sindang Panon
Mumbai,Dahisar,ZONE,Dahisar
Mangalore,Mangalore,ZONE,Farangipet
Surat,Athawa,ZONE,Govt. Medical College
Vadodara,Vasna Road,ZONE,Latipura
Singapore,City,ZONE,Promenade
Ernakulam,Kakkanad,ZONE,Nedungapra
Kannur,Kannur,ZONE,Perumpunna
Karur,Karur,ZONE,Zamin Athur
Nellore,Nellore,ZONE,Velikallu
Nellore,Nellore,ZONE,Venkatesupalem
Kottayam,Kottayam,ZONE,Kumarakom South
Ranchi,Ranchi,ZONE,Kaimbo
Lucknow,Aliganj,ZONE,Sanjay Gandhi Puram
Kozhikode,Kozhikode,ZONE,Madappalli College
Tiruchirappalli,Tiruchirappalli,ZONE,Tirunellipatti
Bilaspur,Bilaspur,ZONE,Garwat
Chittoor,Chittoor,ZONE,Kannikapuram
Guntur,Guntur,ZONE,Chityala
Amritsar,Amritsar,ZONE,Bagga
Amritsar,Amritsar,ZONE,Katra Sher Singh
North Goa,North Goa,ZONE,Tamboxem
Hooghly,Hooghly,ZONE,Nasibpur
Hooghly,Hooghly,ZONE,Kananadi
Salem,Salem,ZONE,A.Komarapalayam
Tangerang,Tangerang,ZONE,Lembang Sari
Kolkata,Park street,ZONE,Elliot Road
Kolkata,Jadavpur,ZONE,Jodhpur Park
Pune,Hadapsar,ZONE,Manjri
Vadodara,Waghodia Road,ZONE,Eme
Mysore,Mysore,ZONE,Suttur
Kottayam,Kottayam,ZONE,Chingavanam
Thiruvananthapuram,Thiruvananthapuram,ZONE,Kanjiramkulam
Thrissur,Thrissur,ZONE,Thazhekkad
Warangal,Warangal,ZONE,Gundamrajpalli
Lucknow,Ashiyana,ZONE,Anandnagar
Chittoor,Chittoor,ZONE,Sanganapalle
Amritsar,Amritsar,ZONE,Kang
Amritsar,Amritsar,ZONE,Bhorchi Rajputana
Guntur,Guntur,ZONE,Gannavaram
Amritsar,Amritsar,ZONE,Babowal
Hooghly,Hooghly,ZONE,Bansberia Bazar
Nellore,Nellore,ZONE,Chittedu
Jakarta,Mangga Besar/Mangga Dua,ZONE,Gunung Sahari Utara
Hooghly,Hooghly,ZONE,Janai
Ahmedabad,Maninagar,ZONE,Narol
Kannur,Kannur,ZONE,Vilayancode
Kannur,Kannur,ZONE,Kanhileri
Kannur,Kannur,ZONE,Mudiyanga
Thrissur,Thrissur,ZONE,Madakkathara
Thrissur,Thrissur,ZONE,Alur
Dantewada,Dantewada,ZONE,Injeram
Chittoor,Chittoor,ZONE,S.V.Medical College
Aurangabad (BH),Aurangabad (BH),ZONE,Rajpur
Madurai,Madurai,ZONE,Tallakulam Housing Board Colon
Madurai,Madurai,ZONE,Tirunagar
Nashik,Panchavati,ZONE,Hanuman Nagar
Manila,Manila Region,ZONE,Pandacan
Guntur,Guntur,ZONE,Ambapuram
Guntur,Guntur,ZONE,Vallabharaopalem
Makati,Makati Region,ZONE,Comembo
Nellore,Nellore,ZONE,Karikadu
Madurai,Madurai,ZONE,Pulipatti
Madurai,Madurai,ZONE,Sekkipatti
Tangerang,Tangerang,ZONE,Cibugel
Nashik,Mumbai Naka,ZONE,Shanti Nagar
North 24 Parganas,North 24 Parganas,ZONE,Dakshin Bagundi
Quezon City,Quezon Region,ZONE,Pinagkaisahan
Quezon City,Quezon Region,ZONE,Vasra
Mohali,Mohali,ZONE,Sector- 53
Singapore,City,ZONE,Anson
São Paulo,Bela Vista,ZONE,Vila Buarque
Faridabad,Faridabad,ZONE,N.T.P.C. Sector-10
Ranchi,Ranchi,ZONE,Burmu
Ernakulam,Kakkanad,ZONE,Malayattoor
Kottayam,Kottayam,ZONE,Parathanam
Kottayam,Kottayam,ZONE,Poovatholi
Lucknow,Hazratganj,ZONE,Dubagga
Kottayam,Kottayam,ZONE,Kadaplamattom
Kottayam,Kottayam,ZONE,Kaipally
Tiruchirappalli,Tiruchirappalli,ZONE,K.Periyapatti
Warangal,Warangal,ZONE,Togarrai
Tirunelveli,Tirunelveli,ZONE,Mukkudal Vadakku
Tirunelveli,Tirunelveli,ZONE,Thirumalapuram
Tirunelveli,Tirunelveli,ZONE,Melakadayanallur
Chittoor,Chittoor,ZONE,Gorantlapalle
Thrissur,Thrissur,ZONE,Porkulam
Aurangabad,Aurangabad,ZONE,Hasta
Warangal,Warangal,ZONE,Bussapur
Allahabad,Allahabad,ZONE,Pure Kanta
Bilaspur,Bilaspur,ZONE,Birkona
Guntur,Guntur,ZONE,Itikampadu
Lucknow,Ashiyana,ZONE,Kharika
Quezon City,Quezon Region,ZONE,San Isidro Galas
Hooghly,Hooghly,ZONE,Mandaran
Mysore,Mysore,ZONE,Thandavapura
Kannur,Kannur,ZONE,Panoor
Kozhikode,Kozhikode,ZONE,Olavanna
Kozhikode,Kozhikode,ZONE,Sreerama Krishna Mission
Kozhikode,Kozhikode,ZONE,West Hill Chungam
Thiruvananthapuram,Thiruvananthapuram,ZONE,Nemom
Nellore,Nellore,ZONE,Upplapadu
Nellore,Nellore,ZONE,Devaravemuru
Nagpur,Dhantoli,ZONE,Sitabuldi
Warangal,Warangal,ZONE,Eturunagaram
Warangal,Warangal,ZONE,Shahpalli
Tirunelveli,Tirunelveli,ZONE,Agasthiarpatti
Warangal,Warangal,ZONE,Mallikudurla
Chittoor,Chittoor,ZONE,Chintamakulapalle
Lucknow,Hazratganj,ZONE,Birhana
Chittoor,Chittoor,ZONE,Sogadaballa
Thrissur,Thrissur,ZONE,Urakam
Thrissur,Thrissur,ZONE,Veluthur
Visakhapatnam,Gajuwaka,ZONE,Munagapaka
Visakhapatnam,Gajuwaka,ZONE,Juttada
Tirunelveli,Tirunelveli,ZONE,Koottapanai
Warangal,Warangal,ZONE,Thammadapalli
Bilaspur,Bilaspur,ZONE,Dongariya
Chittoor,Chittoor,ZONE,Thotakanuma
Guntur,Guntur,ZONE,Krosuru
Salem,Salem,ZONE,Sengadu
Aurangabad,Aurangabad,ZONE,Rotegaon R.S.
Tiruchirappalli,Tiruchirappalli,ZONE,Senthannirpuram
Tiruchirappalli,Tiruchirappalli,ZONE,K.Palayam
Bhubaneswar,Bhubaneswar,ZONE,Bhoinagar
Bhubaneswar,Bhubaneswar,ZONE,Bhubaneswar Secretariate
Thiruvananthapuram,Thiruvananthapuram,ZONE,Andoorkonam
Bangalore,Vijayanagar,ZONE,Vijayanagar
Warangal,Warangal,ZONE,Yellanda
Kozhikode,Kozhikode,ZONE,Konott
Allahabad,Allahabad,ZONE,Bamhrauli Uparhar
Allahabad,Allahabad,ZONE,Meja Road
Guwahati,Guwahati,ZONE,Amsinggaon E
Nellore,Nellore,ZONE,Psr Nagar
Nellore,Nellore,ZONE,Ramalingapuram
Nellore,Nellore,ZONE,Akkagaripeta
Aurangabad,Aurangabad,ZONE,Lakhani
Patna,Rajendra Nagar,ZONE,J.C.Road
Chittoor,Chittoor,ZONE,Gajulapellur
Chittoor,Chittoor,ZONE,Akkarampalli
Chittoor,Chittoor,ZONE,Terani
Aurangabad (BH),Aurangabad (BH),ZONE,R Pithanua
Warangal,Warangal,ZONE,Kadaverugu
Bhubaneswar,Bhubaneswar,ZONE,Bankual
Kanpur,Chunniganj,ZONE,Cambridge Road
North Goa,North Goa,ZONE,C.C.Altinho
Erode,Erode,ZONE,Peramium
Tirunelveli,Tirunelveli,ZONE,Pandapuli
Jaipur,Vaishali Nagar,ZONE,Khatipura Road
Kannur,Kannur,ZONE,Mowancheri
Kottayam,Kottayam,ZONE,Vechoor
Thiruvananthapuram,Thiruvananthapuram,ZONE,Palkulangara
Thiruvananthapuram,Thiruvananthapuram,ZONE,Venganur
Thrissur,Thrissur,ZONE,Cherpu
Nellore,Nellore,ZONE,Vempadu
Tiruchirappalli,Tiruchirappalli,ZONE,M.Pudupatti
Pune,Karve nagar,ZONE,Vadgaon Budruk
Chittoor,Chittoor,ZONE,T.Salimamidi
Aurangabad (BH),Aurangabad (BH),ZONE,Tengra
Lucknow,Aliganj,ZONE,Jamkhanwa
Delhi,Rohini,ZONE,Rohini Sector 22
Kakinada,Kakinada,ZONE,Church Square
Guntur,Guntur,ZONE,Ponnur Bazar
Nellore,Nellore,ZONE,Penuballi
Nellore,Nellore,ZONE,Garimenapenta
Nellore,Nellore,ZONE,Dasaripalli
Panchkula,Panchkula,ZONE,Banaundi
São Paulo,Vila Mariana,ZONE,Ipiranga
Mohali,Mohali,ZONE,Phase 4
Ranchi,Ranchi,ZONE,Bariatu
Kottayam,Kottayam,ZONE,Prpose
Lucknow,Gomtinagar,ZONE,Vineet Khand
Hooghly,Hooghly,ZONE,Baradigrui
North 24 Parganas,North 24 Parganas,ZONE,Nityanandakati
North 24 Parganas,North 24 Parganas,ZONE,Bhangar
Kolkata,Gariahat,ZONE,"Gol Park, South Kolkata"
Gurgaon,Manesar,ZONE,Gurgaon Sector 95
Thiruvananthapuram,Thiruvananthapuram,ZONE,Kaithamukku
Thrissur,Thrissur,ZONE,Kanattukara
Aurangabad,Aurangabad,ZONE,Chapaner
Nellore,Nellore,ZONE,Thummagunta
Warangal,Warangal,ZONE,Karlapalli
Chittoor,Chittoor,ZONE,Palem
Chittoor,Chittoor,ZONE,Uttarabrahmanapalle
Thiruvananthapuram,Thiruvananthapuram,ZONE,Kavalayur
Aurangabad,Aurangabad,ZONE,Wanegaon
Amritsar,Amritsar,ZONE,Mehlanwala
Amritsar,Amritsar,ZONE,Jallupura Khera
Hooghly,Hooghly,ZONE,Harishnagar
Vadodara,Raopura,ZONE,Raopura
Jaipur,Vidhyadhar Nagar,ZONE,Purani Basti
Singapore,Tampines,ZONE,Loyang
São Paulo,Mooca,ZONE,Belenzinho
Salem,Salem,ZONE,Veerappampalayam
Hooghly,Hooghly,ZONE,Chanditala
Singapore,Tampines,ZONE,Bedok
Faridabad,Faridabad,ZONE,Machhgar
São Paulo,Vila Mariana,ZONE,Mirandópolis
Ernakulam,Kakkanad,ZONE,S.Aduvassery
Ernakulam,Kakkanad,ZONE,Vempilly
Chittoor,Chittoor,ZONE,Kaamireddivaripalle
Aurangabad (BH),Aurangabad (BH),ZONE,Sunbarasa
Aurangabad (BH),Aurangabad (BH),ZONE,Budhoul
Guntur,Guntur,ZONE,Papayapalem
Amritsar,Amritsar,ZONE,Guru Bazar
North Goa,North Goa,ZONE,Calangute
Kannur,Kannur,ZONE,Thayyil
Delhi,Shahdara,ZONE,Yamuna Vihar
Ernakulam,Tripunithura,ZONE,Kanayannoor
Karur,Karur,ZONE,Nerur
Karur,Karur,ZONE,Kallai
Lucknow,Hazratganj,ZONE,Madehgunj
Chennai,Chennai South West 2,ZONE,Sembakkam
Hyderabad,Afzal gunj,ZONE,Sultan Bazar
Ahmedabad,Satellite,ZONE,Juhapura
Ahmedabad,Maninagar,ZONE,Raikhad
Hooghly,Hooghly,ZONE,Kashipur
Mumbai,Andheri west,ZONE,DN Nagar
Cavite,Cavite,ZONE,Bacoor
Puducherry,Puducherry,ZONE,Nallavadu
Salem,Salem,ZONE,Bairoji Agraharam
Hooghly,Hooghly,ZONE,Chinsurah Bazar
Quezon City,Quezon Region,ZONE,UP Diliman
Surat,Katragam,ZONE,A. K. Road
Surat,Katragam,ZONE,Katargam
Ernakulam,Tripunithura,ZONE,Ambalamedu
Bhubaneswar,Bhubaneswar,ZONE,Rasulgarh
Ernakulam,Tripunithura,ZONE,Maradu
Ernakulam,Panampilly Nagar,ZONE,Pachalam
Ernakulam,Panampilly Nagar,ZONE,Thevara
Kannur,Kannur,ZONE,Morazha
Kottayam,Kottayam,ZONE,Madukka
Guntur,Guntur,ZONE,Kancherlapalem
Karur,Karur,ZONE,Nanniyur
Nellore,Nellore,ZONE,Uppalapadu
Nellore,Nellore,ZONE,Brahmanakraka Agraharam
Madurai,Madurai,ZONE,Madipanur
Warangal,Warangal,ZONE,Vallampatla
Tirunelveli,Tirunelveli,ZONE,Kalikumarapuram
Bangalore,Yelahanka,ZONE,Yelahanka
Bangalore,Banashankari + RR Nagar,ZONE,Hosakerehalli
Tirunelveli,Tirunelveli,ZONE,Rajakrishnapuram
Patna,Raja Bazar,ZONE,Khagaul
Thrissur,Thrissur,ZONE,Konnakuzhy
Kottayam,Kottayam,ZONE,Puthuvely
Kozhikode,Kozhikode,ZONE,Cheliya
Tiruchirappalli,Tiruchirappalli,ZONE,Appanallur
Tiruchirappalli,Tiruchirappalli,ZONE,Kamalapuram
North Goa,North Goa,ZONE,Varconda
Hooghly,Hooghly,ZONE,Paltagarh
Erode,Erode,ZONE,Dasavanaickenpatti
Madurai,Madurai,ZONE,Sendamangalam
Jakarta,Kramat Jati/Pasar Rebo,ZONE,Batu Ampar
Mumbai,Kurla,ZONE,Chunabhatti
Delhi,Shastri nagar,ZONE,Tri Nagar
Singapore,Little India,ZONE,Whampoa
Amritsar,Amritsar,ZONE,Nandpur
Jaipur,Vidhyadhar Nagar,ZONE,Dehar Ka Balaji
Jaipur,Durgapura,ZONE,Durgapura
Jaipur,C Scheme,ZONE,M.I.Road
Nashik,Panchavati,ZONE,loksahakar nagar
Nashik,Nashik Road,ZONE,Rajwada Nagar
Nashik,Mumbai Naka,ZONE,State Bank Colony
Quezon City,Quezon Region,ZONE,Capri
Chennai,Chennai South 2,ZONE,Mahalingapuram
Chennai,Chennai South West 2,ZONE,Chitlapakkam
Singapore,Little India,ZONE,Bendemeer
Salem,Salem,ZONE,Mohan Nagar
North 24 Parganas,North 24 Parganas,ZONE,Ichapur Nawabganj
Surat,Athawa,ZONE,Khatodara
Mangalore,Mangalore,ZONE,Kadandale
Karur,Karur,ZONE,Gandhigramam
Madurai,Madurai,ZONE,Nattarmangalam
Madurai,Madurai,ZONE,Palaiyur
Lucknow,Aliganj,ZONE,Aliganj sector B
Tangerang,Tangerang,ZONE,Cipondoh Makmur
Nashik,Mumbai Naka,ZONE,Uttam Nagar
North 24 Parganas,North 24 Parganas,ZONE,Adampur
North 24 Parganas,North 24 Parganas,ZONE,Bechra Mohanpur
Quezon City,Quezon Region,ZONE,Dioquino Zobel
Mumbai,Malad,ZONE,Marve
Chennai,Chennai South 2,ZONE,Nelson Manickam Road
Guntur,Guntur,ZONE,Annavarapulanka
Delhi,Vasant kunj,ZONE,Munirka
Amritsar,Amritsar,ZONE,Bhathal Bhai
Amritsar,Amritsar,ZONE,Bhatte Bhaini
South Goa,South Goa,ZONE,Orlim
Nagpur,Wardhaman Nagar,ZONE,Wardhaman Nagar
São Paulo,Cidade Sao Mateus,ZONE,Sapopemba
Ranchi,Ranchi,ZONE,Hinoo
Guntur,Guntur,ZONE,Hassannayunipalem
Salem,Salem,ZONE,Muthunaickenpatti
Hooghly,Hooghly,ZONE,Rishra
Kannur,Kannur,ZONE,Pathampara
Patna,Raja Bazar,ZONE,Sanda
Dantewada,Dantewada,ZONE,Metapal
Meerut,Saket Ganganagar,ZONE,Assa
Chittoor,Chittoor,ZONE,Mangapuram
Erode,Erode,ZONE,Kolinjivadi
Dantewada,Dantewada,ZONE,Rokel
Dantewada,Dantewada,ZONE,Sirsitti
Hooghly,Hooghly,ZONE,Dwarhatta
Chennai,Chennai South 1,ZONE,Valasaravakkam
Vadodara,Waghodia Road,ZONE,Sokhda
Greater Noida,Greater Noida,ZONE,Ansal Golf Link
Singapore,Tampines,ZONE,Changi
Bangalore,Hebbal + HBR layout,ZONE,Hennur
Mangalore,Mangalore,ZONE,Ashoknagar
Mangalore,Mangalore,ZONE,Kenchanakere
Ernakulam,Kakkanad,ZONE,Manikinar
Ernakulam,Kakkanad,ZONE,Mazhuvannoor
Kannur,Kannur,ZONE,Elangot
Kannur,Kannur,ZONE,Kadavathur
Kannur,Kannur,ZONE,Kara- Peravoor
Ranchi,Ranchi,ZONE,Katulahna
Karur,Karur,ZONE,Thalapatti
Karur,Karur,ZONE,Chinnampatti
Madurai,Madurai,ZONE,Kadaneri
Madurai,Madurai,ZONE,Solaipatti
South Goa,South Goa,ZONE,Cotigaon
Faridabad,Faridabad,ZONE,Sector 30
North 24 Parganas,North 24 Parganas,ZONE,Sanrapul
Chennai,Chennai North,ZONE,Pulianthope
Chennai,Chennai South East 2,ZONE,Radhakrishnan Salai
Mysore,Mysore,ZONE,Beeravalu
Nellore,Nellore,ZONE,Vepanapi
Kottayam,Kottayam,ZONE,Edakkunnam
Kottayam,Kottayam,ZONE,Ambika Market
Kozhikode,Kozhikode,ZONE,Nadapuram
Thiruvananthapuram,Thiruvananthapuram,ZONE,Cheruvikkal
Madurai,Madurai,ZONE,Kusavangundu
South Tangerang,South Tangerang,ZONE,Pondok Jagung Timur
Faridabad,Faridabad,ZONE,Grain Market Palwal
San Juan,San Juan Region,ZONE,Santolan
Aurangabad,Aurangabad,ZONE,Ranjagaon Pol
Nellore,Nellore,ZONE,Nandigunta
Tiruchirappalli,Tiruchirappalli,ZONE,Seventhipatti
Tiruchirappalli,Tiruchirappalli,ZONE,Chinnapallipalayam
Tirunelveli,Tirunelveli,ZONE,Servaikaranpatti
Tirunelveli,Tirunelveli,ZONE,Keelakaruvelankulam
Tirunelveli,Tirunelveli,ZONE,Melamarudappapuram
Kannur,Kannur,ZONE,Kezhallur
Chittoor,Chittoor,ZONE,Kattakindavenkatapuram
Guntur,Guntur,ZONE,Gundavaram
Guntur,Guntur,ZONE,Nandirajuthota
North Goa,North Goa,ZONE,Ponda
Madurai,Madurai,ZONE,Madurai Bibikulam
Ernakulam,Tripunithura,ZONE,Karimpana
Tangerang,Tangerang,ZONE,Kayu Bongkok
São Paulo,Lapa,ZONE,Freguesia do Ó
San Juan,San Juan Region,ZONE,Barangka Ilaya
Pune,Pimpri chinchwad,ZONE,Hinjewadi
Hooghly,Hooghly,ZONE,Damodarpur
Mysore,Mysore,ZONE,Mallupura
Ernakulam,Kakkanad,ZONE,Perumbavoor South
Ernakulam,Tripunithura,ZONE,Mamalassery
Kannur,Kannur,ZONE,Perinkeri
North 24 Parganas,North 24 Parganas,ZONE,Nabapally
North 24 Parganas,North 24 Parganas,ZONE,Jugberia
Gurgaon,Manesar,ZONE,Gurgaon Sector 90
Faridabad,Faridabad,ZONE,Bahin
São Paulo,Mooca,ZONE,Parque da Mooca
Nellore,Nellore,ZONE,Padamatipalem
Mysore,Mysore,ZONE,Kupya
Mysore,Mysore,ZONE,Marchahalli
Lucknow,Gomtinagar,ZONE,Vaibhav Khand
Kannur,Kannur,ZONE,Nellipara
Thrissur,Thrissur,ZONE,Mundathicode West
Warangal,Warangal,ZONE,Tekulagudem
Warangal,Warangal,ZONE,Gangupahad
Warangal,Warangal,ZONE,Yerragolla Pahad
Bangalore,Banashankari + RR Nagar,ZONE,Banashankari
Warangal,Warangal,ZONE,Gadepalli
Tirunelveli,Tirunelveli,ZONE,Kilakalangal
Chittoor,Chittoor,ZONE,Ellampalle Kothuru
Aurangabad (BH),Aurangabad (BH),ZONE,Sonoura
Lucknow,Aliganj,ZONE,Niralanagar
Aurangabad (BH),Aurangabad (BH),ZONE,Baksibigha
Amritsar,Amritsar,ZONE,Gilwali
North Goa,North Goa,ZONE,Advoi
Nellore,Nellore,ZONE,Cherlopalem
Tangerang,Tangerang,ZONE,Lengkong Kulon
Allahabad,Allahabad,ZONE,Rasulabad
Delhi,Preet vihar,ZONE,Ram Vihar
Kolkata,Park street,ZONE,Circus Avenue
North 24 Parganas,North 24 Parganas,ZONE,Anandamath
Thane,Kalyan,ZONE,Kalyan East
Mysore,Mysore,ZONE,Rajendra Nagar
San Juan,San Juan Region,ZONE,Buayang Bato
Vadodara,Raopura,ZONE,Navapura
Vadodara,Waghodia Road,ZONE,Danteshwar
Ranchi,Ranchi,ZONE,Sakra
Ranchi,Ranchi,ZONE,Chata
Ranchi,Ranchi,ZONE,Late
Ranchi,Ranchi,ZONE,Rendwa
East Khasi Hills,Shillong-East Khasi Hills,ZONE,Mawryngkneng
Ernakulam,Kakkanad,ZONE,Mulavoor
Thiruvananthapuram,Thiruvananthapuram,ZONE,Kattakada
Thiruvananthapuram,Thiruvananthapuram,ZONE,Ambalamukku
Nashik,Panchavati,ZONE,Kalaram Mandir
Warangal,Warangal,ZONE,Kummarikunta
Allahabad,Allahabad,ZONE,Mawaiya Hindwani
Bilaspur,Bilaspur,ZONE,Donda
Hooghly,Hooghly,ZONE,Hatni
Guntur,Guntur,ZONE,Mangalagiri Bazar
Salem,Salem,ZONE,Periyeripatti
North 24 Parganas,North 24 Parganas,ZONE,Dandirhat
Aurangabad,Aurangabad,ZONE,Konkanwadi
Chennai,Chennai South 2,ZONE,Sterling Road
Hyderabad,Langer house,ZONE,Bandlaguda
Hyderabad,Afzal gunj,ZONE,Goshamahal
Ahmedabad,Maninagar,ZONE,Odhav
Ernakulam,Kakkanad,ZONE,Keezhillam
Aurangabad,Aurangabad,ZONE,Bankinhola
East Khasi Hills,Shillong-East Khasi Hills,ZONE,Tynring
East Khasi Hills,Shillong-East Khasi Hills,ZONE,Mawlai
Tiruchirappalli,Tiruchirappalli,ZONE,Ponniah School Buildings
Tirunelveli,Tirunelveli,ZONE,Munnirpallam
Thiruvananthapuram,Thiruvananthapuram,ZONE,Aruvipuram
Bhopal,Central Bhopal,ZONE,Vallabh Bhawan
Nellore,Nellore,ZONE,Amani Chiruvella
Warangal,Warangal,ZONE,Chunchupalli
Allahabad,Allahabad,ZONE,Bara
Allahabad,Allahabad,ZONE,Arahkala
Aurangabad (BH),Aurangabad (BH),ZONE,Sihuli
Chittoor,Chittoor,ZONE,Arugonda
Dantewada,Dantewada,ZONE,Dubbatota
Guntur,Guntur,ZONE,Balusupadu
Amritsar,Amritsar,ZONE,Leharka
Chittoor,Chittoor,ZONE,Pudupet
Amritsar,Amritsar,ZONE,Chawinda
Madurai,Madurai,ZONE,Kodimangalam
Lucknow,Aliganj,ZONE,Aliganj sector K
South Tangerang,South Tangerang,ZONE,Lengkong Gudang Timur
South Tangerang,South Tangerang,ZONE,Lengkong Gudang
Kolkata,Park street,ZONE,Shakespeare Sarani
Kolkata,Central,ZONE,Strand Road
North 24 Parganas,North 24 Parganas,ZONE,Lauhati
Madurai,Madurai,ZONE,Pallapatti
Tangerang,Tangerang,ZONE,Belendung
Delhi,Rohini,ZONE,Rohini Sector 17
Jakarta,Kebayoran/Bintaro,ZONE,Kebayoran Lama
Faridabad,Faridabad,ZONE,Sector 39
Chennai,Chennai North,ZONE,Periyamet
Singapore,Tampines,ZONE,East Coast
Ranchi,Ranchi,ZONE,Katamkuli
Ernakulam,Tripunithura,ZONE,Eroor West
Kottayam,Kottayam,ZONE,Cheepunkal
Kottayam,Kottayam,ZONE,Kudamaloor
Kottayam,Kottayam,ZONE,Erumapramattom
Bhubaneswar,Bhubaneswar,ZONE,Santarapur
Tirunelveli,Tirunelveli,ZONE,Achanpudur
Thrissur,Thrissur,ZONE,Venganellur
East Khasi Hills,Shillong-East Khasi Hills,ZONE,Pyndeng Sohsaw
Allahabad,Allahabad,ZONE,Shahipur
Allahabad,Allahabad,ZONE,Dubawal
Lucknow,Ashiyana,ZONE,Alambagh
Lucknow,Indranagar,ZONE,Cimap
Bilaspur,Bilaspur,ZONE,Chilfi
Erode,Erode,ZONE,Mangalapatti
Nellore,Nellore,ZONE,Narayanareddypeta
Madurai,Madurai,ZONE,Thangalacheri
Tangerang,Tangerang,ZONE,Pasir Gintung
Las Pinas,Las Pinas Region,ZONE,Manuyo Uno
Bangalore,Banaswadi,ZONE,Banaswadi
Bangalore,Hebbal + HBR layout,ZONE,Kalyan Nagar
Allahabad,Allahabad,ZONE,Karchha R.S.
Chittoor,Chittoor,ZONE,Annagaripalle
Amritsar,Amritsar,ZONE,Dehriwala
Hooghly,Hooghly,ZONE,Musapur
Hooghly,Hooghly,ZONE,Chandur
Chennai,Chennai Central,ZONE,Kilpauk
Erode,Erode,ZONE,Thaneerpandalpalayam
Karur,Karur,ZONE,Thannirpalli
Salem,Salem,ZONE,Laddivadi
Puducherry,Puducherry,ZONE,Aruthra Nagar
Kolkata,Salt lake,ZONE,Lily Biscuit
Quezon City,Quezon Region,ZONE,Teachers' Village East
Surat,Varaccha,ZONE,Bombay Market
Jaipur,Vaishali Nagar,ZONE,Sodala
Ludhiana,Ludhiana Zone 3,ZONE,New deep nagar
Mysore,Mysore,ZONE,Sri Rampura 2nd Stage
Delhi,Punjabi bagh,ZONE,Ramesh Nagar
Ernakulam,Kakkanad,ZONE,Kodanad
Mangalore,Mangalore,ZONE,Meenakaliya
Thiruvananthapuram,Thiruvananthapuram,ZONE,Kallambalam
Thrissur,Thrissur,ZONE,Chamakkala
Salem,Salem,ZONE,Thammanaickenpatti
Warangal,Warangal,ZONE,Mandi Bazar
Agra,Agra City,ZONE,Moti Katara
Thiruvananthapuram,Thiruvananthapuram,ZONE,Moonnumukku
Salem,Salem,ZONE,Vellalagundam
Visakhapatnam,MVP,ZONE,Yellapuvanipalem
Amritsar,Amritsar,ZONE,Mode
Amritsar,Amritsar,ZONE,Butala
Jaipur,Jhotwara,ZONE,Khatipura
Delhi,Model town,ZONE,Ashok Vihar Phase 2
South Goa,South Goa,ZONE,Mangor Hill
Karur,Karur,ZONE,Emur
Madurai,Madurai,ZONE,Melur South
Nagpur,Dhantoli,ZONE,Rameshwari
Hooghly,Hooghly,ZONE,Khajurdaha
Mumbai,Bandra,ZONE,Khar East
Erode,Erode,ZONE,Kavilipalayam
Nellore,Nellore,ZONE,Revur
Madurai,Madurai,ZONE,Checkanurani
South Tangerang,South Tangerang,ZONE,Kranggan
Mumbai,Dadar,ZONE,Dadar West
Faridabad,Faridabad,ZONE,Fatehpur Billoch
São Paulo,Vila Mariana,ZONE,Vila Mariana
Lucknow,Aliganj,ZONE,Aliganj sector A
Kottayam,Kottayam,ZONE,Vadavathoor
Kottayam,Kottayam,ZONE,Ayyarkulangara
Thrissur,Thrissur,ZONE,Kilakkummuri
Aurangabad,Aurangabad,ZONE,Basadi
Pune,Vishrantwadi,ZONE,Dhanori
Bangalore,Indiranagar,ZONE,HAL
Tirunelveli,Tirunelveli,ZONE,Tiruppanikarisalkulam
Chittoor,Chittoor,ZONE,Yellampalle Santhagate
Lucknow,Ashiyana,ZONE,Pandariba
Amritsar,Amritsar,ZONE,Jastarwal
Guntur,Guntur,ZONE,Selapadu
Lucknow,Hazratganj,ZONE,Jindaur
Coimbatore,Race Course,ZONE,Coimbatore South
Hyderabad,Trimulgherry,ZONE,Sainikpuri
Tangerang,Tangerang,ZONE,Kedaung Baru
Allahabad,Allahabad,ZONE,Roshan Bagh
Quezon City,Quezon Region,ZONE,Novaliches Proper
Delhi,South extension,ZONE,South Extension 2
Coimbatore,Singanallur,ZONE,Hope College
East Khasi Hills,Shillong-East Khasi Hills,ZONE,Wahkdait
Mangalore,Mangalore,ZONE,Kalavara
Mangalore,Mangalore,ZONE,Kompadavu
North Goa,North Goa,ZONE,Mauzi
Kozhikode,Kozhikode,ZONE,Parambil
Warangal,Warangal,ZONE,Kondai
Tirunelveli,Tirunelveli,ZONE,Manimuthar Project
Tirunelveli,Tirunelveli,ZONE,Papanasam Project
Aurangabad (BH),Aurangabad (BH),ZONE,Ankuri
Thiruvananthapuram,Thiruvananthapuram,ZONE,Vattavila
Nellore,Nellore,ZONE,Somasila
Aurangabad,Aurangabad,ZONE,Nakshtrawadi
Tiruchirappalli,Tiruchirappalli,ZONE,C.Ayyampalayam
Nellore,Nellore,ZONE,Gaddamvaripalli
Tiruchirappalli,Tiruchirappalli,ZONE,Vyrichettipalayam
Pune,Aundh,ZONE,Baner Road
Bilaspur,Bilaspur,ZONE,Karesara
Hooghly,Hooghly,ZONE,Chawk Bansberia.
Hooghly,Hooghly,ZONE,Haripur Chak
Chennai,Chennai South 2,ZONE,Greams Road
Guntur,Guntur,ZONE,Koppukonda
Nellore,Nellore,ZONE,Narasingaraopeta
Jakarta,Kebon Jeruk/Tomang/Slipi,ZONE,Krendang
Tangerang,Tangerang,ZONE,Tegal Kunir Lor
Hyderabad,Bolarum,ZONE,Rajiv Nagar
Nellore,Nellore,ZONE,Kanupurpalli
Faridabad,Faridabad,ZONE,Pingore
Greater Noida,Greater Noida,ZONE,Knowledge Park V
Mysore,Mysore,ZONE,Udayagiri
Kozhikode,Kozhikode,ZONE,Adivaram Pudupadi
Thiruvananthapuram,Thiruvananthapuram,ZONE,Pazhayakunnummel
Visakhapatnam,Gajuwaka,ZONE,Ins Satavahana
Thiruvananthapuram,Thiruvananthapuram,ZONE,Chekkakonam
Nellore,Nellore,ZONE,Maddurupalli
Thane,Virar,ZONE,Virar West
Noida,Sector 57,ZONE,Sector 56
Mohali,Mohali,ZONE,Kubaheri
Guntur,Guntur,ZONE,Ippatam
Chittoor,Chittoor,ZONE,Chinnagottigallu
Erode,Erode,ZONE,Ayyampalayam
Nellore,Nellore,ZONE,Bitragunta Loco Shed
Madurai,Madurai,ZONE,Vadapalanji
Allahabad,Allahabad,ZONE,Subhash Ngr
Chittoor,Chittoor,ZONE,Gadanki
Kolkata,Dum dum,ZONE,Kamarhati
Nashik,Nashik Road,ZONE,Pintoo Colony
Bhopal,Old Bhopal,ZONE,Ibrahimpura
Meerut,Shastri Nagar,ZONE,Ajanta Colony
Anantapur,Anantapur,ZONE,Tirupati Road
Chennai,Chennai South West 1,ZONE,Kovilambakkam
Salem,Salem,ZONE,Vanavasi
Chittoor,Chittoor,ZONE,Rajanagaram
Guntur,Guntur,ZONE,Lingamguntlapalem
North Goa,North Goa,ZONE,Colvale
Chennai,Chennai South East 2,ZONE,Egmore
Chittoor,Chittoor,ZONE,Dandapalle
Bilaspur,Bilaspur,ZONE,Salkhanowgaon
Delhi,Nehru place,ZONE,Kalkaji
Kozhikode,Kozhikode,ZONE,Kappad
Kozhikode,Kozhikode,ZONE,Purakkad
Thrissur,Thrissur,ZONE,Thrissur Central
Salem,Salem,ZONE,Thillainagar
East Khasi Hills,Shillong-East Khasi Hills,ZONE,Mylliem Syllai U Lar
Warangal,Warangal,ZONE,Bhairanpalli
Indore,Palasia,ZONE,Registrar High Court MG Road
Nashik,Nashik Road,ZONE,Nehru Nagar
Pune,Pimpri chinchwad,ZONE,Dapodi
Tirunelveli,Tirunelveli,ZONE,Kakkarai
Agra,Agra City,ZONE,Shoe Market
Aurangabad (BH),Aurangabad (BH),ZONE,Sahukarma
Thrissur,Thrissur,ZONE,Mupliyam
Bhopal,Central Bhopal,ZONE,Regional Research Laboratory (RRL)
Aurangabad (BH),Aurangabad (BH),ZONE,Sarsawli
Bilaspur,Bilaspur,ZONE,Khaprikala
Salem,Salem,ZONE,Vilaripalayam
Greater Noida,Greater Noida,ZONE,Achheja
Guntur,Guntur,ZONE,Mannava
Amritsar,Amritsar,ZONE,Bhangali
Jaipur,Raja Park,ZONE,Yaarlipura
Guntur,Guntur,ZONE,Borupalem
Erode,Erode,ZONE,Sanyasipatti
Warangal,Warangal,ZONE,Dubyal
Madurai,Madurai,ZONE,A.Vellalapatti
Jakarta,Setiabudi/Tebet/Kuningan,ZONE,Pela Mampang
Tangerang,Tangerang,ZONE,Cimone
Hooghly,Hooghly,ZONE,Prasadpur
Chittoor,Chittoor,ZONE,Muchivolu
Delhi,Preet vihar,ZONE,Madhu Vihar
Gurgaon,Sector43,ZONE,Gurgaon Sector 55
Hyderabad,Punjagutta,ZONE,Panjagutta
Hyderabad,Begumpet,ZONE,Paradise
Kanpur,Kidwai Nagar,ZONE,Govind Nagar West
Mysore,Mysore,ZONE,Hura
Kannur,Kannur,ZONE,Champad
Kannur,Kannur,ZONE,Cherakkara
Kottayam,Kottayam,ZONE,Nechipuzhoor
Nagpur,Ramdaspeth,ZONE,Shradhananpeth
Tirunelveli,Tirunelveli,ZONE,Pudur
Tirunelveli,Tirunelveli,ZONE,Sivagiri
Tirunelveli,Tirunelveli,ZONE,Ayiraperi
Warangal,Warangal,ZONE,Kanchanpalli
Aurangabad (BH),Aurangabad (BH),ZONE,Sighana
Allahabad,Allahabad,ZONE,Barai Harakh
Chittoor,Chittoor,ZONE,Marketyard-palamaner
Lucknow,Ashiyana,ZONE,Dilkusha
Aurangabad (BH),Aurangabad (BH),ZONE,Pokhrahan
Lucknow,Indranagar,ZONE,Indira Nagar
Delhi,Model town,ZONE,Model Town 2
Delhi,Janakpuri,ZONE,Janakpuri
Nellore,Nellore,ZONE,Chilakapadu
Thrissur,Thrissur,ZONE,Kaipamangalam
Visakhapatnam,Maharanipeta,ZONE,Malkapuram
East Khasi Hills,Shillong-East Khasi Hills,ZONE,Nonglyer
East Khasi Hills,Shillong-East Khasi Hills,ZONE,Upper Shillong
Kozhikode,Kozhikode,ZONE,Kuttikkattur
Thrissur,Thrissur,ZONE,Annanad
Guwahati,Guwahati,ZONE,Basistha
Thrissur,Thrissur,ZONE,Iranikulam
Indore,Vijaynagar,ZONE,Gandhinagar
Nellore,Nellore,ZONE,Rapur
Nellore,Nellore,ZONE,Devarayapalli
Salem,Salem,ZONE,Semmanatham
Dantewada,Dantewada,ZONE,Jagargunda
Chittoor,Chittoor,ZONE,Maddiledu
Guntur,Guntur,ZONE,Tummapudi
Amritsar,Amritsar,ZONE,Beas
Kanpur,Kidwai Nagar,ZONE,Chakeri Aerodrum
North Goa,North Goa,ZONE,Carambolim
Mohali,Mohali,ZONE,Hoshiarpur Takkipur
Tiruchirappalli,Tiruchirappalli,ZONE,Sangampatti
Tiruchirappalli,Tiruchirappalli,ZONE,Sirunavalur
Madurai,Madurai,ZONE,Panaiyur
Salem,Salem,ZONE,Edappadi
Tangerang,Tangerang,ZONE,Parahu
Tangerang,Tangerang,ZONE,Sukarasa
Chittoor,Chittoor,ZONE,Poli
Chittoor,Chittoor,ZONE,Renumakulapalle
North 24 Parganas,North 24 Parganas,ZONE,Binodnagar
Navi Mumbai,JNPT,ZONE,Mora
Chittoor,Chittoor,ZONE,Kavetipuram
Mysore,Mysore,ZONE,Hanchipura
Ernakulam,Kakkanad,ZONE,Aluva Town Bus Stand
Kottayam,Kottayam,ZONE,Panachepally
Thiruvananthapuram,Thiruvananthapuram,ZONE,Sreenivasapuram
Nellore,Nellore,ZONE,Kattuvapalli
Aurangabad,Aurangabad,ZONE,Charner
East Khasi Hills,Shillong-East Khasi Hills,ZONE,Laitumkhrah
Thrissur,Thrissur,ZONE,Alathur
Agra,Taj Ganj,ZONE,Shahganj Bazar
Tiruchirappalli,Tiruchirappalli,ZONE,Keelarasur
Warangal,Warangal,ZONE,Adavikamalapur
Thrissur,Thrissur,ZONE,Pattiparambu
Chittoor,Chittoor,ZONE,Sarimadugu
Agra,Taj Ganj,ZONE,Bhogipura
Allahabad,Allahabad,ZONE,Lalgopal Ganj
Chittoor,Chittoor,ZONE,Vengalathur
Chittoor,Chittoor,ZONE,Kosalanagaram
Lucknow,Ashiyana,ZONE,Niel Lines
Guntur,Guntur,ZONE,Modukur
Guntur,Guntur,ZONE,Gottipalla
Erode,Erode,ZONE,Ramanathapuram Pudur
Vadodara,Raopura,ZONE,Santkawnar Colony
Jakarta,Cempaka Putih/Kemayoran/Menteng/Tanah abang,ZONE,Senen
Ranchi,Ranchi,ZONE,Purio
Ranchi,Ranchi,ZONE,Baxidih
Ranchi,Ranchi,ZONE,"Controller Exam, JCEB"
Mangalore,Mangalore,ZONE,Vamanjur
Chittoor,Chittoor,ZONE,Devaragudipalle
Chittoor,Chittoor,ZONE,Peddapalem
Chittoor,Chittoor,ZONE,Vemareddigaripalle
Delhi,Shahdara,ZONE,Gandhi Nagar
Guntur,Guntur,ZONE,Vinjanampadu
Guntur,Guntur,ZONE,Remidicherla
Guntur,Guntur,ZONE,Venigandla
Jaipur,Malviya Nagar,ZONE,Kansel
Hooghly,Hooghly,ZONE,Gujrat
Guntur,Guntur,ZONE,Kandulavaripalem
Erode,Erode,ZONE,Mulanur
Erode,Erode,ZONE,Aralavadi
Madurai,Madurai,ZONE,Sevarakottai
Madurai,Madurai,ZONE,Vellakulam
Kolkata,Bhowanipore,ZONE,Alipore Bodyguard Line
North 24 Parganas,North 24 Parganas,ZONE,Dwarikjungale
Las Pinas,Las Pinas Region,ZONE,Pamplona Tres
Kolkata,Jadavpur,ZONE,Regent Estate
Taguig,Taguig Region,ZONE,Caniogan
Ghaziabad,Indirapuram,ZONE,Indirapuram
Jamshedpur,Jamshedpur,ZONE,"Principal, Co-Operative College, Circuit House  Area"
Puducherry,Puducherry,ZONE,Muthialpet
Mysore,Mysore,ZONE,Kalyanagiri
Chennai,Chennai North East,ZONE,Sowcarpet
Hyderabad,Begumpet,ZONE,Begumpet
Hyderabad,Punjagutta,ZONE,Somajiguda
Nellore,Nellore,ZONE,Basavarajupalem
Nellore,Nellore,ZONE,Kavali Co-op Colony
Jakarta,Kramat Jati/Pasar Rebo,ZONE,Cipinang Melayu
Jakarta,Kelapa Gading,ZONE,Kelapa Gading Timur
Salem,Salem,ZONE,Kalarampatti
Salem,Salem,ZONE,Nalikalpatti
Tangerang,Tangerang,ZONE,Kunciran Jaya
Allahabad,Allahabad,ZONE,Govindpur
North 24 Parganas,North 24 Parganas,ZONE,Gobardanga Ichapur
North 24 Parganas,North 24 Parganas,ZONE,Gupter Bagan
San Juan,San Juan Region,ZONE,Tinajeros
San Juan,San Juan Region,ZONE,Concepcion
Kannur,Kannur,ZONE,Kannur City
Kannur,Kannur,ZONE,Keezhara
Kannur,Kannur,ZONE,Edat
Madurai,Madurai,ZONE,Kongampatti
Mumbai,Fort area,ZONE,Nariman Point
Panchkula,Panchkula,ZONE,Sector 19
Faridabad,Faridabad,ZONE,Greenfields
Chennai,Chennai South West 2,ZONE,Padappai
Faridabad,Faridabad,ZONE,Surajkund
Ernakulam,Kakkanad,ZONE,Manickamangalam
Kannur,Kannur,ZONE,Chuzhali
Kottayam,Kottayam,ZONE,Sachivothamapuram
Salem,Salem,ZONE,Darapuram
Ranchi,Ranchi,ZONE,Ichapiri
Kottayam,Kottayam,ZONE,Karikkattoor Centre
Kottayam,Kottayam,ZONE,Pothenpuram
Thiruvananthapuram,Thiruvananthapuram,ZONE,Pandalacode
Pune,Talegaon,ZONE,Lonavala
Tangerang,Tangerang,ZONE,Cijantra
Kolkata,Park street,ZONE,Jhowtala
North 24 Parganas,North 24 Parganas,ZONE,Jogeshganj
Warangal,Warangal,ZONE,Tadvai
Chittoor,Chittoor,ZONE,Ialavaripalle
Allahabad,Allahabad,ZONE,Chawki
Guntur,Guntur,ZONE,Kovelamudi
Amritsar,Amritsar,ZONE,Takarpura
Kozhikode,Kozhikode,ZONE,Keezhil
Pune,Hadapsar,ZONE,Hadapsar
Warangal,Warangal,ZONE,Hasanparthy
Tirunelveli,Tirunelveli,ZONE,Sippiparai
Chittoor,Chittoor,ZONE,Mellacheruvu
Lucknow,Ashiyana,ZONE,Rajajipuram
North Goa,North Goa,ZONE,Morjim
Amritsar,Amritsar,ZONE,Tarsika
Lucknow,Aliganj,ZONE,Vishnupuri
Salem,Salem,ZONE,Jawahar Mills
Salem,Salem,ZONE,Kootathupatti
Delhi,Preet vihar,ZONE,Vigyan Lok
Quezon City,Quezon Region,ZONE,Quirino 2-B
Mumbai,Dadar,ZONE,Prabhadevi
Ahmedabad,Memnagar,ZONE,Vastrapur
Pune,Kothrud,ZONE,Somwar Peth
Panchkula,Panchkula,ZONE,Sector-7
Ranchi,Ranchi,ZONE,Chanho
Mangalore,Mangalore,ZONE,Mulki
Nellore,Nellore,ZONE,Gumparlapadu
Madurai,Madurai,ZONE,Silarpatti
Jakarta,Setiabudi/Tebet/Kuningan,ZONE,Bukit Duri
Tangerang,Tangerang,ZONE,Ciangir
Puducherry,Puducherry,ZONE,Vanarapettai
Ludhiana,Ludhiana Zone 3,ZONE,Sector 39
Kannur,Kannur,ZONE,Ponniam
North 24 Parganas,North 24 Parganas,ZONE,Chimta Kachari
Delhi,Mehrauli,ZONE,Aya Nagar Extension
Kannur,Kannur,ZONE,New Mahe
Karur,Karur,ZONE,Dalavapalayam
Salem,Salem,ZONE,Metturdam
Tangerang,Tangerang,ZONE,Sudimara Selatan
North 24 Parganas,North 24 Parganas,ZONE,Begumpur
North 24 Parganas,North 24 Parganas,ZONE,Barrackpore RS
Bilaspur,Bilaspur,ZONE,Telipara
North 24 Parganas,North 24 Parganas,ZONE,Purandarpur
South Goa,South Goa,ZONE,Navelim
Noida,Sector 50,ZONE,Sector 49
Jaipur,Raja Park,ZONE,Kotputli
Jaipur,Transport Nagar,ZONE,Krishi Upaj Mandi
Kozhikode,Kozhikode,ZONE,Chemmarathur
Tiruchirappalli,Tiruchirappalli,ZONE,Avarampatti
Tirunelveli,Tirunelveli,ZONE,Sivanadanur
Nellore,Nellore,ZONE,Kavali Bazar
Salem,Salem,ZONE,Masinaickenpatti
Singapore,Geylang,ZONE,Paya Lebar
Nellore,Nellore,ZONE,Somalaregada
Delhi,Preet vihar,ZONE,Bahubali Enclave
Delhi,Preet vihar,ZONE,Bharti Artist Colony
Tiruchirappalli,Tiruchirappalli,ZONE,Rajampalayam
Tirunelveli,Tirunelveli,ZONE,Pattamadai
Chittoor,Chittoor,ZONE,Mittoor-chittoor
Las Pinas,Las Pinas Region,ZONE,Vitalez
Pune,Bibvewadi,ZONE,Sahakar Nagar
Erode,Erode,ZONE,Kodiveri
Madurai,Madurai,ZONE,Kottagudi
Salem,Salem,ZONE,Mecheri
Nashik,Nashik Road,ZONE,Gurudatta Nagar
Nashik,Mumbai Naka,ZONE,Tidke Nagar
Ludhiana,Ludhiana Zone 1,ZONE,Sunder Nagar
Tirunelveli,Tirunelveli,ZONE,Vasudevanallur
Lucknow,Gomtinagar,ZONE,Anaura Kalan
Lucknow,Hazratganj,ZONE,Husainabad
Kozhikode,Kozhikode,ZONE,Muthukad
Thrissur,Thrissur,ZONE,Ollur North
Nellore,Nellore,ZONE,Kapulur
Bangalore,Electronics City,ZONE,Anekal
Ranchi,Ranchi,ZONE,Edrumhatu
Mangalore,Mangalore,ZONE,Munnur
North 24 Parganas,North 24 Parganas,ZONE,Noapara Madhavpur
Mumbai,Fort area,ZONE,Marine Drive
Chennai,Chennai South 1,ZONE,Nesapakkam
Singapore,Tampines,ZONE,Bedok Reservoir
Thiruvananthapuram,Thiruvananthapuram,ZONE,Mannurkonam
Thrissur,Thrissur,ZONE,Karalam
Chittoor,Chittoor,ZONE,Gudupalle
Kannur,Kannur,ZONE,Aroli
Tiruchirappalli,Tiruchirappalli,ZONE,Thirumangalam
Bhubaneswar,Bhubaneswar,ZONE,Old Town
Aurangabad (BH),Aurangabad (BH),ZONE,Basdiha
Patna,Kankarbagh,ZONE,Postal Park
Chittoor,Chittoor,ZONE,Iral
Allahabad,Allahabad,ZONE,Panwari
Allahabad,Allahabad,ZONE,Kishundaspur
Rajahmundry,Rajahmundry,ZONE,Alcot Gardens
Amritsar,Amritsar,ZONE,Kalia Sanktra
Lucknow,Gomtinagar,ZONE,Madiyaon
Amritsar,Amritsar,ZONE,Chetanpura
Karur,Karur,ZONE,Athipalayam
Tangerang,Tangerang,ZONE,Jatiuwung
Tangerang,Tangerang,ZONE,Sudimara Barat
Tangerang,Tangerang,ZONE,Ranca Gede
North 24 Parganas,North 24 Parganas,ZONE,Mudiahat
Quezon City,Quezon Region,ZONE,Milagrosa
Faridabad,Faridabad,ZONE,Sector 43
North 24 Parganas,North 24 Parganas,ZONE,Pathghoria
Bangalore,Indiranagar,ZONE,GM Palya
South Goa,South Goa,ZONE,Camurlim
South Goa,South Goa,ZONE,Chandor
South Goa,South Goa,ZONE,Rivona
Nellore,Nellore,ZONE,Chintopu
Warangal,Warangal,ZONE,Bheriwada
Bangalore,Koramangala,ZONE,Adugodi
Jakarta,Cengkareng/Penjaringan/Kalideres,ZONE,Duri Kosambi
Salem,Salem,ZONE,Govt. College Of Engg
Thrissur,Thrissur,ZONE,Koratti South
Chittoor,Chittoor,ZONE,Motumallela
Dantewada,Dantewada,ZONE,Kirandul Hill Top
Tiruchirappalli,Tiruchirappalli,ZONE,Valaldi
Guntur,Guntur,ZONE,Edlapadu
Guntur,Guntur,ZONE,Emani
Guntur,Guntur,ZONE,Chandramoulinagar
Guntur,Guntur,ZONE,Kuchinapudi
Dantewada,Dantewada,ZONE,Kunna
North Goa,North Goa,ZONE,Velha-goa
South Goa,South Goa,ZONE,Chicalim
Jaipur,Vaishali Nagar,ZONE,Sirohi Kalan
Ernakulam,Kakkanad,ZONE,Kothad
Guntur,Guntur,ZONE,Jampani
Jakarta,Kebayoran/Bintaro,ZONE,Rawa Barat
Tangerang,Tangerang,ZONE,Parung Jaya
Lucknow,Hazratganj,ZONE,Qaiserbagh
Chittoor,Chittoor,ZONE,Sakamvaripalle
Chittoor,Chittoor,ZONE,Pathagunta
Chennai,Chennai Central East,ZONE,Ramapuram
Las Pinas,Las Pinas Region,ZONE,Baclaran
Navi Mumbai,Vashi,ZONE,Airoli
Ghaziabad,Raj Nagar,ZONE,Govindpuram
Mumbai,Tardeo,ZONE,Lamington Road
Gurgaon,Badsharpur,ZONE,Gurgaon Sector 49
Guntur,Guntur,ZONE,Pallapadu
Erode,Erode,ZONE,Murungatholuvu
Karur,Karur,ZONE,Uppidamangalam
Madurai,Madurai,ZONE,Boothipuram
Mohali,Mohali,ZONE,Fortis Hospital Ph-8
Mohali,Mohali,ZONE,Sector 80
Salem,Salem,ZONE,Gugai
Mysore,Mysore,ZONE,Ramanahalli
Ranchi,Ranchi,ZONE,Sonahatu
Mangalore,Mangalore,ZONE,Kemral Panchayat
Ernakulam,Kakkanad,ZONE,Asamannoor
Kannur,Kannur,ZONE,Keezhur-iritty
Kannur,Kannur,ZONE,Manathana
Ernakulam,Panampilly Nagar,ZONE,Kaloor
South Goa,South Goa,ZONE,Loliem
Hooghly,Hooghly,ZONE,Btps
Kolkata,Dum dum,ZONE,Alambazar
Taguig,Taguig Region,ZONE,Calzada
Hyderabad,Lb nagar,ZONE,Hayathnagar
Kannur,Kannur,ZONE,Kadambur-kannur
Kannur,Kannur,ZONE,Talap
Hooghly,Hooghly,ZONE,Chingra
Madurai,Madurai,ZONE,Silaiman
Aurangabad,Aurangabad,ZONE,Palaswadi
Kolkata,Central,ZONE,Raja Ram Mohan Sarani
Kolkata,Dum dum,ZONE,Ramkrishna Park
Kannur,Kannur,ZONE,Kanjirakolly
Ernakulam,Kakkanad,ZONE,Rayonpuram
East Khasi Hills,Shillong-East Khasi Hills,ZONE,Makali
Warangal,Warangal,ZONE,Lohitha
Warangal,Warangal,ZONE,Lingala
Allahabad,Allahabad,ZONE,Pindi
Chittoor,Chittoor,ZONE,Angallu
Lucknow,Hazratganj,ZONE,Rajendranagar
Lucknow,Gomtinagar,ZONE,Rasoolpur Saadat
Panchkula,Panchkula,ZONE,Jaloli
Noida,Gejha,ZONE,Sector 82
Ernakulam,Panampilly Nagar,ZONE,Kuthiathode
Chittoor,Chittoor,ZONE,Chuttuguntaramapuram
Bilaspur,Bilaspur,ZONE,Birgaon
Guntur,Guntur,ZONE,Rajavole
Erode,Erode,ZONE,Siruvalur
Erode,Erode,ZONE,Keeranur
Madurai,Madurai,ZONE,Irumbadi
Salem,Salem,ZONE,Kandarkulamanickam
Kolkata,Dum dum,ZONE,"Golpark, North Kolkata"
Delhi,Rohini,ZONE,Rohini Sector 16
North 24 Parganas,North 24 Parganas,ZONE,Jesur Jeoldanga
Surat,Athawa,ZONE,Lajpore
Ludhiana,Ludhiana Zone 1,ZONE,Guru Nanak Dev nagar
Mangalore,Mangalore,ZONE,Konaje
Guntur,Guntur,ZONE,Rentapalla
Ernakulam,Tripunithura,ZONE,Palakuzha
Ernakulam,Kakkanad,ZONE,Manjummel
Kannur,Kannur,ZONE,Panniyannur
Kottayam,Kottayam,ZONE,Cheeranchira
Nellore,Nellore,ZONE,Chennuru
Madurai,Madurai,ZONE,Valaicheripatti
North 24 Parganas,North 24 Parganas,ZONE,Subhashnagar
Singapore,Bukit Batok,ZONE,Bukit Timah
Faridabad,Faridabad,ZONE,Sector 3
São Paulo,Mooca,ZONE,Alto da Mooca
Kannur,Kannur,ZONE,Moozhikkara
Mysore,Mysore,ZONE,Kyathanahalli
Nagpur,Ramdaspeth,ZONE,Deo Nagar
Kozhikode,Kozhikode,ZONE,Mullambath
Kozhikode,Kozhikode,ZONE,Vadakara Beach
Kozhikode,Kozhikode,ZONE,Vishnumangalam
Thiruvananthapuram,Thiruvananthapuram,ZONE,Thuruvikkal
Thrissur,Thrissur,ZONE,Porkolangad
Thrissur,Thrissur,ZONE,Amalanagar
Nellore,Nellore,ZONE,Yathalur
Bangalore,Majestic,ZONE,Langford Road
Warangal,Warangal,ZONE,Rangaiahpalli
Bangalore,Malleswaram,ZONE,Seshadripuram
Chittoor,Chittoor,ZONE,Piler
Chittoor,Chittoor,ZONE,Kemparapalem
Chittoor,Chittoor,ZONE,Nennur
Amritsar,Amritsar,ZONE,Golden Temple
Amritsar,Amritsar,ZONE,Ghonewal
North Goa,North Goa,ZONE,Pillem
Hooghly,Hooghly,ZONE,Tamlipara
Hyderabad,Dilsukh nagar,ZONE,Moosarambagh
Salem,Salem,ZONE,Keeripatti
Tangerang,Tangerang,ZONE,Cicalengka
Puducherry,Puducherry,ZONE,Mothilal Nagar
North Goa,North Goa,ZONE,Onda
Mysore,Mysore,ZONE,Hyakanur
Kozhikode,Kozhikode,ZONE,Ayancheri
Kozhikode,Kozhikode,ZONE,Chekkiyad
Nagpur,Dhantoli,ZONE,Manewada Road
Aurangabad (BH),Aurangabad (BH),ZONE,Darwan
Aurangabad (BH),Aurangabad (BH),ZONE,Dindil
Chittoor,Chittoor,ZONE,Kanamanapalle
Lucknow,Hazratganj,ZONE,Khalispur
Erode,Erode,ZONE,Palliyuthu
Guntur,Guntur,ZONE,Tsunduru
Erode,Erode,ZONE,Satamugai
Erode,Erode,ZONE,Sembulichampalayam
Madurai,Madurai,ZONE,Jari Usilampatti
Madurai,Madurai,ZONE,Kalappanpatti
Madurai,Madurai,ZONE,Alanganallur
Salem,Salem,ZONE,Karuvalli
Salem,Salem,ZONE,T.Konagapadi
North 24 Parganas,North 24 Parganas,ZONE,Ramnathpur
Hyderabad,Hitech city,ZONE,Kothaguda
Ahmedabad,Paldi,ZONE,Polytechnic
Mysore,Mysore,ZONE,Chunchanahalli
Kozhikode,Kozhikode,ZONE,Ulliyeri
Thiruvananthapuram,Thiruvananthapuram,ZONE,Chirayinkeezhu
Thrissur,Thrissur,ZONE,Peringavu
Aurangabad,Aurangabad,ZONE,Dhamangaon
Visakhapatnam,Gajuwaka,ZONE,Peddipalem
East Khasi Hills,Shillong-East Khasi Hills,ZONE,Oakland
Kozhikode,Kozhikode,ZONE,Kotuvalli
Thiruvananthapuram,Thiruvananthapuram,ZONE,Aruvikara
Thrissur,Thrissur,ZONE,Ashtamichira
Thrissur,Thrissur,ZONE,Muringoor Vadakkummuri
Thrissur,Thrissur,ZONE,Nandikkara
Nellore,Nellore,ZONE,Gilakapadu
Tiruchirappalli,Tiruchirappalli,ZONE,Kallakudi TR
Aurangabad,Aurangabad,ZONE,Palod
Warangal,Warangal,ZONE,Stn. Gundrathimadugu
Chittoor,Chittoor,ZONE,Kudurucheemanapalle
Bhubaneswar,Bhubaneswar,ZONE,Orissa Assembly
Tirunelveli,Tirunelveli,ZONE,Ariyanayagipuram
Chittoor,Chittoor,ZONE,Chandragiri Fort
Chittoor,Chittoor,ZONE,Aravakothur
Dantewada,Dantewada,ZONE,Belnar
Warangal,Warangal,ZONE,Ankushapur
Kanpur,Kidwai Nagar,ZONE,COD
Dantewada,Dantewada,ZONE,Koleng
Mohali,Mohali,ZONE,"Hutch plot No.C-131, Ph-8"
Hooghly,Hooghly,ZONE,Tilari
Guntur,Guntur,ZONE,Phirangipuram
Chittoor,Chittoor,ZONE,Vengamvaripale
Aurangabad (BH),Aurangabad (BH),ZONE,Arai
Erode,Erode,ZONE,Neithalapuram
Nashik,Mumbai Naka,ZONE,Dr.Homi Bhabha Nagar
Kolkata,Bhowanipore,ZONE,Sarat Bose Road
Karur,Karur,ZONE,Perityamanjuveli
Karur,Karur,ZONE,Soolapuram
Nellore,Nellore,ZONE,Thirumur
Mysore,Mysore,ZONE,Sigavalu
Ranchi,Ranchi,ZONE,Choreya
Bhubaneswar,Bhubaneswar,ZONE,Abhayamukhi
Kannur,Kannur,ZONE,Kandankali
Tirunelveli,Tirunelveli,ZONE,Kumanthapuram
Chittoor,Chittoor,ZONE,Matampalle Agraharam
Aurangabad (BH),Aurangabad (BH),ZONE,Munjhara
Allahabad,Allahabad,ZONE,Lakshagrih
Chittoor,Chittoor,ZONE,Peddabangarunatham
Chittoor,Chittoor,ZONE,Peddachellaragunta
Bilaspur,Bilaspur,ZONE,Sendri
Bilaspur,Bilaspur,ZONE,Ramhepur
Amritsar,Amritsar,ZONE,Sidhwa
Bilaspur,Bilaspur,ZONE,Nirjam
Kozhikode,Kozhikode,ZONE,Thanakottur
Thrissur,Thrissur,ZONE,Pulakkad
Tirunelveli,Tirunelveli,ZONE,Rengasamudram
Jaipur,Vidhyadhar Nagar,ZONE,Sindhi Colony
Karur,Karur,ZONE,Kadavur
Aurangabad,Aurangabad,ZONE,Ganesh Colony
Allahabad,Allahabad,ZONE,Nindula
Lucknow,Hazratganj,ZONE,T. Tib
Kolkata,Tollygunge,ZONE,Archana
Chennai,Chennai Central East,ZONE,Pozhichalur
Ahmedabad,Satellite,ZONE,Jawaraj
Guntur,Guntur,ZONE,Srirangapuram
Erode,Erode,ZONE,Vijayamangalam
Madurai,Madurai,ZONE,Simmakkal
Kanpur,Swaroop Nagar,ZONE,Allenganj
North 24 Parganas,North 24 Parganas,ZONE,Hijalpukuria
Hooghly,Hooghly,ZONE,Nakunda
Ahmedabad,Satellite,ZONE,Satellite Road
Mysore,Mysore,ZONE,Krishnamurthypuram
Mysore,Mysore,ZONE,Metagalli
Mysore,Mysore,ZONE,Hallare
Mangalore,Mangalore,ZONE,Mulki East
Thrissur,Thrissur,ZONE,Kundaliyur
Salem,Salem,ZONE,Irugalur
Ernakulam,Tripunithura,ZONE,Muvattupuzha Bazar
Bhopal,Old Bhopal,ZONE,"Collector Office, Old Secreatariat"
Thiruvananthapuram,Thiruvananthapuram,ZONE,Ponmudi
Chittoor,Chittoor,ZONE,Karakambadi
Salem,Salem,ZONE,Pattipadi
Tiruchirappalli,Tiruchirappalli,ZONE,Pudur Uthamanur
Aurangabad,Aurangabad,ZONE,Shivar
Tiruchirappalli,Tiruchirappalli,ZONE,Sundararajanagar
Chittoor,Chittoor,ZONE,Bokkasampalem
Tirunelveli,Tirunelveli,ZONE,Karkudi
Allahabad,Allahabad,ZONE,Maida
Chandigarh,Sector 36,ZONE,Sector-14
Chittoor,Chittoor,ZONE,Vyasasramam
Meerut,Saket Ganganagar,ZONE,Hastinapur
Guntur,Guntur,ZONE,Tondapi
Erode,Erode,ZONE,Koothampatti
Tangerang,Tangerang,ZONE,Cangkudu
Tangerang,Tangerang,ZONE,Mekarwangi
Tangerang,Tangerang,ZONE,Selapajang
North 24 Parganas,North 24 Parganas,ZONE,Desh Bandhu Nagar
Chennai,Chennai South West 2,ZONE,Pallikaranai
São Paulo,Bela Vista,ZONE,Campos Elíseos
São Paulo,Santana,ZONE,Vila Bianca
South Tangerang,South Tangerang,ZONE,Sarua
South Tangerang,South Tangerang,ZONE,Pondok Betung
Panchkula,Panchkula,ZONE,Industrial Area Phase- 1
Indore,Sapna Sangeeta,ZONE,Rau
Ranchi,Ranchi,ZONE,Hurhuri
Kannur,Kannur,ZONE,Ettikulam
Kannur,Kannur,ZONE,Manakadavu
Kottayam,Kottayam,ZONE,Kalloorkulam
Kottayam,Kottayam,ZONE,Athirampuzha
Kottayam,Kottayam,ZONE,Valavoor
Kozhikode,Kozhikode,ZONE,Puduppanam
Thrissur,Thrissur,ZONE,Velur Bazar
Warangal,Warangal,ZONE,Macherla
Warangal,Warangal,ZONE,Vidyaranyapuri
Tirunelveli,Tirunelveli,ZONE,Sankankulam
Aurangabad (BH),Aurangabad (BH),ZONE,Tejpura
Amritsar,Amritsar,ZONE,Amritsar Bus Stand
Amritsar,Amritsar,ZONE,G.N.D.U
North Goa,North Goa,ZONE,Sinquerim
Guntur,Guntur,ZONE,China Ravuru Tenali
Guntur,Guntur,ZONE,Morrispeta
Karur,Karur,ZONE,Alathur
Madurai,Madurai,ZONE,Doddappanayakanur
North 24 Parganas,North 24 Parganas,ZONE,Fingapara
Manila,Manila Region,ZONE,Malibay
Tirunelveli,Tirunelveli,ZONE,Kizhanatham
Aurangabad (BH),Aurangabad (BH),ZONE,Obra
Chittoor,Chittoor,ZONE,Aradigunta
Bilaspur,Bilaspur,ZONE,Chapora
Bilaspur,Bilaspur,ZONE,Mohda
Ahmedabad,Memnagar,ZONE,Sola H B C
Ahmedabad,Paldi,ZONE,Vishalpur
North Goa,North Goa,ZONE,Marcaim
Guntur,Guntur,ZONE,Pedamatlapudi
Erode,Erode,ZONE,Sivagiri
Erode,Erode,ZONE,Vadakkupudupalayam
Karur,Karur,ZONE,Thogaimalai
Nellore,Nellore,ZONE,Jammalapalem
Madurai,Madurai,ZONE,Karuppayurani
Tangerang,Tangerang,ZONE,Suka Tani
Allahabad,Allahabad,ZONE,South Malaka
North 24 Parganas,North 24 Parganas,ZONE,Jaleswar
Delhi,Punjabi bagh,ZONE,Tagore Garden
Ludhiana,Ludhiana Zone 1,ZONE,Jain Nagar
Mangalore,Mangalore,ZONE,Bondanthila
Mangalore,Mangalore,ZONE,Malalipanchayath
Thiruvananthapuram,Thiruvananthapuram,ZONE,Muthana
Thrissur,Thrissur,ZONE,Chittattukara
Thrissur,Thrissur,ZONE,Valapad
Visakhapatnam,Gajuwaka,ZONE,Airport
Thiruvananthapuram,Thiruvananthapuram,ZONE,Puthukulangara
Thrissur,Thrissur,ZONE,Kodassery
Allahabad,Allahabad,ZONE,Khakhaicha
Nellore,Nellore,ZONE,Surayapalem
Aurangabad,Aurangabad,ZONE,Nagamthan
Dantewada,Dantewada,ZONE,Korlapal
Allahabad,Allahabad,ZONE,Indian Press
Kanpur,Swaroop Nagar,ZONE,Hatia
Kanpur,Kidwai Nagar,ZONE,RBI Colony
Jaipur,Transport Nagar,ZONE,Paota
Guntur,Guntur,ZONE,Karempudi
Mohali,Mohali,ZONE,Tata Telecom Plot No.125 Ph-8
Guntur,Guntur,ZONE,Gangadipalem
Nellore,Nellore,ZONE,Paderu
Nellore,Nellore,ZONE,Yellore
Nellore,Nellore,ZONE,Zuvvaladinne
Salem,Salem,ZONE,Sundamettupudur
Salem,Salem,ZONE,Chamrajpet
Hooghly,Hooghly,ZONE,Ramnathpur
Hooghly,Hooghly,ZONE,Bandhpur
North 24 Parganas,North 24 Parganas,ZONE,Suryapur
North 24 Parganas,North 24 Parganas,ZONE,Prithiba
Patna,Rajendra Nagar,ZONE,Bazar Samiti
Madurai,Madurai,ZONE,Vilangudi
Surat,Vesu,ZONE,New City Light
Tangerang,Tangerang,ZONE,Buni Ayu
Indore,Sapna Sangeeta,ZONE,Chhavni
Manila,Manila Region,ZONE,San Miguel
Kolkata,Tollygunge,ZONE,Taratala
Navi Mumbai,Nerul,ZONE,N.S.Karanja
Gurgaon,DLFPhaseI,ZONE,DLF Phase III
São Paulo,Jabaquara,ZONE,Campo Belo
Mohali,Mohali,ZONE,Sunny Enclave
Kannur,Kannur,ZONE,Kattampally
Kannur,Kannur,ZONE,Chepparapadava
Kottayam,Kottayam,ZONE,Kuzhimattom
Aurangabad,Aurangabad,ZONE,Gajgaon
Aurangabad,Aurangabad,ZONE,Jaitapur
East Khasi Hills,Shillong-East Khasi Hills,ZONE,Laitduh
Tirunelveli,Tirunelveli,ZONE,Kulavanickerpuram
Lucknow,Aliganj,ZONE,Sant Market
Bilaspur,Bilaspur,ZONE,Neosa
Bilaspur,Bilaspur,ZONE,Khaira
North Goa,North Goa,ZONE,Usgao
Guntur,Guntur,ZONE,Gundimeda
Coimbatore,Race Course,ZONE,Coimbatore Bazaar
Coimbatore,Singanallur,ZONE,Siddhapudur
Coimbatore,Singanallur,ZONE,Vellalore
Hyderabad,Kukatpally,ZONE,Chanda Nagar
Kanpur,Chunniganj,ZONE,Permat
Kanpur,Kidwai Nagar,ZONE,Anand Nagar
North 24 Parganas,North 24 Parganas,ZONE,Kuliagarh
Hyderabad,Afzal gunj,ZONE,Puranapool
Pune,Kothrud,ZONE,Navi Peth
Vadodara,Vasna Road,ZONE,Luna
Vadodara,Waghodia Road,ZONE,Chhani Rd
Kottayam,Kottayam,ZONE,Edappady
Kozhikode,Kozhikode,ZONE,Puthiyara
Thrissur,Thrissur,ZONE,Karikkad
Aurangabad,Aurangabad,ZONE,Naigavan
Nellore,Nellore,ZONE,Irakam
Kottayam,Kottayam,ZONE,Kizhathadiyur
Thrissur,Thrissur,ZONE,Vellani
Nashik,Mumbai Naka,ZONE,Trimurti Chowk
Warangal,Warangal,ZONE,Velair
Warangal,Warangal,ZONE,Malkapur
Warangal,Warangal,ZONE,Ameenabad
Tirunelveli,Tirunelveli,ZONE,Mangalapuram
Chittoor,Chittoor,ZONE,Venkatapuram
Tirunelveli,Tirunelveli,ZONE,Kanarpatti
Aurangabad (BH),Aurangabad (BH),ZONE,Haspura
Chennai,Chennai South East 2,ZONE,Gopalapuram
Erode,Erode,ZONE,Nasiyanur
Erode,Erode,ZONE,Pallagoundenpalayam
Erode,Erode,ZONE,Pattimaniakaranpalayam
Jakarta,Mangga Besar/Mangga Dua,ZONE,Tangki
Tangerang,Tangerang,ZONE,Kronjo
San Juan,San Juan Region,ZONE,Bagong Barrio East
North 24 Parganas,North 24 Parganas,ZONE,Sendanga
North 24 Parganas,North 24 Parganas,ZONE,Sethpur
Taguig,Taguig Region,ZONE,South Daang Hari
North 24 Parganas,North 24 Parganas,ZONE,Taki Market
Hyderabad,Sanath nagar,ZONE,Balanagar Township
Ernakulam,Kakkanad,ZONE,Airapuram
Kannur,Kannur,ZONE,Kacherikadavu
Thiruvananthapuram,Thiruvananthapuram,ZONE,Madavoor-pallickal
Nellore,Nellore,ZONE,Pidur
Thrissur,Thrissur,ZONE,Ponnore
Salem,Salem,ZONE,Thumbalpatti
Bangalore,JP Nagar,ZONE,JP Nagar 7 Phase
Agra,Delhi Gate,ZONE,Loha Mandi
Warangal,Warangal,ZONE,Reddipalem
Kozhikode,Kozhikode,ZONE,Chulur
Guwahati,Guwahati,ZONE,Fancy Bazar
Bhopal,Old Bhopal,ZONE,Nabibagh
Nellore,Nellore,ZONE,Podalakur
Aurangabad,Aurangabad,ZONE,Khandala
Coimbatore,Gandhipuram,ZONE,Rathinapuri
Guntur,Guntur,ZONE,Talarlapalle
Jakarta,Cengkareng/Penjaringan/Kalideres,ZONE,Pademangan Timur
Tangerang,Tangerang,ZONE,Pisangan Jaya
Kanpur,Kakadeo,ZONE,Geeta Nagar
Kolkata,Gariahat,ZONE,Garcha Road
Surat,Katragam,ZONE,Bhagal
Thiruvananthapuram,Thiruvananthapuram,ZONE,Paruthippara
Ludhiana,Ludhiana Zone 1,ZONE,AC Market
Mangalore,Mangalore,ZONE,Kakva
Mysore,Mysore,ZONE,Kothavalli
Mysore,Mysore,ZONE,Poonadahalli
Ernakulam,Kakkanad,ZONE,Chengamanad
Kannur,Kannur,ZONE,Vilakkode
North 24 Parganas,North 24 Parganas,ZONE,Kowgachi
Bangalore,Marathahalli,ZONE,B Narayanapura
Nellore,Nellore,ZONE,Chipinapi
Mysore,Mysore,ZONE,Harave
Kannur,Kannur,ZONE,Pappinisseri
Kottayam,Kottayam,ZONE,Venkurinji
Madurai,Madurai,ZONE,Varichiyur
Tangerang,Tangerang,ZONE,Gintung
Tangerang,Tangerang,ZONE,Cileles
North 24 Parganas,North 24 Parganas,ZONE,Malancha
Kottayam,Kottayam,ZONE,Kurianad
Thrissur,Thrissur,ZONE,Pallur
Nellore,Nellore,ZONE,Gudluruvaripalem
Mysore,Mysore,ZONE,Maduvinahalli
Ernakulam,Kakkanad,ZONE,Paingattoor
Tirunelveli,Tirunelveli,ZONE,Kadamboduvalvu
Bangalore,Yeshwantpur,ZONE,Dasarahalli
Warangal,Warangal,ZONE,Pathipak
Agra,Taj Ganj,ZONE,Balu Ganj
Allahabad,Allahabad,ZONE,Chiraon
Aurangabad (BH),Aurangabad (BH),ZONE,Chechari
Delhi,Civil lines,ZONE,Chawri Bazar
São Paulo,Santana,ZONE,Limão
Bilaspur,Bilaspur,ZONE,Puran
Bilaspur,Bilaspur,ZONE,Pakaria
Guntur,Guntur,ZONE,Bhavanamvaripalem
Guntur,Guntur,ZONE,Gopapuram
Guntur,Guntur,ZONE,Tubadu
Ernakulam,Tripunithura,ZONE,Kalloorkkad
Coimbatore,Race Course,ZONE,Coimbatore Fort
Erode,Erode,ZONE,Vellaraveli
Puducherry,Puducherry,ZONE,Heritage Town
Kolkata,Jadavpur,ZONE,Dhakuria
Pune,Kothrud,ZONE,Sangamvadi
Vadodara,Vasna Road,ZONE,Masar Road
Kannur,Kannur,ZONE,Vayalalam
Ernakulam,Kakkanad,ZONE,Perumbavoor
Mangalore,Mangalore,ZONE,Jeppoo
Kannur,Kannur,ZONE,Pachapoika
Karur,Karur,ZONE,Chinnakariyampatti
Karur,Karur,ZONE,Karur R.S.
Gurgaon,Manesar,ZONE,Gurgaon Sector 72
South Goa,South Goa,ZONE,Calem
Ahmedabad,Saraspur,ZONE,I E Bapunagar
Kannur,Kannur,ZONE,Thimiri-chepparapadava
Ranchi,Ranchi,ZONE,Murhu
Mysore,Mysore,ZONE,Ballenahalli
Faridabad,Faridabad,ZONE,Aurangabad
Ranchi,Ranchi,ZONE,Rania
Bhubaneswar,Bhubaneswar,ZONE,Panchagaon
Mysore,Mysore,ZONE,Chamundi Betta
Ernakulam,Panampilly Nagar,ZONE,Kannamali
Kannur,Kannur,ZONE,Mandur-kannur
Thiruvananthapuram,Thiruvananthapuram,ZONE,Nalanchira
Nellore,Nellore,ZONE,Periavaram
Tirunelveli,Tirunelveli,ZONE,Viravanallur
Warangal,Warangal,ZONE,Gangireni Gudem
Agra,Kamla Nagar,ZONE,Dayal Bagh
Chittoor,Chittoor,ZONE,Karani
Aurangabad (BH),Aurangabad (BH),ZONE,Indrar
Amritsar,Amritsar,ZONE,Chakkare Khan
Guntur,Guntur,ZONE,Alluru
Erode,Erode,ZONE,Achur
Erode,Erode,ZONE,Dharapuram Bazaar
Guntur,Guntur,ZONE,Sivapuram
Karur,Karur,ZONE,Servaikaranpatti
Jakarta,PuloGadung/Duren Sawit,ZONE,Pondok Bambu
Tangerang,Tangerang,ZONE,Gebang Raya
Kolkata,Santoshpur,ZONE,Mominpur
North 24 Parganas,North 24 Parganas,ZONE,Goaldaha
Pune,Bibvewadi,ZONE,Undri
Surat,Vesu,ZONE,Althan
Ludhiana,Ludhiana Zone 3,ZONE,Shivajinagar
Ranchi,Ranchi,ZONE,Birhu
Kannur,Kannur,ZONE,Payam
Kannur,Kannur,ZONE,Vayannur
Kottayam,Kottayam,ZONE,Arunapuram
Kottayam,Kottayam,ZONE,Kadanad Meenachil
Indore,Sapna Sangeeta,ZONE,Rajendra Nagar
Nellore,Nellore,ZONE,Mambathi
Puducherry,Puducherry,ZONE,Kijopur
Tirunelveli,Tirunelveli,ZONE,Melagaram
Delhi,Malviya nagar,ZONE,Deoli
Guntur,Guntur,ZONE,Chilumuru
Guntur,Guntur,ZONE,Andukuru
Madurai,Madurai,ZONE,T.Pudupatti
Tangerang,Tangerang,ZONE,Curug Sangerang
North 24 Parganas,North 24 Parganas,ZONE,Muktarpur
North 24 Parganas,North 24 Parganas,ZONE,Chekati
North 24 Parganas,North 24 Parganas,ZONE,Ranihati
Gurgaon,Badsharpur,ZONE,Gurgaon Sector 68
Delhi,Mehrauli,ZONE,Arjan Garh
Ahmedabad,Satellite,ZONE,Jodhpur Char Rasta
Mysore,Mysore,ZONE,Alaganchi
Kannur,Kannur,ZONE,Keecheri
Thiruvananthapuram,Thiruvananthapuram,ZONE,Hariharapuram
Salem,Salem,ZONE,C.N.Palayam
Bhopal,Central Bhopal,ZONE,Dak Bhawan
Aurangabad,Aurangabad,ZONE,Modha BK
East Khasi Hills,Shillong-East Khasi Hills,ZONE,Assam Rifles
East Khasi Hills,Shillong-East Khasi Hills,ZONE,Rilbong
Tirunelveli,Tirunelveli,ZONE,Sengulam
Tirunelveli,Tirunelveli,ZONE,Avaraikulam
Kozhikode,Kozhikode,ZONE,Kizhakkumuri
Thrissur,Thrissur,ZONE,Anandapuram
Agra,Delhi Gate,ZONE,Keetham
Allahabad,Allahabad,ZONE,Barasta Kalan
Dantewada,Dantewada,ZONE,Gadiras
Guntur,Guntur,ZONE,Mutukuru
Hooghly,Hooghly,ZONE,Tirol
Erode,Erode,ZONE,Nanjiampalayam
Erode,Erode,ZONE,Alathur
Chittoor,Chittoor,ZONE,Adavikothuru
Allahabad,Allahabad,ZONE,T S L
Chandigarh,Sector 20,ZONE,Sector 26
Chittoor,Chittoor,ZONE,Thirumalayapalli
Lucknow,Vikas Nagar,ZONE,Jankipuram sector 9
San Juan,San Juan Region,ZONE,Grace Park West
Kolkata,Santoshpur,ZONE,P.G.Reach
Delhi,Malviya nagar,ZONE,Sheikh Sarai
Makati,Makati Region,ZONE,Guadalupe Nuevo
Delhi,Dwarka,ZONE,Dwarka Sector 23
Erode,Erode,ZONE,Irugalur
Erode,Erode,ZONE,Kondayampalayam
Nellore,Nellore,ZONE,Ulavapalli
Madurai,Madurai,ZONE,Vellaripatti
Tangerang,Tangerang,ZONE,Suka Murni
Hooghly,Hooghly,ZONE,Dwarbasini
São Paulo,Lapa,ZONE,Lapa
Mohali,Mohali,ZONE,Sector- 81
Gurgaon,Manesar,ZONE,Gurgaon Sector 75
São Paulo,Jabaquara,ZONE,Vila Guarani (Z Sul)
São Paulo,Vila Mariana,ZONE,Vila Nova Conceição
Faridabad,Faridabad,ZONE,Asaoti
Ranchi,Ranchi,ZONE,Doranda
Mysore,Mysore,ZONE,Thondalu
Mangalore,Mangalore,ZONE,Someshwar Uchil
Nashik,Gangapur Road,ZONE,Sawarkar Nagar
Tirunelveli,Tirunelveli,ZONE,Pappagudi
Aurangabad (BH),Aurangabad (BH),ZONE,Baghour
Kottayam,Kottayam,ZONE,Palakkattumala
Nellore,Nellore,ZONE,Althurupadu
Tiruchirappalli,Tiruchirappalli,ZONE,Balasamudram
Lucknow,Indranagar,ZONE,Goila
Bilaspur,Bilaspur,ZONE,Kargikala
Amritsar,Amritsar,ZONE,Rajoke
Lucknow,Hazratganj,ZONE,Khushalganj
Bangalore,HSR Layout,ZONE,Sarjapur Road
Agra,Kamla Nagar,ZONE,Belan Ganj
Allahabad,Allahabad,ZONE,Khajuri
Chittoor,Chittoor,ZONE,Puttur
Nellore,Nellore,ZONE,Annavaram
Madurai,Madurai,ZONE,Usilampatti East
Hooghly,Hooghly,ZONE,Masat
North 24 Parganas,North 24 Parganas,ZONE,Korarbagan
Bilaspur,Bilaspur,ZONE,Kudkai
North Goa,North Goa,ZONE,Sem Saligao
Guntur,Guntur,ZONE,Nutakki
Hyderabad,Nallakunta,ZONE,Shivam Road
Ahmedabad,Maninagar,ZONE,Maninagar
Karur,Karur,ZONE,Vadaseri
Vijayawada,Suryaraopet,ZONE,Moghalrajpuram
Puducherry,Puducherry,ZONE,Ambedkar Nagar
Kolkata,Bhowanipore,ZONE,Kolkata Mint
Mumbai,Bandra,ZONE,Bandra East
Delhi,Shahdara,ZONE,Shiv Puri
Delhi,Cannought place,ZONE,Sunder Nagar
Hooghly,Hooghly,ZONE,Pandugram
Ranchi,Ranchi,ZONE,Doreya
Ranchi,Ranchi,ZONE,Humta
Ernakulam,Kakkanad,ZONE,Nanthiattukunnam
Kannur,Kannur,ZONE,Uliyil
Thiruvananthapuram,Thiruvananthapuram,ZONE,Keezhattingal
Thrissur,Thrissur,ZONE,Nattikabeach
Visakhapatnam,Gajuwaka,ZONE,Aganampudi
Visakhapatnam,Gajuwaka,ZONE,Pedagantyada
Warangal,Warangal,ZONE,Rebarthy
Allahabad,Allahabad,ZONE,Bedauli
Thrissur,Thrissur,ZONE,Erayamkudi
Nellore,Nellore,ZONE,Yellapalem
Chittoor,Chittoor,ZONE,Kapilateertham Road
Guwahati,Guwahati,ZONE,Guwahati University
Guwahati,Guwahati,ZONE,Uzanbazar
Lucknow,Aliganj,ZONE,32 Bn. Pac
Meerut,Sadar Bazaar,ZONE,Modipuram
Delhi,Dwarka,ZONE,Mahavir Enclave
Hooghly,Hooghly,ZONE,Madhabpur
Guntur,Guntur,ZONE,Gudipudi
Chennai,Chennai South West 2,ZONE,Guduvanchery
Karur,Karur,ZONE,Kuppachipalayam
Madurai,Madurai,ZONE,Pathinettangudi
North 24 Parganas,North 24 Parganas,ZONE,Bangaon
Anantapur,Anantapur,ZONE,Srinagar Colony
Faridabad,Faridabad,ZONE,Sector 78
Gurgaon,Manesar,ZONE,Gurgaon Sector 77
South Goa,South Goa,ZONE,Guirdolim PSSK
South Goa,South Goa,ZONE,Vanelim
Ahmedabad,Maninagar,ZONE,Calico Mills
Hooghly,Hooghly,ZONE,Selampur
Guntur,Guntur,ZONE,Pedakurapadu
Guntur,Guntur,ZONE,Revendrapadu
Hooghly,Hooghly,ZONE,Baharkuli
Jaipur,Jhotwara,ZONE,C.P.M.G
Bangalore,JP Nagar,ZONE,Arekere
North 24 Parganas,North 24 Parganas,ZONE,Madhyamgram
Delhi,Rohini,ZONE,Rohini Sector 26
Vadodara,Alkapuri,ZONE,Subhanpura
Kanpur,Kakadeo,ZONE,Kakadeo
Salem,Salem,ZONE,Thedavur
Bhubaneswar,Bhubaneswar,ZONE,Aerodrome Area
Ernakulam,Kakkanad,ZONE,Cochin Special Economic Zone
Ernakulam,Tripunithura,ZONE,Poonithura
Mysore,Mysore,ZONE,Nilasoge
Ernakulam,Kakkanad,ZONE,Kochi Airport
Kottayam,Kottayam,ZONE,Perumthuruth
Kozhikode,Kozhikode,ZONE,Muttungal
Kozhikode,Kozhikode,ZONE,Vanimal
Aurangabad,Aurangabad,ZONE,Nagad
Warangal,Warangal,ZONE,Yellamula
Tirunelveli,Tirunelveli,ZONE,Tirunelveli Pettai
Bilaspur,Bilaspur,ZONE,Sadhwani
Dantewada,Dantewada,ZONE,Aranpur
Amritsar,Amritsar,ZONE,Gaggomahal
Guntur,Guntur,ZONE,Chinapulivarru
Amritsar,Amritsar,ZONE,Gharinda
Ludhiana,Ludhiana Zone 3,ZONE,Guru Arjan Dev Nagar
Coimbatore,Singanallur,ZONE,Cherannagar
Madurai,Madurai,ZONE,Anaiyur
Kolkata,Park street,ZONE,Esplanade
North 24 Parganas,North 24 Parganas,ZONE,Habra Prafulla Nagar
North 24 Parganas,North 24 Parganas,ZONE,Jagannathpur
Las Pinas,Las Pinas Region,ZONE,Sucat
Mumbai,Mulund,ZONE,Mulund East
Mumbai,Andheri east,ZONE,Sakinaka
Pune,Vishrantwadi,ZONE,BT Kawade Road
Vadodara,Waghodia Road,ZONE,Manglej
Vadodara,Waghodia Road,ZONE,Fateganj
Mangalore,Mangalore,ZONE,Panjinadka
Kottayam,Kottayam,ZONE,Idiyanal
Kozhikode,Kozhikode,ZONE,Puduppadi
Thiruvananthapuram,Thiruvananthapuram,ZONE,Kandala
Thrissur,Thrissur,ZONE,Kumaranellur TC
Tirunelveli,Tirunelveli,ZONE,Puliyangudi
Allahabad,Allahabad,ZONE,Pachdeora
Aurangabad (BH),Aurangabad (BH),ZONE,Munjhar
Chittoor,Chittoor,ZONE,Krishnadasanapalle
Lucknow,Ashiyana,ZONE,Ain
Aurangabad (BH),Aurangabad (BH),ZONE,K P Tendua
Amritsar,Amritsar,ZONE,Butari
Hooghly,Hooghly,ZONE,Champdani
Aurangabad,Aurangabad,ZONE,Balanagar
Aurangabad,Aurangabad,ZONE,Katpur
Aurangabad,Aurangabad,ZONE,Takali Ambad
Aurangabad,Aurangabad,ZONE,Jategaon
Visakhapatnam,Gajuwaka,ZONE,Nadupuru
Kozhikode,Kozhikode,ZONE,Nit Campus Po.Kozhikode
Nellore,Nellore,ZONE,Peramana
Aurangabad,Aurangabad,ZONE,Adgaon BK
Nagpur,Sadar,ZONE,Jaripatka
Thiruvananthapuram,Thiruvananthapuram,ZONE,Venpakal
Nagpur,Wardhaman Nagar,ZONE,Mahal
Chittoor,Chittoor,ZONE,Malepadu
Kozhikode,Kozhikode,ZONE,Chembu Kadavu
Kozhikode,Kozhikode,ZONE,Kakkoti
Bhubaneswar,Bhubaneswar,ZONE,Sisupalgarh
Tirunelveli,Tirunelveli,ZONE,Vellanaikottai
Tirunelveli,Tirunelveli,ZONE,Kadayanallur Bazar
Chittoor,Chittoor,ZONE,Thalambedu
Allahabad,Allahabad,ZONE,Shringverpur
Allahabad,Allahabad,ZONE,Lokmanpur
Allahabad,Allahabad,ZONE,Bamaila
Lucknow,Hazratganj,ZONE,Amberganj
Bilaspur,Bilaspur,ZONE,Salheghori
Warangal,Warangal,ZONE,Ippaguda
Tirunelveli,Tirunelveli,ZONE,Papanasam Upper Dam
Chittoor,Chittoor,ZONE,Settivanatham
Bhopal,South Bhopal,ZONE,Makhanlal Chatorevidi Rashtriya Patra Karita
Aurangabad,Aurangabad,ZONE,Nalegaon
Tiruchirappalli,Tiruchirappalli,ZONE,Vandalaigudalur
Delhi,Shastri nagar,ZONE,Keshav Puram
Delhi,Greater kailash,ZONE,Panchsheel Enclave
Guntur,Guntur,ZONE,Konuru
Lucknow,Aliganj,ZONE,M N Colony
Hooghly,Hooghly,ZONE,Naldanga
Tiruchirappalli,Tiruchirappalli,ZONE,Kurichi
Tangerang,Tangerang,ZONE,Teluk Naga
Bilaspur,Bilaspur,ZONE,Darrighat
Bilaspur,Bilaspur,ZONE,Tikari
Kakinada,Kakinada,ZONE,Seela
Guntur,Guntur,ZONE,Mukkamala
Hooghly,Hooghly,ZONE,Chaulpatty
Erode,Erode,ZONE,Mulapalayam
Karur,Karur,ZONE,Kaniyalampatti
Hooghly,Hooghly,ZONE,Manicktala Bazar
North 24 Parganas,North 24 Parganas,ZONE,Chowhata
North 24 Parganas,North 24 Parganas,ZONE,Jyangra
North 24 Parganas,North 24 Parganas,ZONE,Sakdah Jadabpur
Gurgaon,Manesar,ZONE,Gurgaon Sector 102
Chittoor,Chittoor,ZONE,Kotakadapalle
Warangal,Warangal,ZONE,Narmetta
Guwahati,Guwahati,ZONE,Kahilipara
Guwahati,Guwahati,ZONE,Kamakhya
Navi Mumbai,JNPT,ZONE,Kegaon
Nellore,Nellore,ZONE,Velpulagunta
Aurangabad,Aurangabad,ZONE,Itkheda
North 24 Parganas,North 24 Parganas,ZONE,Chaita
Delhi,Karol bagh,ZONE,Ranjit Nagar
Chittoor,Chittoor,ZONE,Kanipakam
Chandigarh,Sector 36,ZONE,Sector 46
Bilaspur,Bilaspur,ZONE,Juna Bilaspur
Chittoor,Chittoor,ZONE,Chilamathur
Hyderabad,Hitech city,ZONE,Manikonda
Hyderabad,Trimulgherry,ZONE,Safilguda
Ahmedabad,Naranpura,ZONE,Chandkheda
Ranchi,Ranchi,ZONE,Deogaon
Ranchi,Ranchi,ZONE,Paharkandaria
Mangalore,Mangalore,ZONE,Ashwathapura
Mysore,Mysore,ZONE,Nagawala
Aurangabad,Aurangabad,ZONE,Bodhegaon Kh
Visakhapatnam,MVP,ZONE,Andhra University
Visakhapatnam,MVP,ZONE,L B Colony
Visakhapatnam,MVP,ZONE,Porlupalem
Warangal,Warangal,ZONE,Waddicherla Nawabpet
Tirunelveli,Tirunelveli,ZONE,Duraikudiyiruppu
Agra,Taj Ganj,ZONE,Sultan Pura
Agra,Delhi Gate,ZONE,Panwari
Bhopal,East Bhopal,ZONE,Piplani
Tiruchirappalli,Tiruchirappalli,ZONE,Lalgudi
Warangal,Warangal,ZONE,Kompalli
Amritsar,Amritsar,ZONE,Majith Mandi
Guntur,Guntur,ZONE,Tangeda
Warangal,Warangal,ZONE,Ramakistapur
Tirunelveli,Tirunelveli,ZONE,Ayyaneri
Amritsar,Amritsar,ZONE,Kacha Pacca
Chittoor,Chittoor,ZONE,Pallam
Guntur,Guntur,ZONE,Kopparru
South Goa,South Goa,ZONE,Cola
Hooghly,Hooghly,ZONE,Hatbasantapur
Guntur,Guntur,ZONE,Tummala
Guntur,Guntur,ZONE,Vullipalem
Jaipur,Raja Park,ZONE,Rajasthan University
Guntur,Guntur,ZONE,Rompicherla
Karur,Karur,ZONE,Ariyur
Kolkata,Central,ZONE,Simla
Delhi,Rohini,ZONE,Rohini Sector 9
Madurai,Madurai,ZONE,Alampatti
Thrissur,Thrissur,ZONE,Eranellur
Tiruchirappalli,Tiruchirappalli,ZONE,Pannipatti
Tiruchirappalli,Tiruchirappalli,ZONE,Porathakudi
Warangal,Warangal,ZONE,Rampur
North 24 Parganas,North 24 Parganas,ZONE,Berbari
Faridabad,Faridabad,ZONE,Sector 18A
Faridabad,Faridabad,ZONE,Kot
Faridabad,Faridabad,ZONE,Banswa
Ranchi,Ranchi,ZONE,Pali
Ranchi,Ranchi,ZONE,Brambe
Chittoor,Chittoor,ZONE,Nernipalle
Lucknow,Ashiyana,ZONE,Harauni
Kakinada,Kakinada,ZONE,Panasapadu
Guntur,Guntur,ZONE,Madipadu
Delhi,Chanakyapuri,ZONE,Netaji Nagar
Thiruvananthapuram,Thiruvananthapuram,ZONE,Vanchiyur-attingal
Thrissur,Thrissur,ZONE,Madu
Thrissur,Thrissur,ZONE,Pathiyarkulangara
Nellore,Nellore,ZONE,Kotambedu
Salem,Salem,ZONE,S.Attayampatti
Salem,Salem,ZONE,Sarkar Kollapatti
Salem,Salem,ZONE,Kaveripatti
Aurangabad,Aurangabad,ZONE,Amthana
Tiruchirappalli,Tiruchirappalli,ZONE,Odayalampudur
Kannur,Kannur,ZONE,Kakkara
Thrissur,Thrissur,ZONE,Nadavaramba
Warangal,Warangal,ZONE,Chennaraopet
Mysore,Mysore,ZONE,Krishnapura
Ernakulam,Panampilly Nagar,ZONE,Shanmugham Road
Tiruchirappalli,Tiruchirappalli,ZONE,Kattanampatti
Tiruchirappalli,Tiruchirappalli,ZONE,Manalodai
Bhubaneswar,Bhubaneswar,ZONE,Kantabad
Amritsar,Amritsar,ZONE,Makowal
Jaipur,Raja Park,ZONE,Amer Clark Hotel
South Goa,South Goa,ZONE,Nirankal
Guntur,Guntur,ZONE,Gorlavaripalem
Warangal,Warangal,ZONE,Tadla Ookal
Madurai,Madurai,ZONE,Kilakuyilkudi
Indore,Palasia,ZONE,Indore GPO
Delhi,Patparganj,ZONE,Kondli
Gurgaon,Sector43,ZONE,Gurgaon Sector 52
Chittoor,Chittoor,ZONE,Talarivettu
Jakarta,Kebon Jeruk/Tomang/Slipi,ZONE,Kota Bambu Selatan
Warangal,Warangal,ZONE,Pegadapalli
Warangal,Warangal,ZONE,Ashalapalli
Guntur,Guntur,ZONE,Godavarru
North Goa,North Goa,ZONE,Ucassiam
Erode,Erode,ZONE,Thoranavavi
Hyderabad,Nallakunta,ZONE,Narayanguda
Erode,Erode,ZONE,Mudalipalayam
Allahabad,Allahabad,ZONE,Rani Mandi
Delhi,Patparganj,ZONE,IP Extension
Hooghly,Hooghly,ZONE,Goghat.
North Goa,North Goa,ZONE,Nagargaon
Kottayam,Kottayam,ZONE,Idamattom
Kottayam,Kottayam,ZONE,Palai
Kozhikode,Kozhikode,ZONE,Puthiya Nirathu
Aurangabad,Aurangabad,ZONE,Warzadi
Aurangabad,Aurangabad,ZONE,Kranti Chowk
Nellore,Nellore,ZONE,Mizur
Nellore,Nellore,ZONE,Togaramudi
Tiruchirappalli,Tiruchirappalli,ZONE,Venkatesapuram
Tirunelveli,Tirunelveli,ZONE,Ambalavanapuram
Tirunelveli,Tirunelveli,ZONE,Kottaitheru
Pune,Bibvewadi,ZONE,Bibvewadi
Warangal,Warangal,ZONE,Tatikonda
Warangal,Warangal,ZONE,Dabeerpet
Chittoor,Chittoor,ZONE,Mahasamudram
Chittoor,Chittoor,ZONE,Thumminda
Allahabad,Allahabad,ZONE,Udyog Nagar
Allahabad,Allahabad,ZONE,Mubarakpur
Lucknow,Hazratganj,ZONE,H C Bench
Bilaspur,Bilaspur,ZONE,Khudia
Rajahmundry,Rajahmundry,ZONE,Aryapuram
Thrissur,Thrissur,ZONE,Kodungallur
Thrissur,Thrissur,ZONE,Puranattukara
Visakhapatnam,Gajuwaka,ZONE,Balacheruvu
Warangal,Warangal,ZONE,Komatlagudem
Thiruvananthapuram,Thiruvananthapuram,ZONE,Mithirmala
Warangal,Warangal,ZONE,Timmapuram
Chittoor,Chittoor,ZONE,Gandrajupalle
Warangal,Warangal,ZONE,Burgumadla
Allahabad,Allahabad,ZONE,Shankargarh
Bilaspur,Bilaspur,ZONE,Nargoda
Delhi,Nehru place,ZONE,New Friends Colony
Amritsar,Amritsar,ZONE,Mallian
Mohali,Mohali,ZONE,Sector- 78
Tiruchirappalli,Tiruchirappalli,ZONE,Athigudi
Nashik,Mumbai Naka,ZONE,Govind Nagar
Tiruchirappalli,Tiruchirappalli,ZONE,Pudukottai
Thiruvananthapuram,Thiruvananthapuram,ZONE,Cheeranikkara
Tawang,Gispu,ZONE,Jang
Nellore,Nellore,ZONE,Polytechnic
Thane,Vasai,ZONE,Palghar
Chittoor,Chittoor,ZONE,Kothamarikuppam
Dantewada,Dantewada,ZONE,Kakadi
Dantewada,Dantewada,ZONE,Sameli
Allahabad,Allahabad,ZONE,Basna
Patna,Kankarbagh,ZONE,Lohia Nagar
Warangal,Warangal,ZONE,Pidicilla
Tirunelveli,Tirunelveli,ZONE,Alagapuri
Tirunelveli,Tirunelveli,ZONE,Reddiapatti
Amritsar,Amritsar,ZONE,Sarangdeo
Chittoor,Chittoor,ZONE,Nagari
Kanpur,Kakadeo,ZONE,Bithoor
Mohali,Mohali,ZONE,Daun Majra
South Goa,South Goa,ZONE,Sada
Delhi,Malviya nagar,ZONE,Shivalik
Kottayam,Kottayam,ZONE,Areeparampu
Thiruvananthapuram,Thiruvananthapuram,ZONE,Beemapally
Aurangabad,Aurangabad,ZONE,Bodkha
Madurai,Madurai,ZONE,Vadivelkarai
Chittoor,Chittoor,ZONE,Gundrajukuppam
Aurangabad (BH),Aurangabad (BH),ZONE,Jhomardihra
Chittoor,Chittoor,ZONE,Manchuru
Lucknow,Aliganj,ZONE,Paharpur
Meerut,Sadar Bazaar,ZONE,Malyana
Chittoor,Chittoor,ZONE,Erramaraju Palle
Kakinada,Kakinada,ZONE,Aryavatam
Nellore,Nellore,ZONE,Allimadugu
Madurai,Madurai,ZONE,Kodikulam
Ernakulam,Kakkanad,ZONE,Vilangu
Kottayam,Kottayam,ZONE,Chennakunnu
Kottayam,Kottayam,ZONE,Inchiyani
North 24 Parganas,North 24 Parganas,ZONE,Naya Basti
Quezon City,Quezon Region,ZONE,Roxas District
Chennai,Chennai Central East,ZONE,Kovur
Kottayam,Kottayam,ZONE,Kozha
Kozhikode,Kozhikode,ZONE,Muttungal West
East Khasi Hills,Shillong-East Khasi Hills,ZONE,Bholaganj Bazar
Tirunelveli,Tirunelveli,ZONE,Sattupathu
Chittoor,Chittoor,ZONE,Ollur
Thiruvananthapuram,Thiruvananthapuram,ZONE,Manambur
Thiruvananthapuram,Thiruvananthapuram,ZONE,Koduvazhannur
Nellore,Nellore,ZONE,Kudithipalem
Visakhapatnam,Gajuwaka,ZONE,Gullepalli
Salem,Salem,ZONE,Kurichi
Aurangabad (BH),Aurangabad (BH),ZONE,Ankora R.S.
Guntur,Guntur,ZONE,Appikatla
Guntur,Guntur,ZONE,Vellaluru
Erode,Erode,ZONE,Perumugaipudur
Nellore,Nellore,ZONE,Chellayapalem
Guntur,Guntur,ZONE,Vaddemukkala
Singapore,Bukit Batok,ZONE,Bukit Panjang
Tangerang,Tangerang,ZONE,Curug Wetan
Rajahmundry,Rajahmundry,ZONE,Tyagaraja Nagar
Faridabad,Faridabad,ZONE,Sector 22
Singapore,Little India,ZONE,Balestier
Singapore,Jurong East,ZONE,Boon Lay
Tirunelveli,Tirunelveli,ZONE,Manonmaniam Sundaranar Univers
Chittoor,Chittoor,ZONE,Budithavedu
Chittoor,Chittoor,ZONE,Sadasiva Sankarapuram
Guntur,Guntur,ZONE,Mutluru
Lucknow,Ashiyana,ZONE,Kakrabad
Bangalore,Whitefield,ZONE,Hoodi
Ranchi,Ranchi,ZONE,Barsa
North Goa,North Goa,ZONE,Oxel
Erode,Erode,ZONE,Peria Agraharam
Guntur,Guntur,ZONE,Nadigaddapalem
Nellore,Nellore,ZONE,Kadivedu
Meerut,Shastri Nagar,ZONE,Nauchandi
North 24 Parganas,North 24 Parganas,ZONE,Chowbhanga
Hyderabad,Langer house,ZONE,Karwan
Ahmedabad,Saraspur,ZONE,Odhav Industrial Estate
Ahmedabad,Satellite,ZONE,Vejalpur
Ranchi,Ranchi,ZONE,Barda
Tangerang,Tangerang,ZONE,Karet
San Juan,San Juan Region,ZONE,Wack-Wack Greenhills
Delhi,Shahdara,ZONE,Ambedkar Nagar
Mysore,Mysore,ZONE,Hosur
Mysore,Mysore,ZONE,Tippur
Kannur,Kannur,ZONE,Mathamangalam
Karur,Karur,ZONE,Thoranakkalpatti
Karur,Karur,ZONE,Kuppureddipatti
Gurgaon,Sector10,ZONE,Gurgaon Sector 11
San Juan,San Juan Region,ZONE,Dagat-Dagatan
Warangal,Warangal,ZONE,Zaffargadh
Allahabad,Allahabad,ZONE,Mailahan
Kozhikode,Kozhikode,ZONE,Calicut Medical College
Thiruvananthapuram,Thiruvananthapuram,ZONE,Punalal
Kozhikode,Kozhikode,ZONE,Purameri
Aurangabad,Aurangabad,ZONE,Turkabad
Tiruchirappalli,Tiruchirappalli,ZONE,Thandalaiputhur
Pune,Pimpri chinchwad,ZONE,Pimpri Waghire
Pune,Kothrud,ZONE,Pashan
Agra,Delhi Gate,ZONE,Civil Line
Aurangabad (BH),Aurangabad (BH),ZONE,Tandwa
Chittoor,Chittoor,ZONE,Udamalakudithi
Guntur,Guntur,ZONE,Emmajigudem
Hooghly,Hooghly,ZONE,Chinsurah Court
Hyderabad,Hitech city,ZONE,Kondapur
Madurai,Madurai,ZONE,Jaihindpuram
Madurai,Madurai,ZONE,Kinnimangalam
Madurai,Madurai,ZONE,Tettur
Kolkata,Dum dum,ZONE,Mall Road
North 24 Parganas,North 24 Parganas,ZONE,Gokulpur
San Juan,San Juan Region,ZONE,Plainview
Mumbai,Mulund,ZONE,Bhandup East
Kottayam,Kottayam,ZONE,Paduva
Hyderabad,Kukatpally,ZONE,Patancheru
Jaipur,Durgapura,ZONE,Dainik Bhaskar
Jaipur,C Scheme,ZONE,Legislative Assembly
Erode,Erode,ZONE,Kodumudi
Guntur,Guntur,ZONE,Pakalapadu
Madurai,Madurai,ZONE,Suragundu
Madurai,Madurai,ZONE,Vanjinagaram
North 24 Parganas,North 24 Parganas,ZONE,Akrampur
North 24 Parganas,North 24 Parganas,ZONE,Mominpur
South Goa,South Goa,ZONE,Curtorim
Faridabad,Faridabad,ZONE,Escort Plant I & II
Hooghly,Hooghly,ZONE,Sandeswartala J.C.
Hooghly,Hooghly,ZONE,Karicharbheri
Madurai,Madurai,ZONE,Karumathur
Indore,Sapna Sangeeta,ZONE,Indra Puri Colony
Kolkata,Bhowanipore,ZONE,K.M.Hospital
North 24 Parganas,North 24 Parganas,ZONE,Helencha Colony
North 24 Parganas,North 24 Parganas,ZONE,Hingli
Quezon City,Quezon Region,ZONE,Santo Cristo
Quezon City,Quezon Region,ZONE,Greater Lagro
Pune,Kothrud,ZONE,JM Road
Ernakulam,Tripunithura,ZONE,Kalampoor
Nagpur,Sadar,ZONE,Prem Nagar
Hooghly,Hooghly,ZONE,Mahisgot
Erode,Erode,ZONE,Karukkampalayam
Karur,Karur,ZONE,Paramathi
Nellore,Nellore,ZONE,Rebala
Madurai,Madurai,ZONE,Thonthilingapuram
Mysore,Mysore,ZONE,Haradur
Ernakulam,Tripunithura,ZONE,Vazhakulam
Ernakulam,Kakkanad,ZONE,Varapuzha
North 24 Parganas,North 24 Parganas,ZONE,Monipur
Jamshedpur,Jamshedpur,ZONE,Jugsalai
North 24 Parganas,North 24 Parganas,ZONE,Parpatna
North 24 Parganas,North 24 Parganas,ZONE,Pithapukuria
Delhi,Vasant kunj,ZONE,Mahipalpur
Mohali,Mohali,ZONE,Chudiala Sudan
Mohali,Mohali,ZONE,Mauli Baidwan
Jaipur,Vaishali Nagar,ZONE,Teja Ka Bas
Faridabad,Faridabad,ZONE,Nepko
Ranchi,Ranchi,ZONE,Hindpiri
Mysore,Mysore,ZONE,Rathnapuri Colony
Nellore,Nellore,ZONE,Thippavarappadu
Nellore,Nellore,ZONE,Kavali Yadavalli
Ghaziabad,Indirapuram,ZONE,Pratap Vihar
Kannur,Kannur,ZONE,Kanhirangad
Kannur,Kannur,ZONE,Kudiyanmala
Bhopal,Old Bhopal,ZONE,Nishatpura
Bhopal,Old Bhopal,ZONE,Railway Recruitment Board
Nellore,Nellore,ZONE,Navalakh Gardens
Chittoor,Chittoor,ZONE,Rajagopalapuram
Dantewada,Dantewada,ZONE,Guphadi
Bhubaneswar,Bhubaneswar,ZONE,Dandichhatabar
Bhubaneswar,Bhubaneswar,ZONE,Kalyanpur Sasan
Madurai,Madurai,ZONE,Shanthi Nagar
Las Pinas,Las Pinas Region,ZONE,Poblacion
Bilaspur,Bilaspur,ZONE,Umariyadadar
Chittoor,Chittoor,ZONE,Kavetigaripalle
Chittoor,Chittoor,ZONE,S.V.R.Pet
Jaipur,C Scheme,ZONE,Ramnagar
North 24 Parganas,North 24 Parganas,ZONE,Majhipara
Delhi,Dwarka,ZONE,Dwarka Sector 6
Navi Mumbai,Nerul,ZONE,Kalamboli
Gurgaon,Sohna,ZONE,Indir Mewat
Ranchi,Ranchi,ZONE,Dumangdiri
Mysore,Mysore,ZONE,Mysore University
Mysore,Mysore,ZONE,Naidunagar
Mangalore,Mangalore,ZONE,Harekala
Mysore,Mysore,ZONE,Kadakola
Salem,Salem,ZONE,Virudasampatti
Guntur,Guntur,ZONE,Undavalli
Guntur,Guntur,ZONE,Chavali
Jaipur,Vaishali Nagar,ZONE,Ajmer Road
Delhi,Shahdara,ZONE,Maujpur
Bhopal,South Bhopal,ZONE,Bagh Swaniya
Aurangabad,Aurangabad,ZONE,Indra Nagar
Hooghly,Hooghly,ZONE,Seakhala
Kolkata,Central,ZONE,Amrita Bazar Partika
Las Pinas,Las Pinas Region,ZONE,Zapote
Makati,Makati Region,ZONE,Magallanes
San Juan,San Juan Region,ZONE,St. Joseph
Taguig,Taguig Region,ZONE,Ligid–Tipas
Bangalore,Yelahanka,ZONE,Sathnur
Hyderabad,Nallakunta,ZONE,DD Colony
Navi Mumbai,Nerul,ZONE,Seawoods
Hooghly,Hooghly,ZONE,Manikpat
Cavite,Cavite,ZONE,Dasmarinas City
Mysore,Mysore,ZONE,Dharmapura
Mysore,Mysore,ZONE,Seehalli
Ernakulam,Panampilly Nagar,ZONE,Banerji Road
Kottayam,Kottayam,ZONE,Koruthode
Erode,Erode,ZONE,Hanumanthapuram
Erode,Erode,ZONE,Velappanaickenvalasu
Guntur,Guntur,ZONE,Chintalapudi
Kottayam,Kottayam,ZONE,Ayamkudy
Thrissur,Thrissur,ZONE,Kaiparamba
Aurangabad,Aurangabad,ZONE,Mehaboobkheda
Aurangabad,Aurangabad,ZONE,Nevargaon
Kolkata,Santoshpur,ZONE,Rajabagan
Mysore,Mysore,ZONE,Doddakamaravalli
Chittoor,Chittoor,ZONE,Jandla
Kannur,Kannur,ZONE,Chavasseri
Mumbai,Andheri west,ZONE,Amboli
Lucknow,Ashiyana,ZONE,Krishna Nagar
Bilaspur,Bilaspur,ZONE,Piparia
Amritsar,Amritsar,ZONE,Karyala
Lucknow,Ashiyana,ZONE,Topkhana Bazar
Guntur,Guntur,ZONE,Nekarikallu
Hooghly,Hooghly,ZONE,Lokabati
Madurai,Madurai,ZONE,Vikramangalam
Ernakulam,Kakkanad,ZONE,Mazhuvannoor South
Kannur,Kannur,ZONE,Parapram
Kolkata,Salt lake,ZONE,Hatkhola
Mumbai,Kurla,ZONE,Sion West
Mysore,Mysore,ZONE,Arenahalli
Ernakulam,Kakkanad,ZONE,Karumalloor
Nellore,Nellore,ZONE,Chinnathota
Madurai,Madurai,ZONE,Uthangudi
Agra,Kamla Nagar,ZONE,Nehru Nagar
North 24 Parganas,North 24 Parganas,ZONE,Pathsimulia
Singapore,City,ZONE,Harbourfront
Kottayam,Kottayam,ZONE,Nattakom
Kottayam,Kottayam,ZONE,Priyadarsini Hills
Jakarta,Kebon Jeruk/Tomang/Slipi,ZONE,Sukabumi Selatan
Jakarta,Kebon Jeruk/Tomang/Slipi,ZONE,Sukabumi Utara
Ranchi,Ranchi,ZONE,Chipra
Bhubaneswar,Bhubaneswar,ZONE,Raghuagorada
Mysore,Mysore,ZONE,Gujjegowdanapura
Thrissur,Thrissur,ZONE,Pampady East
Thrissur,Thrissur,ZONE,Panparappally
Thrissur,Thrissur,ZONE,Ayyanthole North
Nellore,Nellore,ZONE,Vidyanagar
Tiruchirappalli,Tiruchirappalli,ZONE,Alagarai
Warangal,Warangal,ZONE,Jangaon Bazar
Warangal,Warangal,ZONE,Sangem
Bilaspur,Bilaspur,ZONE,Kudri
Guntur,Guntur,ZONE,Vellatur
Madurai,Madurai,ZONE,Pasumalai
North 24 Parganas,North 24 Parganas,ZONE,Madarpur
Panchkula,Panchkula,ZONE,Sector 25
Ludhiana,Ludhiana Zone 1,ZONE,Thapar Nagar
North Goa,North Goa,ZONE,Pale
Kottayam,Kottayam,ZONE,Kadayanickad
Kottayam,Kottayam,ZONE,Plassanal
Kozhikode,Kozhikode,ZONE,Tali
Thiruvananthapuram,Thiruvananthapuram,ZONE,Pravachambalam
Thrissur,Thrissur,ZONE,Varandarappilly
Bhubaneswar,Bhubaneswar,ZONE,Utkal University
Aurangabad (BH),Aurangabad (BH),ZONE,Deo
Chittoor,Chittoor,ZONE,Palamakulapalle
Lucknow,Ashiyana,ZONE,Gurdwara
Amritsar,Amritsar,ZONE,Viring
Guntur,Guntur,ZONE,PWD Colony
Noida,Gejha,ZONE,Sector 128
Hooghly,Hooghly,ZONE,Furfura
Kolkata,Central,ZONE,Barabazar
Taguig,Taguig Region,ZONE,Bambang
Ahmedabad,Maninagar,ZONE,Shahpur
Puducherry,Puducherry,ZONE,Pooranankuppam
Ludhiana,Ludhiana Zone 3,ZONE,Urban Estate Phase II
Kozhikode,Kozhikode,ZONE,Unnikulam
Aurangabad,Aurangabad,ZONE,Shirodi
Warangal,Warangal,ZONE,Sadireddipalli
Nellore,Nellore,ZONE,Vedayapalem
Bhopal,South Bhopal,ZONE,Ratibad
Aurangabad,Aurangabad,ZONE,Gadhepimpalgaon
Warangal,Warangal,ZONE,Ladella
Allahabad,Allahabad,ZONE,Asrawey Kalan
Allahabad,Allahabad,ZONE,Bhogwara
Warangal,Warangal,ZONE,Vodagudem
Amritsar,Amritsar,ZONE,Kohala
Guwahati,Guwahati,ZONE,Japorigog
Allahabad,Allahabad,ZONE,G T B Nagar
Allahabad,Allahabad,ZONE,Khoonta
Allahabad,Allahabad,ZONE,Niralachowk
Guntur,Guntur,ZONE,Perikalapudi
Amritsar,Amritsar,ZONE,Kalsian Kalan
Erode,Erode,ZONE,Dalavoipalayam
Quezon City,Quezon Region,ZONE,Project 8
Kolkata,Salt lake,ZONE,Phulbagan
North 24 Parganas,North 24 Parganas,ZONE,Kalitala
Karur,Karur,ZONE,Periyamathiagudalur
Nellore,Nellore,ZONE,Tamminapatnam
North 24 Parganas,North 24 Parganas,ZONE,Beraberi
Bilaspur,Bilaspur,ZONE,Sipat
Navi Mumbai,Vashi,ZONE,Ghansoli
Mumbai,Parel,ZONE,Cotton Green
Quezon City,Quezon Region,ZONE,Payatas
Chennai,Chennai West,ZONE,Ambattur
Kanpur,Chunniganj,ZONE,Birhana Road
South Goa,South Goa,ZONE,Assolda
Mysore,Mysore,ZONE,Guluvina Attiguppe
Salem,Salem,ZONE,Odiyathur
Delhi,Shastri nagar,ZONE,Roop Nagar
Kannur,Kannur,ZONE,Kandoth
Thrissur,Thrissur,ZONE,Choondal
Aurangabad,Aurangabad,ZONE,Saraswati Colony
Tirunelveli,Tirunelveli,ZONE,Kilankadu
Chittoor,Chittoor,ZONE,Vengalrajukuppam
Tirunelveli,Tirunelveli,ZONE,Ettankulam
Kozhikode,Kozhikode,ZONE,Balusseri
Aurangabad,Aurangabad,ZONE,Tapargaon
Nellore,Nellore,ZONE,Varini
Pune,Kothrud,ZONE,Nana Peth
Warangal,Warangal,ZONE,Kalvala
Chittoor,Chittoor,ZONE,Mallan R.S.
Lucknow,Hazratganj,ZONE,Aminabad Park
Rajahmundry,Rajahmundry,ZONE,Kolamuru
Rajahmundry,Rajahmundry,ZONE,Rajavolu
Amritsar,Amritsar,ZONE,Lohgarh
Nellore,Nellore,ZONE,Pallipadu
Jakarta,Setiabudi/Tebet/Kuningan,ZONE,Karet
Taguig,Taguig Region,ZONE,Western Bicutan
North 24 Parganas,North 24 Parganas,ZONE,Sandalia
Warangal,Warangal,ZONE,Narsapur
Bangalore,Yeshwantpur,ZONE,Nandini Layout
Chittoor,Chittoor,ZONE,Polakala
Chittoor,Chittoor,ZONE,Kalathur
Chittoor,Chittoor,ZONE,Pulikundram
Aurangabad (BH),Aurangabad (BH),ZONE,Dosma
Bilaspur,Bilaspur,ZONE,Lauda
Hooghly,Hooghly,ZONE,Kamarkundu
Guntur,Guntur,ZONE,Ilavaram
North Goa,North Goa,ZONE,Salem
Guntur,Guntur,ZONE,Lingamguntla Agraharam
Coimbatore,Singanallur,ZONE,Irugur
Hyderabad,Habsiguda,ZONE,Uppal
Madurai,Madurai,ZONE,Avanivapuram
Nellore,Nellore,ZONE,Kota
Lucknow,Gomtinagar,ZONE,Vikrant khand
Tangerang,Tangerang,ZONE,Buaran Bambu
Kolkata,Dum dum,ZONE,Kendriya Vihar
Surat,Varaccha,ZONE,Ambawadi
Ghaziabad,Raj Nagar,ZONE,Patel Nagar
Gurgaon,Sector10,ZONE,Budhera
Gurgaon,Sector10,ZONE,Gurgaon Village
North Goa,North Goa,ZONE,Aldona
Kannur,Kannur,ZONE,Melur-tly
Kozhikode,Kozhikode,ZONE,Tiruvangoor
Mysore,Mysore,ZONE,Kurihundi
Kannur,Kannur,ZONE,Thalassery Courts
Thrissur,Thrissur,ZONE,Vemmanad
Aurangabad,Aurangabad,ZONE,Gharegaon Ektuni
Visakhapatnam,MVP,ZONE,Pothinamallayapalem
East Khasi Hills,Shillong-East Khasi Hills,ZONE,Nongkrem
Allahabad,Allahabad,ZONE,Paranipur
Tirunelveli,Tirunelveli,ZONE,Umaithalaivanpatti
Chittoor,Chittoor,ZONE,Kotrakona
Chandigarh,Sector 20,ZONE,Sector 30
Kanpur,Kidwai Nagar,ZONE,Napier Road
Bilaspur,Bilaspur,ZONE,Cmd College Bilaspur
Hooghly,Hooghly,ZONE,Chiladangi
Hooghly,Hooghly,ZONE,Jasar
Meerut,Saket Ganganagar,ZONE,Mawana Tehsil
Mohali,Mohali,ZONE,Khizrabad West
South Goa,South Goa,ZONE,Marcela
Erode,Erode,ZONE,Kalbhavi
Karur,Karur,ZONE,Kathalapatti
Tangerang,Tangerang,ZONE,Gandasari
Nashik,Gangapur Road,ZONE,Ekdant Nagar
Quezon City,Quezon Region,ZONE,Commonwealth
Faridabad,Faridabad,ZONE,Sector-18
Hooghly,Hooghly,ZONE,Santoshpur
Hooghly,Hooghly,ZONE,Chunait
Guntur,Guntur,ZONE,Nudurupadu
Madurai,Madurai,ZONE,Vandiyur
North 24 Parganas,North 24 Parganas,ZONE,Kachua Swarupnagar
North 24 Parganas,North 24 Parganas,ZONE,Korakati
Ranchi,Ranchi,ZONE,Bamhani
Mysore,Mysore,ZONE,Beeramballi
Ernakulam,Kakkanad,ZONE,Angamaly
Kottayam,Kottayam,ZONE,Elamkadu
Kannur,Kannur,ZONE,Ottathai
Jakarta,Kebon Jeruk/Tomang/Slipi,ZONE,Kelapa Dua
Nellore,Nellore,ZONE,Telugugangaproject
Pune,Pimpri chinchwad,ZONE,Wakad
Nellore,Nellore,ZONE,Karaballavolu
Tiruchirappalli,Tiruchirappalli,ZONE,Uthamaseri
Tirunelveli,Tirunelveli,ZONE,Tana
Warangal,Warangal,ZONE,Mallampally
Aurangabad (BH),Aurangabad (BH),ZONE,Arthua
Bilaspur,Bilaspur,ZONE,Amarpur
Amritsar,Amritsar,ZONE,Ranian
Guntur,Guntur,ZONE,Amudalapalli
Ludhiana,Ludhiana Zone 2,ZONE,Aggar Nagar
Hyderabad,Kachiguda,ZONE,Barkatpura
Madurai,Madurai,ZONE,Palanganatham
Madurai,Madurai,ZONE,Ma Munichalai Road
Jakarta,Kelapa Gading,ZONE,Rawabadak Selatan
North 24 Parganas,North 24 Parganas,ZONE,Joypul
Ludhiana,Ludhiana Zone 1,ZONE,New Gagandeep colony
Hooghly,Hooghly,ZONE,Kumursha
Bhubaneswar,Bhubaneswar,ZONE,Sarakana
Nellore,Nellore,ZONE,Polireddipalem
Nellore,Nellore,ZONE,Idimepalli
Warangal,Warangal,ZONE,Janakipuram
Bhubaneswar,Bhubaneswar,ZONE,Saheed Nagar
Tirunelveli,Tirunelveli,ZONE,K Kailasapuram
Lucknow,Ashiyana,ZONE,Bhadrukh
Aurangabad (BH),Aurangabad (BH),ZONE,Dewaria Kala
Lucknow,Aliganj,ZONE,Ghaila
Amritsar,Amritsar,ZONE,Dall
Delhi,Mehrauli,ZONE,Sultanpur
Erode,Erode,ZONE,Pungambadi
Erode,Erode,ZONE,Punnam
Madurai,Madurai,ZONE,Poruppumettupatti
Lucknow,Hazratganj,ZONE,CSIR Colony
Aurangabad,Aurangabad,ZONE,Bhanudas Nagar
North 24 Parganas,North 24 Parganas,ZONE,Dakshin Bhebia
Ahmedabad,Saraspur,ZONE,N C Mills
Gurgaon,DLFPhaseI,ZONE,Chakkarpur
Mangalore,Mangalore,ZONE,Amblamogaru
Kozhikode,Kozhikode,ZONE,Tiruvode
Salem,Salem,ZONE,Akkammapettai
Visakhapatnam,Maharanipeta,ZONE,Maharani Peta
Warangal,Warangal,ZONE,Manchuppal
Kozhikode,Kozhikode,ZONE,Karuvanthuruthy
Thiruvananthapuram,Thiruvananthapuram,ZONE,Vattakarikkakom
Thrissur,Thrissur,ZONE,Kadukutty
Guwahati,Guwahati,ZONE,Ambari Fatasil
Bhopal,Old Bhopal,ZONE,Railway Coach Factory
Indore,Sapna Sangeeta,ZONE,Commissioner Central Excise Manik Bag Road
Chittoor,Chittoor,ZONE,Obireddipalle
Lucknow,Hazratganj,ZONE,Salehnagar
Mohali,Mohali,ZONE,Marauli Kalan
Mohali,Mohali,ZONE,Sakrulapur
Hooghly,Hooghly,ZONE,Chatosarsa
Chittoor,Chittoor,ZONE,Adilakshmambapuram
Erode,Erode,ZONE,Sivanmalai
Allahabad,Allahabad,ZONE,Subedarganj
Madurai,Madurai,ZONE,West Ponnagaram
Lucknow,Ashiyana,ZONE,Vrindavan yojana
Chittoor,Chittoor,ZONE,Tirupati Bazar
North 24 Parganas,North 24 Parganas,ZONE,Kapileswarpur
Chittoor,Chittoor,ZONE,Nagarimadugu
Dantewada,Dantewada,ZONE,Mehta
Bangalore,Whitefield,ZONE,Belathur
Jakarta,Kebon Jeruk/Tomang/Slipi,ZONE,Kembangan
Delhi,Patparganj,ZONE,Shakarpur
Kakinada,Kakinada,ZONE,Engg.College
Nashik,Nashik Road,ZONE,Ayodhya Nagar
Nashik,Mumbai Naka,ZONE,Kala nagar
Quezon City,Quezon Region,ZONE,Gintong Silahis
Singapore,Geylang,ZONE,Macpherson
South Goa,South Goa,ZONE,Avedem
Kannur,Kannur,ZONE,Edavaramba
Bhubaneswar,Bhubaneswar,ZONE,Rajbhawan
Kannur,Kannur,ZONE,Kovvapuram
Kannur,Kannur,ZONE,Malapattam
Kozhikode,Kozhikode,ZONE,Chenoli
Thiruvananthapuram,Thiruvananthapuram,ZONE,Kulathur
Thrissur,Thrissur,ZONE,Thalassery
Thrissur,Thrissur,ZONE,Chennaipara
Bangalore,Banashankari + RR Nagar,ZONE,Uttarahalli
Chittoor,Chittoor,ZONE,Nampalle
Chittoor,Chittoor,ZONE,Palamanda
Warangal,Warangal,ZONE,Chennapur
Lucknow,Hazratganj,ZONE,Nadwa
Guntur,Guntur,ZONE,Arumbaka
Amritsar,Amritsar,ZONE,Padhir Kalan
Mohali,Mohali,ZONE,Allahpur
Lucknow,Indranagar,ZONE,Kalyanpur
Bilaspur,Bilaspur,ZONE,Mungeli
Rajahmundry,Rajahmundry,ZONE,APHB Colony
Rajahmundry,Rajahmundry,ZONE,Bommuru
Amritsar,Amritsar,ZONE,Mari Kamboke
Delhi,Rohini,ZONE,Rohini
Nellore,Nellore,ZONE,Gopalapuram
Thrissur,Thrissur,ZONE,Poovanchira
Salem,Salem,ZONE,Sankaridrug RS
Aurangabad,Aurangabad,ZONE,Nathnagar North
Aurangabad,Aurangabad,ZONE,Hasnabad
Visakhapatnam,MVP,ZONE,Chintagatla
Warangal,Warangal,ZONE,Gagillapur
Warangal,Warangal,ZONE,Cathedrol Compound
Warangal,Warangal,ZONE,Nachenapalli
Chittoor,Chittoor,ZONE,Erraballe
Dantewada,Dantewada,ZONE,Kirandul
Warangal,Warangal,ZONE,Raghavapur
Allahabad,Allahabad,ZONE,Bemra
Allahabad,Allahabad,ZONE,Holagarh
Chittoor,Chittoor,ZONE,Pathapeta-kuppam
Lucknow,Hazratganj,ZONE,Hasnain Market
Tiruchirappalli,Tiruchirappalli,ZONE,Sirukalappur
Tiruchirappalli,Tiruchirappalli,ZONE,Nathamangudi
Indore,Vijaynagar,ZONE,Nanda Nagar
Aurangabad,Aurangabad,ZONE,Loni KH
Meerut,Sadar Bazaar,ZONE,Phitkari
Mohali,Mohali,ZONE,Burmajra
Kakinada,Kakinada,ZONE,Mehernagar
Kakinada,Kakinada,ZONE,Panduru
Kakinada,Kakinada,ZONE,Patavala
Nellore,Nellore,ZONE,Kakarlapadu
Madurai,Madurai,ZONE,Periyapoolampatti
Madurai,Madurai,ZONE,Vidathakulam
South Goa,South Goa,ZONE,Betora I.E.
Erode,Erode,ZONE,Ponnapuram
Nellore,Nellore,ZONE,Lakshmanaraopalli
Nellore,Nellore,ZONE,Bitragunta
Salem,Salem,ZONE,Periakadampatti
Salem,Salem,ZONE,Andipatti
Faridabad,Faridabad,ZONE,Sector 21A
North 24 Parganas,North 24 Parganas,ZONE,Debalaya
Taguig,Taguig Region,ZONE,Malinao
Tangerang,Tangerang,ZONE,Lemo
Guwahati,Guwahati,ZONE,Guwahati Airport
Mumbai,Andheri east,ZONE,Andheri Kurla Road
Delhi,Shastri nagar,ZONE,Pratap Nagar
Gurgaon,Badsharpur,ZONE,Gurgaon Sector 67
Ranchi,Ranchi,ZONE,Tatisilway
Chittoor,Chittoor,ZONE,Mudipalle
Nellore,Nellore,ZONE,Pidathapoluru
Amritsar,Amritsar,ZONE,Talwandi Dogran
Thrissur,Thrissur,ZONE,Killimangalam
Warangal,Warangal,ZONE,Narayanagiri
Tirunelveli,Tirunelveli,ZONE,Mettur
Lucknow,Ashiyana,ZONE,C B Lines
Delhi,Chanakyapuri,ZONE,Dhaula Kuan
Kozhikode,Kozhikode,ZONE,Karuvannur
Kozhikode,Kozhikode,ZONE,Kayanna Bazar
Kozhikode,Kozhikode,ZONE,Koyilandi
Thrissur,Thrissur,ZONE,Peringandur
Visakhapatnam,MVP,ZONE,Chintalapalem
Tirunelveli,Tirunelveli,ZONE,Tisayanvillai
Chittoor,Chittoor,ZONE,Malenatham
Bhopal,Old Bhopal,ZONE,Kamla Park
Salem,Salem,ZONE,Manjakuttai
Tiruchirappalli,Tiruchirappalli,ZONE,Esanakorai
Tiruchirappalli,Tiruchirappalli,ZONE,Periavarsili
Amritsar,Amritsar,ZONE,Khiala Kalan
Guntur,Guntur,ZONE,Dhulipudi
Warangal,Warangal,ZONE,Thimmarayanpahad
Erode,Erode,ZONE,Akkaraikodiveri
Nashik,Gangapur Road,ZONE,D'souza Colony
Meerut,Bacha Park,ZONE,W. K. Road
Ranchi,Ranchi,ZONE,Hindgir
Chittoor,Chittoor,ZONE,Royalpet
Kolkata,Park street,ZONE,Princep Street
Aurangabad (BH),Aurangabad (BH),ZONE,R S. Bigha
Chandigarh,Sector 20,ZONE,Sector 29
Ernakulam,Kakkanad,ZONE,Naduvattam
Kannur,Kannur,ZONE,Mundalur
Kannur,Kannur,ZONE,Kalliad
Thiruvananthapuram,Thiruvananthapuram,ZONE,Palachira
Thrissur,Thrissur,ZONE,Velappaya
Salem,Salem,ZONE,Tadampatti
Aurangabad,Aurangabad,ZONE,Borgaon Arj
Warangal,Warangal,ZONE,Kakkiralapalli
Thiruvananthapuram,Thiruvananthapuram,ZONE,Thalikuzhi
Patna,Raja Bazar,ZONE,Sri Krishnapuri
Bhopal,Central Bhopal,ZONE,"State Bank of India, Local Head Office"
Bhopal,Central Bhopal,ZONE,Tulsi Nagar
Dantewada,Dantewada,ZONE,Mokhpal
Dantewada,Dantewada,ZONE,Burdi
Amritsar,Amritsar,ZONE,Jamalpur
Thiruvananthapuram,Thiruvananthapuram,ZONE,Bharathannur
Thiruvananthapuram,Thiruvananthapuram,ZONE,TVM Engg College
Aurangabad,Aurangabad,ZONE,Khirdi
Bangalore,Banashankari + RR Nagar,ZONE,Chikkakallasandra
Bangalore,Yelahanka,ZONE,Jakkur
Warangal,Warangal,ZONE,Thirumalaipalli
Tirunelveli,Tirunelveli,ZONE,Seliyanallur
Lucknow,Hazratganj,ZONE,Sarai Mali Khan
Nellore,Nellore,ZONE,Kundakur
Kanpur,Kidwai Nagar,ZONE,Ratan Lal Nagar
Panchkula,Panchkula,ZONE,Sector- 24
Guwahati,Guwahati,ZONE,Saukuchi
Jaipur,Raja Park,ZONE,Dantri
Greater Noida,Greater Noida,ZONE,Greater Noida
Noida,Sector 18,ZONE,Sector 18
South Goa,South Goa,ZONE,Betora
Hooghly,Hooghly,ZONE,Singrapur
Erode,Erode,ZONE,Malamedu
Madurai,Madurai,ZONE,Tirumangalam South
Jakarta,Mangga Besar/Mangga Dua,ZONE,Pinangsia
Madurai,Madurai,ZONE,Thiruparankundram
Tangerang,Tangerang,ZONE,Rawa Kidang
Tangerang,Tangerang,ZONE,Pematang
Manila,Manila Region,ZONE,Quiapo
Amritsar,Amritsar,ZONE,Jagdev Kalan
Ranchi,Ranchi,ZONE,Childag
Mysore,Mysore,ZONE,Mysore Law Courts
Mysore,Mysore,ZONE,Varakodu
Amritsar,Amritsar,ZONE,Sohian Khurd
Karur,Karur,ZONE,Neidalur South
Madurai,Madurai,ZONE,Muduvarpatti
Jakarta,PuloGadung/Duren Sawit,ZONE,Kebon Manggis
South Goa,South Goa,ZONE,Thana
South Goa,South Goa,ZONE,Priol
Guntur,Guntur,ZONE,Peteru
Karur,Karur,ZONE,Chellandipatti
Guntur,Guntur,ZONE,Vayyakallu
Nellore,Nellore,ZONE,Vengannapalem
Madurai,Madurai,ZONE,Arasapatti
Tangerang,Tangerang,ZONE,Curug Kulon
North 24 Parganas,North 24 Parganas,ZONE,Barabankra
Quezon City,Quezon Region,ZONE,Nagkaisang Nayaon
Chennai,Chennai South East 1,ZONE,Kamaraj Nagar
Faridabad,Faridabad,ZONE,Banchari
São Paulo,Mooca,ZONE,Penha de França
Erode,Erode,ZONE,Selampalayam
Madurai,Madurai,ZONE,Palkalai Nagar
Delhi,Malviya nagar,ZONE,Katwaria Sarai
Vadodara,Raopura,ZONE,Ongc Col
Ranchi,Ranchi,ZONE,Upper Bazar
Hooghly,Hooghly,ZONE,Nangulpara
Ranchi,Ranchi,ZONE,Kakargarh
Ranchi,Ranchi,ZONE,Hendevelli
Kannur,Kannur,ZONE,Kuppam-taliparamba
Kannur,Kannur,ZONE,Manippara
Lucknow,Vikas Nagar,ZONE,Khurram Nagar
Kozhikode,Kozhikode,ZONE,Iringannur
Aurangabad,Aurangabad,ZONE,Sarola
Pune,Bibvewadi,ZONE,Wanowrie
Tirunelveli,Tirunelveli,ZONE,Elankulam
Chittoor,Chittoor,ZONE,Pallavolu
Aurangabad (BH),Aurangabad (BH),ZONE,Kapasya
Allahabad,Allahabad,ZONE,Khain
Bilaspur,Bilaspur,ZONE,Dashrangpur
Amritsar,Amritsar,ZONE,Amritsar Kty
Guntur,Guntur,ZONE,Ponugupadu
Hooghly,Hooghly,ZONE,Muidipur
North 24 Parganas,North 24 Parganas,ZONE,Halishahar
North 24 Parganas,North 24 Parganas,ZONE,Metal & Steel Factory
Chennai,Chennai West,ZONE,Thiruvallur
Mysore,Mysore,ZONE,Gargeshwari
Nashik,Gangapur Road,ZONE,Vilholi
Allahabad,Allahabad,ZONE,Masni Jagdishpur
Kozhikode,Kozhikode,ZONE,Thiruthiyad
Thrissur,Thrissur,ZONE,Vadama
Nellore,Nellore,ZONE,Karur
Tirunelveli,Tirunelveli,ZONE,Periyapillaivalasi
Bilaspur,Bilaspur,ZONE,Bhatchaura
Amritsar,Amritsar,ZONE,Bhure Nau
Karur,Karur,ZONE,Pasupathipalayam
Karur,Karur,ZONE,Mahadhanapuram
Nellore,Nellore,ZONE,Indukurpeta
Las Pinas,Las Pinas Region,ZONE,Talon Dos
North 24 Parganas,North 24 Parganas,ZONE,Sundarpur
Kolkata,Dum dum,ZONE,Teghoria
Jamshedpur,Jamshedpur,ZONE,"CMO, TMH, Bistupur"
Ranchi,Ranchi,ZONE,Jojohatu
Mysore,Mysore,ZONE,Mysore South
Kannur,Kannur,ZONE,Alacherry
Kozhikode,Kozhikode,ZONE,Paleri
Warangal,Warangal,ZONE,Velbelli
Bangalore,Hebbal + HBR layout,ZONE,Kammana Halli
Thiruvananthapuram,Thiruvananthapuram,ZONE,Thennur
Indore,Sapna Sangeeta,ZONE,Mendakwasa
Aurangabad,Aurangabad,ZONE,Wangi Khurd
Patna,Raja Bazar,ZONE,Naubatpur
Dantewada,Dantewada,ZONE,Nakulnar
Guntur,Guntur,ZONE,Gamalapadu
Amritsar,Amritsar,ZONE,Attari
Tiruchirappalli,Tiruchirappalli,ZONE,Erakudi
Jaipur,Durgapura,ZONE,Bajaj Nagar
Allahabad,Allahabad,ZONE,Ganja
Allahabad,Allahabad,ZONE,Karela Bagh
Madurai,Madurai,ZONE,Ettimangalam
Salem,Salem,ZONE,Seeliampatti
Salem,Salem,ZONE,Soolankurichi
Salem,Salem,ZONE,Yethapur
Lucknow,Vikas Nagar,ZONE,Jankipuram sector 1
Chandigarh,Sector 36,ZONE,Sector 62
Chandigarh,Sector 36,ZONE,Sector 71
Bilaspur,Bilaspur,ZONE,Girdhauna
Chittoor,Chittoor,ZONE,Lingamanaidupalle
Guntur,Guntur,ZONE,Bodapadu
Delhi,Model town,ZONE,Ashok Vihar Phase 4
Jakarta,PuloGadung/Duren Sawit,ZONE,Cakung
Visakhapatnam,MVP,ZONE,Lawsons Bay Colony
Guntur,Guntur,ZONE,Kannegantivaripalem
Erode,Erode,ZONE,Kuttipalayam
Madurai,Madurai,ZONE,Kurichipatti
Quezon City,Quezon Region,ZONE,Damayan
Quezon City,Quezon Region,ZONE,Kalusugan
Quezon City,Quezon Region,ZONE,Manresa
Quezon City,Quezon Region,ZONE,Saint Peter
North 24 Parganas,North 24 Parganas,ZONE,Phulboniabad
South Goa,South Goa,ZONE,Bati
Thiruvananthapuram,Thiruvananthapuram,ZONE,Murukumpuzhaa
Nellore,Nellore,ZONE,Venkatagiri Bazar
Tiruchirappalli,Tiruchirappalli,ZONE,Arasalur
Chittoor,Chittoor,ZONE,Pannur
Chittoor,Chittoor,ZONE,Parameswaramangalam
Bilaspur,Bilaspur,ZONE,Jareli
Bilaspur,Bilaspur,ZONE,Piparkhunti
Guntur,Guntur,ZONE,Khajipalem
North Goa,North Goa,ZONE,Sangolda
Lucknow,Hazratganj,ZONE,Kharsara
Coimbatore,Race Course,ZONE,Ramnagar
Guntur,Guntur,ZONE,Gudipadu
Amritsar,Amritsar,ZONE,Kot Budha
Kozhikode,Kozhikode,ZONE,Eravattur
Thiruvananthapuram,Thiruvananthapuram,ZONE,Koithurkonam
Thrissur,Thrissur,ZONE,Vatanapally Beach
Nellore,Nellore,ZONE,Thimmajikandriga
Visakhapatnam,Gajuwaka,ZONE,Subbavaram
Tiruchirappalli,Tiruchirappalli,ZONE,Golden Rock North
Thiruvananthapuram,Thiruvananthapuram,ZONE,Narimanmoodu
Indore,Palasia,ZONE,Radio Colony Indore
Aurangabad,Aurangabad,ZONE,Harsool
Nellore,Nellore,ZONE,Josephpet
Tiruchirappalli,Tiruchirappalli,ZONE,Firka Kilaiyur
Warangal,Warangal,ZONE,Chilkode
Tirunelveli,Tirunelveli,ZONE,Poolankulam
Tirunelveli,Tirunelveli,ZONE,Ambasamudram Pudukudi
Tirunelveli,Tirunelveli,ZONE,Karisalpatti
Kozhikode,Kozhikode,ZONE,Karasseri
Thrissur,Thrissur,ZONE,Khannanagar-koratti
Thrissur,Thrissur,ZONE,Kuzhikkattussery
Nellore,Nellore,ZONE,Gollakandukur
Chittoor,Chittoor,ZONE,Kadirirayacheruvu
Tiruchirappalli,Tiruchirappalli,ZONE,Thuvakudi
Jaipur,C Scheme,ZONE,Reserve Bank of India
Chennai,Chennai South East 2,ZONE,Mylapore
Guntur,Guntur,ZONE,Athota
Guntur,Guntur,ZONE,Kondramutla
Nellore,Nellore,ZONE,Thotlacheruvupalli
Madurai,Madurai,ZONE,Koppinaickanpatti
Erode,Erode,ZONE,Orathupalyaam
Tirunelveli,Tirunelveli,ZONE,Vallioor Perundunilayam
Warangal,Warangal,ZONE,Jakaram
Madurai,Madurai,ZONE,Keerathurai
Salem,Salem,ZONE,Olapadi
Jakarta,Mangga Besar/Mangga Dua,ZONE,Krukut
Salem,Salem,ZONE,Mukkanur
Tangerang,Tangerang,ZONE,Gerendeng
Lucknow,Aliganj,ZONE,Chandralok
Hooghly,Hooghly,ZONE,Nutangram
Kolkata,Jadavpur,ZONE,Baghajatin
Las Pinas,Las Pinas Region,ZONE,Barangay Ilaya
North 24 Parganas,North 24 Parganas,ZONE,Paltapara
San Juan,San Juan Region,ZONE,Little Baguio
Tangerang,Tangerang,ZONE,Mata Gara
North 24 Parganas,North 24 Parganas,ZONE,Khalisadi
Taguig,Taguig Region,ZONE,San Joaquin
Delhi,Mehrauli,ZONE,Dera Village
Ahmedabad,Saraspur,ZONE,Odhav
Delhi,South extension,ZONE,Neeti Bagh
Vadodara,Raopura,ZONE,Mandvi
Ernakulam,Kakkanad,ZONE,Thrikkariyoor
Ernakulam,Tripunithura,ZONE,Arakuzha
Kottayam,Kottayam,ZONE,Ezhacherry
Nellore,Nellore,ZONE,Jayapuram
Nellore,Nellore,ZONE,Pedur
Amritsar,Amritsar,ZONE,Mehma
Kozhikode,Kozhikode,ZONE,Kolathur
Thiruvananthapuram,Thiruvananthapuram,ZONE,Edava
Thrissur,Thrissur,ZONE,Vattekkad
Visakhapatnam,Gajuwaka,ZONE,Gandhimarket
Visakhapatnam,Maharanipeta,ZONE,Dabagardens
Tiruchirappalli,Tiruchirappalli,ZONE,P & T Colony
Tirunelveli,Tirunelveli,ZONE,V.M.Chatram
Bangalore,Jayanagar,ZONE,Jayanagar 2 Block
Warangal,Warangal,ZONE,Karimabad
Thrissur,Thrissur,ZONE,Methala
Thrissur,Thrissur,ZONE,Aripalam
Bhopal,South Bhopal,ZONE,Misrod
Tiruchirappalli,Tiruchirappalli,ZONE,Melaperungavur
Patna,Raja Bazar,ZONE,Rajapur Mainpura
Chittoor,Chittoor,ZONE,Thotambedu
Thane,Thane Central,ZONE,Gokhale Road
Bhubaneswar,Bhubaneswar,ZONE,Bhatpatna
Tirunelveli,Tirunelveli,ZONE,Kalappakulam
Madurai,Madurai,ZONE,Palamedu
Madurai,Madurai,ZONE,Town Hall Road
Delhi,Patparganj,ZONE,Mayur Vihar Ph-I
Guntur,Guntur,ZONE,Old Guntur
Allahabad,Allahabad,ZONE,Sonversa
Chittoor,Chittoor,ZONE,Jakkidona
Quezon City,Quezon Region,ZONE,Amihan
Chandigarh,Sector 20,ZONE,Sector-19
Mangalore,Mangalore,ZONE,Talapady
Bangalore,Jayanagar,ZONE,Jayanagar 8 Block
Warangal,Warangal,ZONE,K.M.College
Warangal,Warangal,ZONE,Urus Jagir
Allahabad,Allahabad,ZONE,Atrampur
Chittoor,Chittoor,ZONE,Mallela
Aurangabad,Aurangabad,ZONE,Sillod
Dantewada,Dantewada,ZONE,Kamaloor
Guntur,Guntur,ZONE,Edavalli
Lucknow,Ashiyana,ZONE,Bahrauli
Bhubaneswar,Bhubaneswar,ZONE,Banamalipur
Bhubaneswar,Bhubaneswar,ZONE,Padmapur
Kozhikode,Kozhikode,ZONE,Cheruvannur Meladi
Thiruvananthapuram,Thiruvananthapuram,ZONE,Mullur
Aurangabad,Aurangabad,ZONE,Singhi
Tirunelveli,Tirunelveli,ZONE,Sivagurunathapuram
Agra,Taj Ganj,ZONE,Hotal Clarkshiraj
Allahabad,Allahabad,ZONE,Dohariya
Amritsar,Amritsar,ZONE,Gumtala
Amritsar,Amritsar,ZONE,Guru Ram Dass Niwas
Madurai,Madurai,ZONE,Sathangudi
Lucknow,Aliganj,ZONE,Amaniganj
Amritsar,Amritsar,ZONE,Kotla Gujjran
Ranchi,Ranchi,ZONE,Irba
Ranchi,Ranchi,ZONE,"CPMG, Jharkhand Circle"
Allahabad,Allahabad,ZONE,Naganpur
Kanpur,Swaroop Nagar,ZONE,Employeement Exchange
Kanpur,Kidwai Nagar,ZONE,Shyam Nagar
Chittoor,Chittoor,ZONE,Pathiputtur
Amritsar,Amritsar,ZONE,Shahzada
Chittoor,Chittoor,ZONE,Mannavaram
Jaipur,Vidhyadhar Nagar,ZONE,Murlipura
Hooghly,Hooghly,ZONE,Dharasimul
Madurai,Madurai,ZONE,T.Kallupatti
North 24 Parganas,North 24 Parganas,ZONE,Chakpatli
Madurai,Madurai,ZONE,Sakkimangalam
North 24 Parganas,North 24 Parganas,ZONE,Khulna
North 24 Parganas,North 24 Parganas,ZONE,Labukhali
Amritsar,Amritsar,ZONE,Dayanand Nagar
North 24 Parganas,North 24 Parganas,ZONE,Matiaghata
Ahmedabad,Naranpura,ZONE,Bhat
North Goa,North Goa,ZONE,Maulinge
Guntur,Guntur,ZONE,Pamidimarru
Amritsar,Amritsar,ZONE,Khankot Garden Colony
Singapore,Clementi,ZONE,Clementi
Chandigarh,Sector 20,ZONE,Sector-2
Jamshedpur,Jamshedpur,ZONE,Telco Plaza Market
Erode,Erode,ZONE,Thippampalayam
Hyderabad,Kachiguda,ZONE,Kachiguda
Karur,Karur,ZONE,Padiripatti
Nellore,Nellore,ZONE,Mudimurthypuram
Jakarta,PuloGadung/Duren Sawit,ZONE,Cakung Barat
Delhi,Rohini,ZONE,Rohini Sector 24
Kolkata,Gariahat,ZONE,Bosepukur Road
Kolkata,Howrah,ZONE,Cmda Abasan
Mumbai,Borivali,ZONE,Borivali
Kolkata,Gariahat,ZONE,Rajdanga
Chennai,Chennai Central East,ZONE,Poonamalle
Pune,Kothrud,ZONE,FC Road
Hooghly,Hooghly,ZONE,Pawnan
North 24 Parganas,North 24 Parganas,ZONE,Arkhali Amdanga
North 24 Parganas,North 24 Parganas,ZONE,Badartala
Quezon City,Quezon Region,ZONE,Silangan
Faridabad,Faridabad,ZONE,Sector 23
Indore,Palasia,ZONE,Srinagar Extension
Ahmedabad,Maninagar,ZONE,Jamalpur
Ludhiana,Ludhiana Zone 1,ZONE,Gandhi Nagar
Ranchi,Ranchi,ZONE,Jate
Mysore,Mysore,ZONE,Maliyur
Kannur,Kannur,ZONE,Kannadiparamba
Ranchi,Ranchi,ZONE,Hakedag
Mangalore,Mangalore,ZONE,Milagres
Mysore,Mysore,ZONE,Gorahalli
Kottayam,Kottayam,ZONE,Koottickal
Thiruvananthapuram,Thiruvananthapuram,ZONE,Kaimanam
Thiruvananthapuram,Thiruvananthapuram,ZONE,Goureesapattom
Pune,Vishrantwadi,ZONE,Khadki Bazar
Nellore,Nellore,ZONE,Thoorpupalem
Jakarta,Kramat Jati/Pasar Rebo,ZONE,Munjul
Chittoor,Chittoor,ZONE,Kalakada Doddipalle
Tiruchirappalli,Tiruchirappalli,ZONE,Jayankondam
Tiruchirappalli,Tiruchirappalli,ZONE,Thinnakonam
Warangal,Warangal,ZONE,Muripirala
Aurangabad (BH),Aurangabad (BH),ZONE,Beri Khiriawan
Ludhiana,Ludhiana Zone 3,ZONE,Khanna
Guntur,Guntur,ZONE,Ainavole
Nellore,Nellore,ZONE,Chennayapalem
Madurai,Madurai,ZONE,Sholavandan
Madurai,Madurai,ZONE,Thanichiyam
Ludhiana,Ludhiana Zone 3,ZONE,Green field
Ludhiana,Ludhiana Zone 2,ZONE,Shant park colony
Ludhiana,Ludhiana Zone 1,ZONE,Preet nagar
Ranchi,Ranchi,ZONE,Govindpur Road
Mangalore,Mangalore,ZONE,Karnad
Jaipur,Malviya Nagar,ZONE,Sector-11 Pratap Nagar
Chennai,Chennai South East 2,ZONE,Royapettah
Salem,Salem,ZONE,Periapatti
Mumbai,Bandra,ZONE,Khar West
Pune,Bibvewadi,ZONE,Lulla Nagar
Las Pinas,Las Pinas Region,ZONE,Muntinlupa City
Hooghly,Hooghly,ZONE,Jangalpara Bazar
San Juan,San Juan Region,ZONE,Barangay 171
Hyderabad,Sanath nagar,ZONE,IDA Jeedimetla
Kottayam,Kottayam,ZONE,Changanacherry Industrialnagar
Kottayam,Kottayam,ZONE,Kurichy
Singapore,Orchard,ZONE,Scotts Road
Guntur,Guntur,ZONE,Lemalle
Guntur,Guntur,ZONE,Kakumanu
Erode,Erode,ZONE,Erangattur
Erode,Erode,ZONE,Kondapanaickenpalayam
Erode,Erode,ZONE,Varadampalayam
North 24 Parganas,North 24 Parganas,ZONE,Beraberia
Gurgaon,Manesar,ZONE,Gurgaon Sector 83
Singapore,Bukit Batok,ZONE,Hillview
Lucknow,Hazratganj,ZONE,Mawai Kalan
Ludhiana,Ludhiana Zone 2,ZONE,Mullanpur
Erode,Erode,ZONE,Singanallur KVP
Kozhikode,Kozhikode,ZONE,Punnakkal
Nellore,Nellore,ZONE,Turupur
Nellore,Nellore,ZONE,Venadu
Pune,Ambegaon,ZONE,Daund
Karur,Karur,ZONE,Mettumarudur
Salem,Salem,ZONE,Ammampalayam
Salem,Salem,ZONE,Gopalapuram
Tangerang,Tangerang,ZONE,Sindang Sono
Kozhikode,Kozhikode,ZONE,Abhayagiri
Warangal,Warangal,ZONE,Elkurthy
Warangal,Warangal,ZONE,Kousalyadevipalli
North 24 Parganas,North 24 Parganas,ZONE,Hingalganj
Karur,Karur,ZONE,Pappanaickenpatti
Madurai,Madurai,ZONE,Chinnakattalai
Tangerang,Tangerang,ZONE,Sampora
Warangal,Warangal,ZONE,Banjipet
Chittoor,Chittoor,ZONE,Gudipalle
Thiruvananthapuram,Thiruvananthapuram,ZONE,Odayam
Thrissur,Thrissur,ZONE,Ponnukkara
Tiruchirappalli,Tiruchirappalli,ZONE,Ordnance Estate - TR
Bangalore,Electronics City,ZONE,Attibele
Mangalore,Mangalore,ZONE,Kankanady
Delhi,Greater kailash,ZONE,Panchsheel Park
Visakhapatnam,Gajuwaka,ZONE,Sriharipuram
Thiruvananthapuram,Thiruvananthapuram,ZONE,Panayam
Thrissur,Thrissur,ZONE,Kuttichira
Kannur,Kannur,ZONE,Azhikkal
Amritsar,Amritsar,ZONE,Pratapnagar
Guntur,Guntur,ZONE,Govindapuram
Guntur,Guntur,ZONE,Tatapudi
Amritsar,Amritsar,ZONE,Warpal
Amritsar,Amritsar,ZONE,Bhalaipur Purban
Amritsar,Amritsar,ZONE,Chabhal
Allahabad,Allahabad,ZONE,Nibi
Chittoor,Chittoor,ZONE,Aroor
Tirunelveli,Tirunelveli,ZONE,Kattarankulam
Bilaspur,Bilaspur,ZONE,Jhingatpur
Bilaspur,Bilaspur,ZONE,Deorhat
Kozhikode,Kozhikode,ZONE,Koothali
Thrissur,Thrissur,ZONE,Nattika
Bilaspur,Bilaspur,ZONE,Baoli
Meerut,Saket Ganganagar,ZONE,Rajpura
Erode,Erode,ZONE,Kavuthampalayam
Nellore,Nellore,ZONE,Lingalapadu
Madurai,Madurai,ZONE,Pattur
Tangerang,Tangerang,ZONE,Petir
Quezon City,Quezon Region,ZONE,Culiat
Chennai,Chennai South East 1,ZONE,Abhiramapuram
Chennai,Chennai South East 1,ZONE,Besant Nagar
Ludhiana,Ludhiana Zone 3,ZONE,Jamalpur Colony
Thrissur,Thrissur,ZONE,Ollur
Nellore,Nellore,ZONE,Allipuram
Salem,Salem,ZONE,Sankaridrug East
Tiruchirappalli,Tiruchirappalli,ZONE,Murungai Kalathur
Kannur,Kannur,ZONE,Pattuvam
Kottayam,Kottayam,ZONE,Kumarakom East
Kottayam,Kottayam,ZONE,Payyappady
Kozhikode,Kozhikode,ZONE,Eravannur
Thiruvananthapuram,Thiruvananthapuram,ZONE,Maruthamala
Bhopal,Old Bhopal,ZONE,Gunga
Nellore,Nellore,ZONE,Sanayapalem
Salem,Salem,ZONE,Ondikadai
Allahabad,Allahabad,ZONE,Kahli
Chittoor,Chittoor,ZONE,Thimmarajupalle
North Goa,North Goa,ZONE,Goa -velha
Tiruchirappalli,Tiruchirappalli,ZONE,Kannanur
Bhubaneswar,Bhubaneswar,ZONE,Nayapalli
Amritsar,Amritsar,ZONE,Sidhar
Mohali,Mohali,ZONE,Jhingran Kalan
South Goa,South Goa,ZONE,Poinguinim
South Goa,South Goa,ZONE,Agapur Adpoi
Karur,Karur,ZONE,Innungur
Tangerang,Tangerang,ZONE,Patra Manggala
Lucknow,Hazratganj,ZONE,Narhi
Tirunelveli,Tirunelveli,ZONE,Srigomathipuram
Chittoor,Chittoor,ZONE,K.G. Satram
Chittoor,Chittoor,ZONE,Buchinaidupalle
Kanpur,Swaroop Nagar,ZONE,Rambagh
Chittoor,Chittoor,ZONE,Kuraparthi
Amritsar,Amritsar,ZONE,Dayal Pura
North 24 Parganas,North 24 Parganas,ZONE,Bidhan Nagar Sai Complex
Madurai,Madurai,ZONE,Kachirayanpatti
Ahmedabad,Saraspur,ZONE,Railwaypura
South Tangerang,South Tangerang,ZONE,Pakualam
Noida,Sector 62,ZONE,Sector 64
Vadodara,Raopura,ZONE,M.I. Estate
Chittoor,Chittoor,ZONE,Munagalapalem
Erode,Erode,ZONE,Sakthinagar
Karur,Karur,ZONE,Punnam
Jakarta,Cilandak/Pasar Minggu,ZONE,Cilandak Barat
Chandigarh,Sector 20,ZONE,Bair Majra
Delhi,Malviya nagar,ZONE,Sarvodaya Enclave
Patna,Kankarbagh,ZONE,Vijay Nagar
Hyderabad,Marredpally,ZONE,Vikrampuri Colony
Puducherry,Puducherry,ZONE,Padmini Nagar
Mangalore,Mangalore,ZONE,Bondel
Ranchi,Ranchi,ZONE,Jurdag
Ranchi,Ranchi,ZONE,Sirum
Ranchi,Ranchi,ZONE,Lower Bazar
Ernakulam,Tripunithura,ZONE,Elanji
Mysore,Mysore,ZONE,Kollegowdanahalli
Tangerang,Tangerang,ZONE,Serdang Wetan
Lucknow,Ashiyana,ZONE,Tikaitgunj
Aurangabad,Aurangabad,ZONE,Satara Parisar
Aurangabad,Aurangabad,ZONE,Sindhi Colony
North 24 Parganas,North 24 Parganas,ZONE,Taki
Chennai,Chennai North East,ZONE,Thiruvottiyur
Gurgaon,Manesar,ZONE,Gurgaon Sector 110
Ernakulam,Kakkanad,ZONE,Ayyampuzha
Hooghly,Hooghly,ZONE,Keshabpur
Erode,Erode,ZONE,Kadappanalur
Erode,Erode,ZONE,Sirukinar
Lucknow,Hazratganj,ZONE,Chowk
Tiruchirappalli,Tiruchirappalli,ZONE,Valavandhi
Delhi,Punjabi bagh,ZONE,Raja Garden
Ernakulam,Kakkanad,ZONE,Thengod
Tirunelveli,Tirunelveli,ZONE,Tirunelveli Nagarmandram
Allahabad,Allahabad,ZONE,Umariasari
Bilaspur,Bilaspur,ZONE,Kukusda
Gurgaon,Sector43,ZONE,Ardee City
Ernakulam,Tripunithura,ZONE,Enanalloor
Ernakulam,Tripunithura,ZONE,Meenkunnam
Guntur,Guntur,ZONE,Gudipudiagraharam
North Goa,North Goa,ZONE,Nachinola
Amritsar,Amritsar,ZONE,Uppal
Ludhiana,Ludhiana Zone 2,ZONE,Gurdev Nagar
Hooghly,Hooghly,ZONE,Palpara
North 24 Parganas,North 24 Parganas,ZONE,Ghoni
Faridabad,Faridabad,ZONE,Sector 41
Pune,Kothrud,ZONE,Bhandarkar Road
Mysore,Mysore,ZONE,Manasagangothri
Mysore,Mysore,ZONE,Ptc Campus
San Juan,San Juan Region,ZONE,Malabon City
Ernakulam,Tripunithura,ZONE,Kadayirippu
Ernakulam,Kakkanad,ZONE,Thrikkalathoor
Ernakulam,Tripunithura,ZONE,Pazhoor
Kannur,Kannur,ZONE,Temple Gate
Karur,Karur,ZONE,Sandapadi
Nellore,Nellore,ZONE,Rangasamudram
Nashik,Mumbai Naka,ZONE,Jagtap nagar
Vadodara,Waghodia Road,ZONE,Fatehgunj
Quezon City,Quezon Region,ZONE,Damar
Bangalore,Indiranagar,ZONE,L B Sashtrinagar
Gurgaon,Manesar,ZONE,Gurgaon Sector 87
Ahmedabad,Maninagar,ZONE,Daxini Society
Mohali,Mohali,ZONE,Sector 60
Faridabad,Faridabad,ZONE,RPFC Sector-15A
Hooghly,Hooghly,ZONE,Jirat
Kottayam,Kottayam,ZONE,Perumbaikkad
Kanpur,Kakadeo,ZONE,Lajpat Nagar
Kannur,Kannur,ZONE,Mattul
Bhubaneswar,Bhubaneswar,ZONE,Palaspur
Ranchi,Ranchi,ZONE,Barenda
Kottayam,Kottayam,ZONE,Anikad West
Kozhikode,Kozhikode,ZONE,Kotancheri
Thrissur,Thrissur,ZONE,Thippilissery
Aurangabad,Aurangabad,ZONE,Malunja
Guntur,Guntur,ZONE,Kothareddypalem
Chennai,Chennai South Central,ZONE,Alandur
Coimbatore,Sai Baba Colony,ZONE,Kondayampalayam
Erode,Erode,ZONE,Bommanallur
Erode,Erode,ZONE,Gethalrev
Erode,Erode,ZONE,Vallipuram
Hyderabad,Sanath nagar,ZONE,Bowenpally
Hyderabad,Kukatpally,ZONE,Kukatpally
Karur,Karur,ZONE,Sembianatham
Tangerang,Tangerang,ZONE,Sukawali
Kolkata,Santoshpur,ZONE,Memanpur Chandannagar
Delhi,Shastri nagar,ZONE,Subzi Mandi
Ranchi,Ranchi,ZONE,Adalahatu
Mangalore,Mangalore,ZONE,Mukka
Thrissur,Thrissur,ZONE,Velupadam
Tirunelveli,Tirunelveli,ZONE,Marandai
Aurangabad (BH),Aurangabad (BH),ZONE,Ramchandra Nagar
Hooghly,Hooghly,ZONE,Boraichanditala
Tangerang,Tangerang,ZONE,Rawa Rengas
Tangerang,Tangerang,ZONE,Larangan Selatan
Mysore,Mysore,ZONE,Yelwal
Ernakulam,Kakkanad,ZONE,Kuthukuzhy
Ernakulam,Kakkanad,ZONE,Nadukani
Thiruvananthapuram,Thiruvananthapuram,ZONE,Kappil
Thiruvananthapuram,Thiruvananthapuram,ZONE,Kattumpuram
Thrissur,Thrissur,ZONE,Kuruvilassery
Aurangabad (BH),Aurangabad (BH),ZONE,Pogar
Allahabad,Allahabad,ZONE,Bomapur
Warangal,Warangal,ZONE,Tekumatla
Tiruchirappalli,Tiruchirappalli,ZONE,Sellipalayam
Allahabad,Allahabad,ZONE,Dhoomanganj
North Goa,North Goa,ZONE,Curca
Guntur,Guntur,ZONE,Bejathpuram
Jaipur,Vidhyadhar Nagar,ZONE,Bani Park
Erode,Erode,ZONE,Pattuthurai
Amritsar,Amritsar,ZONE,Munda Pind
Nellore,Nellore,ZONE,Talamanchi
Lucknow,Aliganj,ZONE,Aliganj sector N
South Tangerang,South Tangerang,ZONE,Pisangan
Tangerang,Tangerang,ZONE,Kali Asin
Jaipur,Raja Park,ZONE,Med
North 24 Parganas,North 24 Parganas,ZONE,Kanchrapara Loco Shop
Karur,Karur,ZONE,K.Pitchampatti
Hooghly,Hooghly,ZONE,Bangurpark
Noida,Sector 18,ZONE,Sector 28
Singapore,City,ZONE,City Hall
Ranchi,Ranchi,ZONE,Karge
Ranchi,Ranchi,ZONE,Chutia
Kottayam,Kottayam,ZONE,Kezhuvankulam
Tiruchirappalli,Tiruchirappalli,ZONE,Aniyapur
Tiruchirappalli,Tiruchirappalli,ZONE,Inamponnambalapatti
Nagpur,Dhantoli,ZONE,Parvati Nagar
Warangal,Warangal,ZONE,Kowkonda
Chittoor,Chittoor,ZONE,Naragallu
Chittoor,Chittoor,ZONE,Maddulacheruvupalem
Lucknow,Hazratganj,ZONE,Iim Mubarakpur
Chittoor,Chittoor,ZONE,Vizalapuram
Thiruvananthapuram,Thiruvananthapuram,ZONE,Thundathil
Thrissur,Thrissur,ZONE,Varavur
Thrissur,Thrissur,ZONE,Vennur
Tirunelveli,Tirunelveli,ZONE,Tirunelveli Pettai East
Amritsar,Amritsar,ZONE,Muchal
Guntur,Guntur,ZONE,Komali
Jakarta,Mangga Besar/Mangga Dua,ZONE,Petojo Utara
Salem,Salem,ZONE,Umbilickampatti
Chittoor,Chittoor,ZONE,Kalikiri
Agra,Kamla Nagar,ZONE,Agra University
Allahabad,Allahabad,ZONE,Deora
Allahabad,Allahabad,ZONE,Kapasi Kalan
Allahabad,Allahabad,ZONE,Paintiha
Chittoor,Chittoor,ZONE,Polavaram
Allahabad,Allahabad,ZONE,Bigahuna
North 24 Parganas,North 24 Parganas,ZONE,Arjunpur
North 24 Parganas,North 24 Parganas,ZONE,Purba Khejurberia
North 24 Parganas,North 24 Parganas,ZONE,Gurdah
Hyderabad,Afzal gunj,ZONE,Chandrayangutta
Madurai,Madurai,ZONE,Harveypatti
Madurai,Madurai,ZONE,Sithalangudi
Tangerang,Tangerang,ZONE,Jambu Karya
Delhi,Preet vihar,ZONE,New Rajdhani Enclave
Mysore,Mysore,ZONE,Narasimha Raja Mohalla
Ernakulam,Tripunithura,ZONE,Vadavucode
Ranchi,Ranchi,ZONE,Mahuary
Mysore,Mysore,ZONE,Nagarle
Mysore,Mysore,ZONE,Kandegala
Ernakulam,Tripunithura,ZONE,Pandappily
Kottayam,Kottayam,ZONE,Changanacherry
Kottayam,Kottayam,ZONE,Edayarickapuzha
Visakhapatnam,MVP,ZONE,Anandapuram
Warangal,Warangal,ZONE,Alair
Thiruvananthapuram,Thiruvananthapuram,ZONE,Mulayara
Thrissur,Thrissur,ZONE,Mattathur
Chittoor,Chittoor,ZONE,Nimmanapalle
Indore,Palasia,ZONE,I.D.A. Racecourse Road
Thane,Kalyan,ZONE,Kalyan City
Kanpur,Swaroop Nagar,ZONE,Oe Factory
Salem,Salem,ZONE,Metturdam South
Tangerang,Tangerang,ZONE,Poris Jaya
Chennai,Chennai South West 2,ZONE,Gowrivakkam
Erode,Erode,ZONE,Mambadi
Erode,Erode,ZONE,Nagalingapuram
Quezon City,Quezon Region,ZONE,Alicia
Panchkula,Panchkula,ZONE,Sector-15
Salem,Salem,ZONE,Konasamudram
Mysore,Mysore,ZONE,Kanchamalli
Mysore,Mysore,ZONE,Metikuppe
Kannur,Kannur,ZONE,Kannur Railway Station
Kottayam,Kottayam,ZONE,Pakkil
Kozhikode,Kozhikode,ZONE,Villyappalli
Nellore,Nellore,ZONE,Ramatheertham
Tirunelveli,Tirunelveli,ZONE,Vickramasingapuram
Bangalore,Yeshwantpur,ZONE,Yeshwanthpur
Warangal,Warangal,ZONE,Katapur
Chittoor,Chittoor,ZONE,Karvetinagar
Bilaspur,Bilaspur,ZONE,Amaru
Nellore,Nellore,ZONE,Ganugapenta
Nellore,Nellore,ZONE,Pedavanjivaka
Salem,Salem,ZONE,Neikkarapatti
Kanpur,Kakadeo,ZONE,Vikas Nagar
Surat,Katragam,ZONE,Motived
Bangalore,shivajinagar + MG Road,ZONE,Benson Town
Mangalore,Mangalore,ZONE,Mulki Bazar
Surat,Adajan,ZONE,Bhatha
Jamshedpur,Jamshedpur,ZONE,Narway Ram & Company Ltd
Jamshedpur,Jamshedpur,ZONE,Telco G.M Office
East Khasi Hills,Shillong-East Khasi Hills,ZONE,Tyrna
Ernakulam,Kakkanad,ZONE,Vaikkara
Ranchi,Ranchi,ZONE,Ranchi Airport
Hooghly,Hooghly,ZONE,Chandannagar
Jaipur,Raja Park,ZONE,S.D.M.Hospitial
Jaipur,Raja Park,ZONE,Toda Meena
Ranchi,Ranchi,ZONE,Bero
North 24 Parganas,North 24 Parganas,ZONE,Salua
Jaipur,Jhotwara,ZONE,Niwaroo
Guntur,Guntur,ZONE,Goli
Erode,Erode,ZONE,Anjur
Taguig,Taguig Region,ZONE,Malanday
Taguig,Taguig Region,ZONE,Marikina Heights
Thiruvananthapuram,Thiruvananthapuram,ZONE,TVM Govt Press
Thrissur,Thrissur,ZONE,Asarikkad
Pune,Pimpri chinchwad,ZONE,Chakan
Kannur,Kannur,ZONE,Kavvayi
Tirunelveli,Tirunelveli,ZONE,Munanjipatti
Warangal,Warangal,ZONE,Dongalasingaram
Vadodara,Vasna Road,ZONE,Vasna Kotaria
Panchkula,Panchkula,ZONE,Khetpurali
Faridabad,Faridabad,ZONE,Bhainsrawali
Bilaspur,Bilaspur,ZONE,Pondikala
Amritsar,Amritsar,ZONE,Attari Rd. Check Post
Lucknow,Hazratganj,ZONE,Gopramau
Amritsar,Amritsar,ZONE,Sur Singh
Ernakulam,Kakkanad,ZONE,Bhaktanandapuram
Lucknow,Hazratganj,ZONE,Munnu Khera
Mohali,Mohali,ZONE,Bajheri
Coimbatore,Singanallur,ZONE,Sowripalayam
Erode,Erode,ZONE,Sinniampalayam
Jakarta,PuloGadung/Duren Sawit,ZONE,Jati
Tangerang,Tangerang,ZONE,Kunciran
Tangerang,Tangerang,ZONE,Pondok Kelor
Ernakulam,Tripunithura,ZONE,Edayar
Hooghly,Hooghly,ZONE,Charpur
North 24 Parganas,North 24 Parganas,ZONE,Bengal Enamel
Mumbai,Powai,ZONE,Vikhroli West
Mysore,Mysore,ZONE,Sagare
Kannur,Kannur,ZONE,Karippal
Kannur,Kannur,ZONE,Nanichery
East Khasi Hills,Shillong-East Khasi Hills,ZONE,Sohbarpunjee
Bangalore,Majestic,ZONE,K R Market
Tirunelveli,Tirunelveli,ZONE,Vaduganpatti
Aurangabad (BH),Aurangabad (BH),ZONE,Mungia
Bilaspur,Bilaspur,ZONE,Silli
Bilaspur,Bilaspur,ZONE,Ganiyari
Guntur,Guntur,ZONE,Kanagala
Amritsar,Amritsar,ZONE,Ramdass
Madurai,Madurai,ZONE,Chatravellalapatti
Salem,Salem,ZONE,Nedunchalai Nagar
Tangerang,Tangerang,ZONE,Paku Alam
Tangerang,Tangerang,ZONE,Kunciran Indah
Faridabad,Faridabad,ZONE,Sector 20B
Mumbai,Fort area,ZONE,Mandvi
Pune,Ambegaon,ZONE,Sinhagad
Vadodara,Vasna Road,ZONE,Mobha Road
Kannur,Kannur,ZONE,Chalad
Kottayam,Kottayam,ZONE,Poovathode
Thiruvananthapuram,Thiruvananthapuram,ZONE,Koothali
Tiruchirappalli,Tiruchirappalli,ZONE,Alipatti
Tirunelveli,Tirunelveli,ZONE,Sengottai RS
Tirunelveli,Tirunelveli,ZONE,Kanakkupillaivalasai
Tirunelveli,Tirunelveli,ZONE,Nainaragaram
Warangal,Warangal,ZONE,Aswaraopalli
Aurangabad (BH),Aurangabad (BH),ZONE,Budhia
Aurangabad (BH),Aurangabad (BH),ZONE,Karma Pandih
Allahabad,Allahabad,ZONE,Hetapur
Lucknow,Hazratganj,ZONE,Dona
Aurangabad (BH),Aurangabad (BH),ZONE,Mankur Chanda
Bilaspur,Bilaspur,ZONE,Billiband
Rajahmundry,Rajahmundry,ZONE,Rtc Bus Complex Centre
Lucknow,Gomtinagar,ZONE,Malesemau
Hooghly,Hooghly,ZONE,Bighati
Jakarta,Kebayoran/Bintaro,ZONE,Cipete Utara
Salem,Salem,ZONE,Manathal
Salem,Salem,ZONE,Pakalpatti
North 24 Parganas,North 24 Parganas,ZONE,Hatgacha
San Juan,San Juan Region,ZONE,Maytunas
Taguig,Taguig Region,ZONE,Barangay Central Bicutan
Ahmedabad,Memnagar,ZONE,Ognaj
Hooghly,Hooghly,ZONE,Malia
Faridabad,Faridabad,ZONE,Teekri Brahman
Ranchi,Ranchi,ZONE,Patpur
Mysore,Mysore,ZONE,Aralikatte
Ernakulam,Panampilly Nagar,ZONE,Willingdon Island
Kannur,Kannur,ZONE,Melmuringodi
Aurangabad,Aurangabad,ZONE,Liha Khedi
Thrissur,Thrissur,ZONE,Kanjirappilly
Bhopal,South Bhopal,ZONE,Jhagaria Khurd
Nellore,Nellore,ZONE,Cheropalli
Salem,Salem,ZONE,Shevaroy Mines
Tiruchirappalli,Tiruchirappalli,ZONE,Sircarpalayam
Aurangabad (BH),Aurangabad (BH),ZONE,Ranidih
Bhubaneswar,Bhubaneswar,ZONE,Balianta
Chandigarh,Sector 20,ZONE,Manimajra
Chittoor,Chittoor,ZONE,Vedullacheruvu
Chittoor,Chittoor,ZONE,Perur
Guntur,Guntur,ZONE,Jaggapuram
Guwahati,Guwahati,ZONE,Hatigaon Chariali
North Goa,North Goa,ZONE,Fontainhas
Chittoor,Chittoor,ZONE,Yetavakili
Dantewada,Dantewada,ZONE,Leda
Erode,Erode,ZONE,Puduppai
Nellore,Nellore,ZONE,Moddurupadu
Tangerang,Tangerang,ZONE,Bojong Renged
Guntur,Guntur,ZONE,Kolanukonda
Guntur,Guntur,ZONE,Ballukanudivari Palem
Kolkata,Central,ZONE,Shyambazar
Makati,Makati Region,ZONE,Cembo
Taguig,Taguig Region,ZONE,Rosario
Karur,Karur,ZONE,Ammapatti
Karur,Karur,ZONE,Pallapatti
Nellore,Nellore,ZONE,Palicherlavaripalem
Nashik,Mumbai Naka,ZONE,Renuka Nagar
North 24 Parganas,North 24 Parganas,ZONE,Asoknagar
Faridabad,Faridabad,ZONE,Sainik Colony
Mumbai,Chembur,ZONE,Anushakti Nagar
Singapore,City,ZONE,Boat Quay
Mysore,Mysore,ZONE,Haleyur
Ranchi,Ranchi,ZONE,Soba
Kannur,Kannur,ZONE,Kayaralam
Mysore,Mysore,ZONE,Hunsur Housing Board Colony
Tiruchirappalli,Tiruchirappalli,ZONE,Muthapudayanpatti
Lucknow,Ashiyana,ZONE,Avas Vikas Colony
Bilaspur,Bilaspur,ZONE,Dhuma
Kakinada,Kakinada,ZONE,Samalkot
Delhi,Malviya nagar,ZONE,Qutab Institutional Area
Delhi,Mehrauli,ZONE,Aya Nagar
Guntur,Guntur,ZONE,Koppunuru
Hooghly,Hooghly,ZONE,Aimapaharpur
Pune,Kothrud,ZONE,Rasta Peth
Erode,Erode,ZONE,Nanjai Puliampatti
Karur,Karur,ZONE,Mookanankurichi
Jakarta,Cilandak/Pasar Minggu,ZONE,Ragunan
North 24 Parganas,North 24 Parganas,ZONE,Dhaltita
North 24 Parganas,North 24 Parganas,ZONE,Soladana
Bilaspur,Bilaspur,ZONE,Matsagra
Amritsar,Amritsar,ZONE,Gandiwind
Coimbatore,Race Course,ZONE,Kuniamuthur
Ahmedabad,Saraspur,ZONE,Saijpur Bogha
Singapore,Ang Mo Kio,ZONE,Upper Thomson
North 24 Parganas,North 24 Parganas,ZONE,Gobrapur
San Juan,San Juan Region,ZONE,Panghulo
North 24 Parganas,North 24 Parganas,ZONE,Jhopkhali
Surat,Varaccha,ZONE,Rustampura
Vadodara,Waghodia Road,ZONE,Dashrath
Bangalore,Hebbal + HBR layout,ZONE,Nagawara
Ranchi,Ranchi,ZONE,Kasmar
Mysore,Mysore,ZONE,Chamalapura
Mangalore,Mangalore,ZONE,Mangaladevi
Mangalore,Mangalore,ZONE,Puchamogru
Thrissur,Thrissur,ZONE,Eriyad
Thrissur,Thrissur,ZONE,Kuttanellur
Nellore,Nellore,ZONE,Gandavaram
East Khasi Hills,Shillong-East Khasi Hills,ZONE,Madanriting
Chittoor,Chittoor,ZONE,Cheekalabailu
Thiruvananthapuram,Thiruvananthapuram,ZONE,Mylamoodu
Tiruchirappalli,Tiruchirappalli,ZONE,Tappay
Nellore,Nellore,ZONE,Jangaladoruvu
Chittoor,Chittoor,ZONE,Gazualapalle
Chittoor,Chittoor,ZONE,Buchinaidukandriga
Chittoor,Chittoor,ZONE,Srikalahasti North
Guntur,Guntur,ZONE,College Road
Chandigarh,Sector 20,ZONE,Sector 9
Chittoor,Chittoor,ZONE,Jarravaripalle
Amritsar,Amritsar,ZONE,Dharar
Delhi,Shahdara,ZONE,Vivek Vihar
Guntur,Guntur,ZONE,Kondepadu
Guntur,Guntur,ZONE,Prathipadu
Karur,Karur,ZONE,Moolapatti
Anantapur,Anantapur,ZONE,Kadiri
Faridabad,Faridabad,ZONE,Likhi
Nellore,Nellore,ZONE,Nadimpalli
Navi Mumbai,Vashi,ZONE,Turbhe Market
Mumbai,Dahisar,ZONE,Bhayandar West
Vadodara,Waghodia Road,ZONE,Waghodia Road
Jakarta,Cempaka Putih/Kemayoran/Menteng/Tanah abang,ZONE,Tanah Abang
São Paulo,Lapa,ZONE,Alto de Pinheiros
Ranchi,Ranchi,ZONE,Old Commissioner Compound
Ranchi,Ranchi,ZONE,Umedanda
Kottayam,Kottayam,ZONE,Panachikavu
Kannur,Kannur,ZONE,Kooveri
Kottayam,Kottayam,ZONE,Kottayam West
Kottayam,Kottayam,ZONE,Kummanam
Kozhikode,Kozhikode,ZONE,Kallunira
Pune,Bibvewadi,ZONE,Kondhwa
Warangal,Warangal,ZONE,Teegalavenii
Warangal,Warangal,ZONE,Beeravelli
Aurangabad (BH),Aurangabad (BH),ZONE,Pironta
Amritsar,Amritsar,ZONE,Devidaspura
Guntur,Guntur,ZONE,Turlapadu
Guntur,Guntur,ZONE,Bandlamottu
North Goa,North Goa,ZONE,Candepar
Erode,Erode,ZONE,Devarajapattinam
Hyderabad,Banjara hills,ZONE,Jubilee Hills
Jakarta,Kelapa Gading,ZONE,Tugu Selatan
Salem,Salem,ZONE,Manivilundan
Tangerang,Tangerang,ZONE,Kohod
Quezon City,Quezon Region,ZONE,Escopa I
Mumbai,Juhu,ZONE,Vileparle East
Surat,Adajan,ZONE,Adajan Dn
Faridabad,Faridabad,ZONE,Sector 37
Manila,Manila Region,ZONE,Manila
Faridabad,Faridabad,ZONE,Sector 31
Ranchi,Ranchi,ZONE,Murto
East Khasi Hills,Shillong-East Khasi Hills,ZONE,Pomlakrai
Mysore,Mysore,ZONE,Kavalande
Mysore,Mysore,ZONE,Yechagalli
Mysore,Mysore,ZONE,Binakanahalli
Nagpur,Sadar,ZONE,Byramji Town
Aurangabad,Aurangabad,ZONE,Ghardon
Aurangabad,Aurangabad,ZONE,Maliwada
Nagpur,Ramdaspeth,ZONE,Ravi Nagar
Chittoor,Chittoor,ZONE,Nellaipalle
Chittoor,Chittoor,ZONE,Kambhamvaripalle
Chittoor,Chittoor,ZONE,Javvanapalle
Bilaspur,Bilaspur,ZONE,Karhi
Chittoor,Chittoor,ZONE,Tekumanda
Guntur,Guntur,ZONE,Yadavuru
Guntur,Guntur,ZONE,Mothadaka
Jaipur,Mansarovar,ZONE,S.F.S.Mansarovar
Thrissur,Thrissur,ZONE,Puthenpeedika
Salem,Salem,ZONE,Salem East
Tiruchirappalli,Tiruchirappalli,ZONE,Annanagar
Kozhikode,Kozhikode,ZONE,Chorode
Nellore,Nellore,ZONE,Vasili
Tiruchirappalli,Tiruchirappalli,ZONE,Thiruvasi
Kozhikode,Kozhikode,ZONE,Vellayil
Thiruvananthapuram,Thiruvananthapuram,ZONE,Kunnathukal
Nagpur,Ramdaspeth,ZONE,Khare Town
Warangal,Warangal,ZONE,Bhathulapalli
Agra,Delhi Gate,ZONE,Lajpat Kunj
Guwahati,Guwahati,ZONE,Bonda
Kozhikode,Kozhikode,ZONE,Elathur
Thrissur,Thrissur,ZONE,Kottamuri
Chittoor,Chittoor,ZONE,Cotton Mills
Warangal,Warangal,ZONE,Tupakulagudem
Tirunelveli,Tirunelveli,ZONE,Ayyapuram
Tirunelveli,Tirunelveli,ZONE,Tenkasi
Allahabad,Allahabad,ZONE,Bhopatpur
Dantewada,Dantewada,ZONE,Matenar
Bhopal,Central Bhopal,ZONE,Raj Bhawan
Tiruchirappalli,Tiruchirappalli,ZONE,Peruvalanallur
Warangal,Warangal,ZONE,Komaravalli
Tiruchirappalli,Tiruchirappalli,ZONE,Sirathope
Jaipur,Transport Nagar,ZONE,Jaisingh Pura Khor
Chennai,Chennai South East 2,ZONE,Chintadripet
Chennai,Chennai South West 2,ZONE,Medavakkam
Erode,Erode,ZONE,Nanjagoundenpalayam
Madurai,Madurai,ZONE,Sengapadai
Jakarta,Kebayoran/Bintaro,ZONE,Grogol Selatan
Guntur,Guntur,ZONE,Veerlapalem
Warangal,Warangal,ZONE,Shanigaram
Guntur,Guntur,ZONE,Chinalingayapalem
Guntur,Guntur,ZONE,Manchikalapudi
Warangal,Warangal,ZONE,Nallabelli
Mohali,Mohali,ZONE,Raipur Kalan
Meerut,Sadar Bazaar,ZONE,Gurukul Dorli
Chittoor,Chittoor,ZONE,Kotabailu
Vijayawada,Suryaraopet,ZONE,Kasturibhai Pet
Allahabad,Allahabad,ZONE,Kalyani Devi
Aurangabad (BH),Aurangabad (BH),ZONE,Dihara
São Paulo,Jabaquara,ZONE,Diadema
Lucknow,Aliganj,ZONE,Jagdishpur
Lucknow,Aliganj,ZONE,Kamlabad Badauli
Delhi,Rohini,ZONE,Rohini Sector 5
Vadodara,Waghodia Road,ZONE,Ajwa Compound
Guntur,Guntur,ZONE,Gadevaripalle
Quezon City,Quezon Region,ZONE,Loyola Heights
Thane,Vasai,ZONE,Nalasopara East
Faridabad,Faridabad,ZONE,Manjhawali
Mysore,Mysore,ZONE,Bolanahalli
São Paulo,Mooca,ZONE,Chácara Belenzinho
Ernakulam,Kakkanad,ZONE,Neeleeswaram
Kannur,Kannur,ZONE,Eruvatty-chapparapadava
Ernakulam,Tripunithura,ZONE,South Paravoor
Thiruvananthapuram,Thiruvananthapuram,ZONE,Poojapura
Thrissur,Thrissur,ZONE,Pampady West
Nellore,Nellore,ZONE,Thimmareddypalli
Aurangabad,Aurangabad,ZONE,Rail
Pune,Pimpri chinchwad,ZONE,Pimpri BK
Nellore,Nellore,ZONE,Vojilirajupalem
Tirunelveli,Tirunelveli,ZONE,Therkupatti
Warangal,Warangal,ZONE,Kalvapalli
Aurangabad (BH),Aurangabad (BH),ZONE,Khaira Manjhouli
Dantewada,Dantewada,ZONE,Balpet
Guntur,Guntur,ZONE,Gorizavole
Guntur,Guntur,ZONE,Inumetla
Erode,Erode,ZONE,Sokkanur
Hooghly,Hooghly,ZONE,Dearah
Jaipur,Raja Park,ZONE,Virat Nagar
Kozhikode,Kozhikode,ZONE,Kottur
Kozhikode,Kozhikode,ZONE,Tikkoti
Nellore,Nellore,ZONE,Venkatampeta
Salem,Salem,ZONE,Thevur
Aurangabad,Aurangabad,ZONE,Ajantha
Tiruchirappalli,Tiruchirappalli,ZONE,Koothapar
Nellore,Nellore,ZONE,Ramapuram
Warangal,Warangal,ZONE,Mupparam
Warangal,Warangal,ZONE,Laxmareddipalli
Chittoor,Chittoor,ZONE,Papisettipalle
Chittoor,Chittoor,ZONE,Reddigunta
Allahabad,Allahabad,ZONE,Haripur Marron
Nellore,Nellore,ZONE,Bojjanapalli
North Goa,North Goa,ZONE,Valpoi
Guntur,Guntur,ZONE,Lagadapadu
Guntur,Guntur,ZONE,Pasivemula
Amritsar,Amritsar,ZONE,Rajdhan
Guntur,Guntur,ZONE,Cheekateegalapalem
Nellore,Nellore,ZONE,Nuvvurupadu
Lucknow,Aliganj,ZONE,Raeen Nagar
Taguig,Taguig Region,ZONE,Tukukan
Chittoor,Chittoor,ZONE,Gangadhara Nellore
North 24 Parganas,North 24 Parganas,ZONE,Sutia Barasat
Ahmedabad,Naranpura,ZONE,Ranip
Ahmedabad,Maninagar,ZONE,Revdibazar
Kanpur,Kidwai Nagar,ZONE,Krishna Nagar
Salem,Salem,ZONE,Ayodhiyapattinam East
Mysore,Mysore,ZONE,Kuvempunagar II Stage
Ernakulam,Tripunithura,ZONE,Mamala
Thiruvananthapuram,Thiruvananthapuram,ZONE,Malayinkil
Nashik,Gangapur Road,ZONE,Bhonsala Military School
Pune,Kothrud,ZONE,Deccan Gymkhana
Bhubaneswar,Bhubaneswar,ZONE,Sasan
Chittoor,Chittoor,ZONE,Mogarala
Allahabad,Allahabad,ZONE,Jamunipur
Aurangabad (BH),Aurangabad (BH),ZONE,Narendra Khap
Guntur,Guntur,ZONE,Pedamadduru
Kozhikode,Kozhikode,ZONE,Vakayad
Salem,Salem,ZONE,Chinnagoundanur
Salem,Salem,ZONE,Valayakaranur
Aurangabad,Aurangabad,ZONE,Ganori
Visakhapatnam,Dwaraka Nagar,ZONE,Dwarakanagar
Tiruchirappalli,Tiruchirappalli,ZONE,Pettavaithalai
Bangalore,Koramangala,ZONE,Koramangala 5 Block
Bangalore,Banashankari + RR Nagar,ZONE,VV Puram
Agra,Delhi Gate,ZONE,N.M.Palika
Thiruvananthapuram,Thiruvananthapuram,ZONE,Poovathur
Patna,Rajendra Nagar,ZONE,Dhanak Dove
Salem,Salem,ZONE,Muluvi
Warangal,Warangal,ZONE,Empaid
Tiruchirappalli,Tiruchirappalli,ZONE,Tirupparaithurai
Meerut,Saket Ganganagar,ZONE,Anaj Mandi
Erode,Erode,ZONE,Dasappagoundanpudur
Nellore,Nellore,ZONE,Murugalla
Tirunelveli,Tirunelveli,ZONE,Maipparai
Lucknow,Hazratganj,ZONE,Aminabad
Ranchi,Ranchi,ZONE,Chakla
Allahabad,Allahabad,ZONE,Manauri
Kolkata,Santoshpur,ZONE,Rajabagan Dock Yard
North 24 Parganas,North 24 Parganas,ZONE,Kachua
Kanpur,Swaroop Nagar,ZONE,Hbti
Bilaspur,Bilaspur,ZONE,Khairjhiti
Kanpur,Swaroop Nagar,ZONE,Nawabganj
Ernakulam,Kakkanad,ZONE,Ezhattumugham
Kannur,Kannur,ZONE,Irinavu
Kozhikode,Kozhikode,ZONE,Thuruthiyad
Thiruvananthapuram,Thiruvananthapuram,ZONE,Kulamuttam
Thiruvananthapuram,Thiruvananthapuram,ZONE,Venkulam
Thiruvananthapuram,Thiruvananthapuram,ZONE,Janardhanapuram
Thrissur,Thrissur,ZONE,Karupadanna
Thrissur,Thrissur,ZONE,Manalur Hs
Salem,Salem,ZONE,A.Thalaiyur
Aurangabad,Aurangabad,ZONE,Harshi
Tirunelveli,Tirunelveli,ZONE,Melakulam
Patna,Raja Bazar,ZONE,Digha
Tiruchirappalli,Tiruchirappalli,ZONE,Kannakudi
Tiruchirappalli,Tiruchirappalli,ZONE,Nettavelampatti
Guntur,Guntur,ZONE,Rajapeta
Guntur,Guntur,ZONE,Dachpalle
Guntur,Guntur,ZONE,Chamallamudi
Tiruchirappalli,Tiruchirappalli,ZONE,Sengattupatti
Chittoor,Chittoor,ZONE,Chandragiri
Thiruvananthapuram,Thiruvananthapuram,ZONE,Altharamoodu
Thrissur,Thrissur,ZONE,Thiruvilwamala
Aurangabad,Aurangabad,ZONE,Nimbhora
East Khasi Hills,Shillong-East Khasi Hills,ZONE,Dholai
Tirunelveli,Tirunelveli,ZONE,Naranammalpuram
Aurangabad (BH),Aurangabad (BH),ZONE,Rajoi
Allahabad,Allahabad,ZONE,Ramgarh
Allahabad,Allahabad,ZONE,Harisenganj
Guntur,Guntur,ZONE,Velavarthipadu
Kanpur,Kakadeo,ZONE,Shivaji Nagar
Mysore,Mysore,ZONE,Itna
Mysore,Mysore,ZONE,Kolagala
Warangal,Warangal,ZONE,Reponi
Chittoor,Chittoor,ZONE,Damarapakam
Chandigarh,Sector 36,ZONE,Sector 36
Bilaspur,Bilaspur,ZONE,Chhatauna
Lucknow,Aliganj,ZONE,Kotwa
Bilaspur,Bilaspur,ZONE,Bortara
Delhi,Shahdara,ZONE,Ram Nagar
Jaipur,Raja Park,ZONE,Kali Pahadi
Jaipur,Vidhyadhar Nagar,ZONE,Niwana
Guntur,Guntur,ZONE,Panidem
Erode,Erode,ZONE,Appakudal
Erode,Erode,ZONE,Athiyur
Tangerang,Tangerang,ZONE,Pagedangan Ilir
Bangalore,Marathahalli,ZONE,Munnekollal
Kolkata,Central,ZONE,Baghbazar
North 24 Parganas,North 24 Parganas,ZONE,Simulia Durgapur
Gurgaon,Badsharpur,ZONE,Gurgaon Sector 60
Hyderabad,Langer house,ZONE,Rajendra Nagar
Kolkata,Park street,ZONE,Sealdah
Gurgaon,CivilLines,ZONE,Gurgaon Sector 14
Singapore,Geylang,ZONE,Outram
Salem,Salem,ZONE,Gajjalnaickenpatti
Hooghly,Hooghly,ZONE,Bajua
Erode,Erode,ZONE,Chinnamarudur
Nellore,Nellore,ZONE,Karatampadu
Madurai,Madurai,ZONE,Errampatti
Salem,Salem,ZONE,Arasanatham
Puducherry,Puducherry,ZONE,Ponnaiyapet
Kolkata,Tollygunge,ZONE,Indrani Park
Quezon City,Quezon Region,ZONE,Quirino 2-C
Mumbai,Kurla,ZONE,Kalina
Gurgaon,DLFPhaseI,ZONE,DLF Phase II
Tangerang,Tangerang,ZONE,Kanda Wati
Nashik,Mumbai Naka,ZONE,Shri Ram Colony
Quezon City,Quezon Region,ZONE,Old Capitol Site
Hyderabad,Hitech city,ZONE,Khajaguda
Singapore,City,ZONE,Marine South
São Paulo,Mooca,ZONE,Vila Gomes Cardim
Ludhiana,Ludhiana Zone 1,ZONE,Maya nagar
Mysore,Mysore,ZONE,Bidarahalli
Mysore,Mysore,ZONE,Gagenahalli
Kottayam,Kottayam,ZONE,Chittadi
Bhubaneswar,Bhubaneswar,ZONE,Patrapada
Mysore,Mysore,ZONE,Sirmalli
North Goa,North Goa,ZONE,Kerim
Kannur,Kannur,ZONE,Nellikutty
Kottayam,Kottayam,ZONE,Puthupalli
Thrissur,Thrissur,ZONE,Elthuruth
Tiruchirappalli,Tiruchirappalli,ZONE,Ayyampalayam
Erode,Erode,ZONE,T.Mettupalayam
Guntur,Guntur,ZONE,Pitchikalapalem
Madurai,Madurai,ZONE,Thenur
Salem,Salem,ZONE,Kuralnatham
Tangerang,Tangerang,ZONE,Karang Tengah
Las Pinas,Las Pinas Region,ZONE,San Isidro
Tirunelveli,Tirunelveli,ZONE,Vairavikulam
Bangalore,Koramangala,ZONE,Koramangala 9 Block
Chittoor,Chittoor,ZONE,Ragigunta
Aurangabad (BH),Aurangabad (BH),ZONE,Shimra
Allahabad,Allahabad,ZONE,Bikikalan
Lucknow,Hazratganj,ZONE,Mansoor Nagar
Amritsar,Amritsar,ZONE,Bhakna Kalan
Guntur,Guntur,ZONE,Bellamvaripalem
Kottayam,Kottayam,ZONE,Irumpayam
Thiruvananthapuram,Thiruvananthapuram,ZONE,Puliyarakonam
Nellore,Nellore,ZONE,Kurrapalli
Allahabad,Allahabad,ZONE,Silaundhi
Allahabad,Allahabad,ZONE,Mohd.Pur Gheempur
Bilaspur,Bilaspur,ZONE,Selar
Nellore,Nellore,ZONE,Zarugumalli
Madurai,Madurai,ZONE,Kachirayiruppu
Kolkata,Tollygunge,ZONE,Kalabagan
San Juan,San Juan Region,ZONE,Burol
North 24 Parganas,North 24 Parganas,ZONE,Udayrajpur
Faridabad,Faridabad,ZONE,Sector-39
Faridabad,Faridabad,ZONE,Sector 42
Ranchi,Ranchi,ZONE,Mandru
Erode,Erode,ZONE,Paruvachi
Guntur,Guntur,ZONE,Yerrabalem
Mumbai,Andheri west,ZONE,Andheri
Mysore,Mysore,ZONE,Bettadapura
North 24 Parganas,North 24 Parganas,ZONE,Duttapukur
North 24 Parganas,North 24 Parganas,ZONE,Sodarpur-behala
Kannur,Kannur,ZONE,Pukkot-kba
Hooghly,Hooghly,ZONE,Arambagh Court
Nashik,Gangapur Road,ZONE,Ajmeri nagar
North 24 Parganas,North 24 Parganas,ZONE,Naksha
Quezon City,Quezon Region,ZONE,Santa Monica
Jaipur,Mansarovar,ZONE,Mansarovar
Hooghly,Hooghly,ZONE,Routhpur
Erode,Erode,ZONE,Sinthagoundenpalayam
Indore,Sapna Sangeeta,ZONE,Mhow Infantry School
Nellore,Nellore,ZONE,Uggumudi
Pune,Pimpri chinchwad,ZONE,Sangvi
Tirunelveli,Tirunelveli,ZONE,Kalathimadam
Tirunelveli,Tirunelveli,ZONE,Sivalarkulam
Karur,Karur,ZONE,Thondamanginam
Thiruvananthapuram,Thiruvananthapuram,ZONE,Kanjampazhanji
Vijayawada,Bhavanipuram,ZONE,Gollapudi
Karur,Karur,ZONE,Aravakurichi
Karur,Karur,ZONE,Tennilai
Madurai,Madurai,ZONE,Muthusamypatti
Salem,Salem,ZONE,Koppampudur
Warangal,Warangal,ZONE,Deekshakunta
Tirunelveli,Tirunelveli,ZONE,Boganallur
Tirunelveli,Tirunelveli,ZONE,Poigai
Chittoor,Chittoor,ZONE,Panjani
Allahabad,Allahabad,ZONE,Chanethu
Salem,Salem,ZONE,Tirumangalam
Aurangabad,Aurangabad,ZONE,Anwa
Visakhapatnam,Gajuwaka,ZONE,Simhachalam Hills
Mangalore,Mangalore,ZONE,Neerude
Chennai,Chennai South 1,ZONE,KK Nagar
Ahmedabad,Paldi,ZONE,Ambawadi
São Paulo,Bela Vista,ZONE,Jardim Paulistano
São Paulo,Vila Mariana,ZONE,Vila Monumento
Warangal,Warangal,ZONE,Svn Road
Agra,Agra City,ZONE,Kalibari
Chittoor,Chittoor,ZONE,Boochipalle
Bhopal,Central Bhopal,ZONE,Kamla Nagar
Tiruchirappalli,Tiruchirappalli,ZONE,Tennur
Warangal,Warangal,ZONE,Marudkalan
Patna,Rajendra Nagar,ZONE,Mahendru
Tirunelveli,Tirunelveli,ZONE,Elathur
Aurangabad (BH),Aurangabad (BH),ZONE,Agnoor
Bilaspur,Bilaspur,ZONE,Khongsara
Chittoor,Chittoor,ZONE,Obularajukandriga
Delhi,Shastri nagar,ZONE,Inderlok
Guntur,Guntur,ZONE,Kuchipudi
Amritsar,Amritsar,ZONE,Lalpura
Amritsar,Amritsar,ZONE,Khawaspur
Guntur,Guntur,ZONE,Angaluru
Salem,Salem,ZONE,Vellandivalasai
Kannur,Kannur,ZONE,Tholambra
Hooghly,Hooghly,ZONE,Bamunari
South Goa,South Goa,ZONE,Verna
Nagpur,Ramdaspeth,ZONE,Bajaj Nagar
Kolkata,Dum dum,ZONE,Rajarhat
Visakhapatnam,Gajuwaka,ZONE,Purushothapuram
Tiruchirappalli,Tiruchirappalli,ZONE,Regional Engineering College .
Tirunelveli,Tirunelveli,ZONE,Panagudi
Bangalore,Vijayanagar,ZONE,Ullal Upanagara
Faridabad,Faridabad,ZONE,Alika
Ranchi,Ranchi,ZONE,Neori Vikas Vidyalaya
Kottayam,Kottayam,ZONE,Manalunkal
São Paulo,Santana,ZONE,Imirim
São Paulo,Vila Mariana,ZONE,Vila Gumercindo
Chittoor,Chittoor,ZONE,Chodavaram
Allahabad,Allahabad,ZONE,Madhonagar Bigahia
Bhopal,Central Bhopal,ZONE,M.P. Vidhan Sabha
Chittoor,Chittoor,ZONE,Chiguruvada
Guntur,Guntur,ZONE,Gottipadu
Guntur,Guntur,ZONE,Durgi
Warangal,Warangal,ZONE,Narsimhasagar
Guntur,Guntur,ZONE,Reddypalem
Mohali,Mohali,ZONE,Dhanauri
Hooghly,Hooghly,ZONE,Kanui Banka
Jaipur,Vidhyadhar Nagar,ZONE,Vidhyadhar Nagar
Mysore,Mysore,ZONE,Channamgere
Mysore,Mysore,ZONE,Dornahalli
Mysore,Mysore,ZONE,Saligrama
Guntur,Guntur,ZONE,Stuvartpuram Colony
Kolkata,Dum dum,ZONE,Ashokegarh
Ernakulam,Panampilly Nagar,ZONE,Palliport
Tirunelveli,Tirunelveli,ZONE,Ilyarasanendal
Warangal,Warangal,ZONE,Jaipur
Hyderabad,Langer house,ZONE,Langar Houz
Erode,Erode,ZONE,Thurambadi
Madurai,Madurai,ZONE,Municipal Colony
Madurai,Madurai,ZONE,Madurai Railway Divl Office
Salem,Salem,ZONE,Navalur
Gurgaon,Manesar,ZONE,Gurgaon Sector 113
Delhi,Mehrauli,ZONE,Asola
Salem,Salem,ZONE,Vellaiyur
South Tangerang,South Tangerang,ZONE,Lengkong Wetan
Indore,Palasia,ZONE,Malwa Mill
North 24 Parganas,North 24 Parganas,ZONE,Madanpur Krishnapur
Noida,Sector 71,ZONE,Sector 34
Hooghly,Hooghly,ZONE,Balundi
Hooghly,Hooghly,ZONE,Bishnupur
Mangalore,Mangalore,ZONE,Bajpe Airport
Gurgaon,Sector43,ZONE,Sushant Lok II
Ranchi,Ranchi,ZONE,Tati
Mangalore,Mangalore,ZONE,Gurpur
Mysore,Mysore,ZONE,Rayanakere
Ranchi,Ranchi,ZONE,Hundru
Ranchi,Ranchi,ZONE,Railway Colony Hatia
Ernakulam,Kakkanad,ZONE,Pindimana
Mysore,Mysore,ZONE,Ittigegud
North Goa,North Goa,ZONE,N B Verem
North 24 Parganas,North 24 Parganas,ZONE,Boaldah
Jaipur,Durgapura,ZONE,Mahaveer Nagar
Ahmedabad,Maninagar,ZONE,Rajpur Gomtipur
Kannur,Kannur,ZONE,Ezhome
Hooghly,Hooghly,ZONE,Helan
Salem,Salem,ZONE,Sendarapatti
South Tangerang,South Tangerang,ZONE,Kademangan
Indore,Palasia,ZONE,Shivaji Nagar
Mohali,Mohali,ZONE,Sector-63
Noida,Sector 62,ZONE,Sector 62
Warangal,Warangal,ZONE,Yenkiryal
Allahabad,Allahabad,ZONE,Nidura
Chittoor,Chittoor,ZONE,Balijapalli
Panchkula,Panchkula,ZONE,Sector- 23
Mangalore,Mangalore,ZONE,Bajal
Kannur,Kannur,ZONE,Chittariparamba
Ernakulam,Tripunithura,ZONE,Kizhmuri
Ernakulam,Tripunithura,ZONE,Thirumarady
Amritsar,Amritsar,ZONE,Bhucher Kalan
Guntur,Guntur,ZONE,Kunkalagunta
Madurai,Madurai,ZONE,Kumaram
North 24 Parganas,North 24 Parganas,ZONE,Golabari Bazar
North 24 Parganas,North 24 Parganas,ZONE,Hatkurulia
Quezon City,Quezon Region,ZONE,Bagong Lipunan ng Crame
Quezon City,Quezon Region,ZONE,Quezon City
Kannur,Kannur,ZONE,Payyavur
Mysore,Mysore,ZONE,Nanjangud
Mysore,Mysore,ZONE,Thammadahalli
Karur,Karur,ZONE,Nambagoundanur
Kannur,Kannur,ZONE,Madathil
Madurai,Madurai,ZONE,Erumarpatti
Nashik,Mumbai Naka,ZONE,Ashwin Nagar
Nashik,Mumbai Naka,ZONE,Sadguru Nagar
Bhopal,Old Bhopal,ZONE,Shahjahanbad
Quezon City,Quezon Region,ZONE,Botocan
Nagpur,Sadar,ZONE,Jafar Nagar
Kannur,Kannur,ZONE,Therthally
Mysore,Mysore,ZONE,Halebeedu
Ernakulam,Kakkanad,ZONE,Mookkannur
Ernakulam,Kakkanad,ZONE,Vattaparambu
Kannur,Kannur,ZONE,Mattul North
Ernakulam,Tripunithura,ZONE,Mulanthuruthy
Kannur,Kannur,ZONE,Kuttiyattur
Kannur,Kannur,ZONE,Nediyenga
Kottayam,Kottayam,ZONE,Ettumanur
Warangal,Warangal,ZONE,Dharmasagar
Agra,Delhi Gate,ZONE,Dahtora
Allahabad,Allahabad,ZONE,Bakajalalpur
North Goa,North Goa,ZONE,Morlem
Madurai,Madurai,ZONE,Karuvanur
Lucknow,Gomtinagar,ZONE,Vivek Khand
Tangerang,Tangerang,ZONE,Sangiang Jaya
Tangerang,Tangerang,ZONE,Tanjakan Mekar
Noida,Sector 50,ZONE,Sector 74
Surat,Katragam,ZONE,Begampura
Mangalore,Mangalore,ZONE,Permannur
Kottayam,Kottayam,ZONE,Kodumpidi
Aurangabad,Aurangabad,ZONE,Jatwada
Puducherry,Puducherry,ZONE,Kuilapalayam
Chittoor,Chittoor,ZONE,Kallupalle
Amritsar,Amritsar,ZONE,Kaleke
Chennai,Chennai South East 2,ZONE,Chepauk
Karur,Karur,ZONE,Noyyal
Nellore,Nellore,ZONE,Punnur
Madurai,Madurai,ZONE,Sithalai
Jakarta,Cempaka Putih/Kemayoran/Menteng/Tanah abang,ZONE,Gondangdia
Tangerang,Tangerang,ZONE,Mekar Baru
Puducherry,Puducherry,ZONE,Housing Board Colony
North 24 Parganas,North 24 Parganas,ZONE,Sassadanga
Gurgaon,Badsharpur,ZONE,Gurgaon Sector 62
Bangalore,Banashankari + RR Nagar,ZONE,Vinayaka Layout
Chennai,Chennai South West 2,ZONE,Santhosapuram
Singapore,Ang Mo Kio,ZONE,Serangoon
Faridabad,Faridabad,ZONE,Rasulpur
Mysore,Mysore,ZONE,Martikyathanahalli
Ernakulam,Tripunithura,ZONE,Karimugal
Thiruvananthapuram,Thiruvananthapuram,ZONE,Maruthikunnu
Thrissur,Thrissur,ZONE,Poomala
Salem,Salem,ZONE,Mothaiyanur
Bhopal,Central Bhopal,ZONE,Arera Hills
Tiruchirappalli,Tiruchirappalli,ZONE,Servaikaranpatti
Bangalore,Banashankari + RR Nagar,ZONE,Banashankari 2nd Stage
Thiruvananthapuram,Thiruvananthapuram,ZONE,Paluvally
Thrissur,Thrissur,ZONE,Pullut
Aurangabad,Aurangabad,ZONE,Chikatgaon
Tiruchirappalli,Tiruchirappalli,ZONE,Bikshandarkoil
Chittoor,Chittoor,ZONE,Madanapalle
Allahabad,Allahabad,ZONE,Upraura
Chittoor,Chittoor,ZONE,Thumba
Allahabad,Allahabad,ZONE,Katghar
Chittoor,Chittoor,ZONE,Kotalam
Lucknow,Hazratganj,ZONE,Sathwara
Kanpur,Kakadeo,ZONE,Iit
Bilaspur,Bilaspur,ZONE,Kenda
Chittoor,Chittoor,ZONE,Srikaverirajapuram
Nellore,Nellore,ZONE,Chemadala
Erode,Erode,ZONE,Thoppampalayam
Kolkata,Gariahat,ZONE,Rash Behari Avenue
Guntur,Guntur,ZONE,Pedagollapalem
Delhi,Dwarka,ZONE,Dwarka Sector 28
Erode,Erode,ZONE,Kilwani
Madurai,Madurai,ZONE,Kuduseri
Salem,Salem,ZONE,Metturdam RS
Tangerang,Tangerang,ZONE,Paninggilan Utara
Bhopal,East Bhopal,ZONE,Minal Residency
North 24 Parganas,North 24 Parganas,ZONE,Belta
Panchkula,Panchkula,ZONE,Damaloan
Jakarta,PuloGadung/Duren Sawit,ZONE,Pulo Gadung
Quezon City,Quezon Region,ZONE,Ugong Norte
Hyderabad,Himayat nagar,ZONE,Tank Bund
Panchkula,Panchkula,ZONE,Sector- 17
Panchkula,Panchkula,ZONE,Sector- 28
Mysore,Mysore,ZONE,Hampapura
Ranchi,Ranchi,ZONE,Makka
Mysore,Mysore,ZONE,G S Ashram
Kottayam,Kottayam,ZONE,Thirunakkara
Kottayam,Kottayam,ZONE,Pulickakavala
Kottayam,Kottayam,ZONE,Santhipuram
Kottayam,Kottayam,ZONE,Mukkoottuthara
Lucknow,Aliganj,ZONE,Balaganj
Kottayam,Kottayam,ZONE,Velloor
Kozhikode,Kozhikode,ZONE,Pannikkottur
Nashik,Gangapur Road,ZONE,Neminagar
Warangal,Warangal,ZONE,Kammepalli
Warangal,Warangal,ZONE,Palakurthy
Lucknow,Ashiyana,ZONE,Chaupatiyan
Lucknow,Ashiyana,ZONE,D S Bazar
Kozhikode,Kozhikode,ZONE,Kurinhaliyode
Thiruvananthapuram,Thiruvananthapuram,ZONE,Anjengo
Thiruvananthapuram,Thiruvananthapuram,ZONE,Karimanal
Thrissur,Thrissur,ZONE,Vellattanjur
Aurangabad,Aurangabad,ZONE,Talpimpri
Aurangabad,Aurangabad,ZONE,Waluj
Nellore,Nellore,ZONE,Vallipedu
Chennai,Chennai Central,ZONE,Mogappair West
Karur,Karur,ZONE,Vayalur
Nellore,Nellore,ZONE,Gudur East
Nellore,Nellore,ZONE,Vodur
Madurai,Madurai,ZONE,Ganjampatti
Salem,Salem,ZONE,Periasoragai
Warangal,Warangal,ZONE,Madhupalli
Allahabad,Allahabad,ZONE,Pipari
Allahabad,Allahabad,ZONE,Sonai
Aurangabad (BH),Aurangabad (BH),ZONE,Barabanadih
Bilaspur,Bilaspur,ZONE,Ratanpur
Hooghly,Hooghly,ZONE,Mankundu
Hooghly,Hooghly,ZONE,Sogandha
Erode,Erode,ZONE,Vasavi College
Erode,Erode,ZONE,Voipodi
Salem,Salem,ZONE,Iluppanatham
Jakarta,Setiabudi/Tebet/Kuningan,ZONE,Tebet Timur
Kolkata,Santoshpur,ZONE,Bidhangarh
Puducherry,Puducherry,ZONE,Nettapakkam
Salem,Salem,ZONE,Elampillai
Ranchi,Ranchi,ZONE,Birda
Thiruvananthapuram,Thiruvananthapuram,ZONE,Parakunnu
Thrissur,Thrissur,ZONE,Thamarayur
Mysore,Mysore,ZONE,Mutthur
East Khasi Hills,Shillong-East Khasi Hills,ZONE,Mawkhanu
East Khasi Hills,Shillong-East Khasi Hills,ZONE,Shillong
Bangalore,JP Nagar,ZONE,JP Nagar 2 Phase
Tirunelveli,Tirunelveli,ZONE,Perungudi
Warangal,Warangal,ZONE,Nallballi
Allahabad,Allahabad,ZONE,Shivgarh
Bhopal,Old Bhopal,ZONE,Hamidia Road
Tiruchirappalli,Tiruchirappalli,ZONE,Melarasur
Warangal,Warangal,ZONE,Anepur
Amritsar,Amritsar,ZONE,Bhalojla
Greater Noida,Greater Noida,ZONE,Tilapta Karanwas
Guwahati,Guwahati,ZONE,Indrapur
Tirunelveli,Tirunelveli,ZONE,Dhamodarnagar
Chittoor,Chittoor,ZONE,Rapurivaripalle
Lucknow,Aliganj,ZONE,Bahargaon
Bilaspur,Bilaspur,ZONE,Bahtarai
Meerut,Sadar Bazaar,ZONE,Anoopnagar Fazalpur
Guntur,Guntur,ZONE,Mathukumalli
Erode,Erode,ZONE,Kullampalayam
Madurai,Madurai,ZONE,Yelumalai
Hooghly,Hooghly,ZONE,Panchgora
North 24 Parganas,North 24 Parganas,ZONE,Naldugri
North 24 Parganas,North 24 Parganas,ZONE,Natagarh
Mumbai,Fort area,ZONE,Pydhonie
Mumbai,Powai,ZONE,Saki Vihar Road
Tangerang,Tangerang,ZONE,Pasanggrahan
Faridabad,Faridabad,ZONE,Aharwan
Bhubaneswar,Bhubaneswar,ZONE,Amankud
Ernakulam,Kakkanad,ZONE,Erumathala
Kottayam,Kottayam,ZONE,Kalathoor
Nellore,Nellore,ZONE,Valamedu
Tiruchirappalli,Tiruchirappalli,ZONE,M.Puthur
Chittoor,Chittoor,ZONE,Guttapalem
Chittoor,Chittoor,ZONE,Mudupulavemula
Guntur,Guntur,ZONE,Gullapalli
Erode,Erode,ZONE,Veerappampalayam
Pune,Kothrud,ZONE,Paud Road
Ernakulam,Kakkanad,ZONE,Ezhikkara
Kottayam,Kottayam,ZONE,Fathimapuram
Tirunelveli,Tirunelveli,ZONE,Rajagopalaperi
Allahabad,Allahabad,ZONE,Beri
Chittoor,Chittoor,ZONE,Bandakindapalle
Guntur,Guntur,ZONE,Pittalavanipalem
Amritsar,Amritsar,ZONE,Jasrur
Guntur,Guntur,ZONE,Pesarlanka
Amritsar,Amritsar,ZONE,Kamalpur
Chittoor,Chittoor,ZONE,Jambuvaripalle
Salem,Salem,ZONE,Pagadupattu
Allahabad,Allahabad,ZONE,Pipalgaon
Amritsar,Amritsar,ZONE,Mallowal
Karur,Karur,ZONE,Marudur
Hyderabad,Himayat nagar,ZONE,Khairatabad
Nellore,Nellore,ZONE,Venkanapuram
Lucknow,Gomtinagar,ZONE,Vipul khand
Tangerang,Tangerang,ZONE,Cisereh
North 24 Parganas,North 24 Parganas,ZONE,Manaikati
Chittoor,Chittoor,ZONE,Sivadi
Chittoor,Chittoor,ZONE,Veerakaveri Rajapuram
Chittoor,Chittoor,ZONE,Kalroadpalle
Amritsar,Amritsar,ZONE,Bal Sarai
Faridabad,Faridabad,ZONE,Fatehpur Tagga
Ranchi,Ranchi,ZONE,Khijri
Mysore,Mysore,ZONE,Nerale
Ernakulam,Kakkanad,ZONE,Kumarapuram
Kottayam,Kottayam,ZONE,Keezhoor
Aurangabad,Aurangabad,ZONE,Dahegaon
Tiruchirappalli,Tiruchirappalli,ZONE,Vadamalaipatti
Kannur,Kannur,ZONE,Nedumpoil
Pune,Pimpri chinchwad,ZONE,Kasarwadi
Pune,Vishrantwadi,ZONE,Viman Nagar
Nellore,Nellore,ZONE,Peddapariya
Chittoor,Chittoor,ZONE,K.M.Agraharam
Bilaspur,Bilaspur,ZONE,Silpahri
Bilaspur,Bilaspur,ZONE,Marwahi
Lucknow,Hazratganj,ZONE,Badiyan
North Goa,North Goa,ZONE,Corjuim
Guntur,Guntur,ZONE,Lingaraopalem
Salem,Salem,ZONE,Kallanatham
Salem,Salem,ZONE,Karumapuram
Kolkata,Dum dum,ZONE,Dum Dum Park
Puducherry,Puducherry,ZONE,Pudupalaiyam
Bangalore,JP Nagar,ZONE,Akshaya nagar
Kannur,Kannur,ZONE,Puliyanambram
Kottayam,Kottayam,ZONE,Marangattupally
Tiruchirappalli,Tiruchirappalli,ZONE,Thoppanaickenpatti
Tirunelveli,Tirunelveli,ZONE,Sivandipuram
Tirunelveli,Tirunelveli,ZONE,Tirunelveli Collectorate
Aurangabad (BH),Aurangabad (BH),ZONE,Salaiya
Aurangabad (BH),Aurangabad (BH),ZONE,Narainpur
Bilaspur,Bilaspur,ZONE,Pendra
Puducherry,Puducherry,ZONE,Thattanchavady
North Goa,North Goa,ZONE,Pernem
Mangalore,Mangalore,ZONE,Kodangallu
Mangalore,Mangalore,ZONE,Kunjathbail
Mangalore,Mangalore,ZONE,Nithyanandanagar
Salem,Salem,ZONE,Kamaraj Nagar Colony
Tangerang,Tangerang,ZONE,Sarakan
Kolkata,Dum dum,ZONE,Joramandir
Delhi,Patparganj,ZONE,Ganesh Nagar
Surat,Vesu,ZONE,Umra
Mysore,Mysore,ZONE,Rajanabilugali
Mysore,Mysore,ZONE,Bannur
Salem,Salem,ZONE,Kongupatti
Kolkata,Park street,ZONE,Abinash Chaowdhury Lane
Singapore,Clementi,ZONE,Science Park
Guntur,Guntur,ZONE,Chinakodamagundla
Jaipur,Jhotwara,ZONE,Jalsu
Guntur,Guntur,ZONE,Potluru
Salem,Salem,ZONE,Kanakkampatti
Nashik,Panchavati,ZONE,Madhuban colony
Anantapur,Anantapur,ZONE,Aravinda Nagar
Hyderabad,Sanath nagar,ZONE,Kutbullapur
Faridabad,Faridabad,ZONE,Amarnagar
Kozhikode,Kozhikode,ZONE,Nallalam
Thrissur,Thrissur,ZONE,Chelakkara
Thrissur,Thrissur,ZONE,Chemmannur
Thrissur,Thrissur,ZONE,Karumathra
Nellore,Nellore,ZONE,Singareddipalli
Aurangabad,Aurangabad,ZONE,Shekta
Tiruchirappalli,Tiruchirappalli,ZONE,Alagagoundanpatti
Tiruchirappalli,Tiruchirappalli,ZONE,Anampatti
Guntur,Guntur,ZONE,Pedakancherla
Erode,Erode,ZONE,Vellitirupur
Karur,Karur,ZONE,Kulittalai Periyapalam
Jakarta,Kelapa Gading,ZONE,Kebon Bawang
Hooghly,Hooghly,ZONE,Sripur Bazar
North 24 Parganas,North 24 Parganas,ZONE,Golghar
Faridabad,Faridabad,ZONE,Old Faridabad
Tiruchirappalli,Tiruchirappalli,ZONE,Pukkathurai
Tirunelveli,Tirunelveli,ZONE,Pungampatti
Delhi,Preet vihar,ZONE,Jagatpuri
Ludhiana,Ludhiana Zone 3,ZONE,New Janta Nagar
Guntur,Guntur,ZONE,Isukapalle
Guntur,Guntur,ZONE,Ramireddipalem
Karur,Karur,ZONE,East Thavittupalayam
Chittoor,Chittoor,ZONE,Marella
Thrissur,Thrissur,ZONE,Triprayar
Salem,Salem,ZONE,Chettipatti
Salem,Salem,ZONE,Mac Donalds Choultry
Tiruchirappalli,Tiruchirappalli,ZONE,Koppu
Tirunelveli,Tirunelveli,ZONE,Kallur
Allahabad,Allahabad,ZONE,Koraur
Aurangabad (BH),Aurangabad (BH),ZONE,Fesher
Aurangabad (BH),Aurangabad (BH),ZONE,Pauthu
Mangalore,Mangalore,ZONE,Maroor
Hooghly,Hooghly,ZONE,Alipur
Hooghly,Hooghly,ZONE,Nagbal
Quezon City,Quezon Region,ZONE,Sikatuna Village
Ahmedabad,Saraspur,ZONE,Girdharnagar
Faridabad,Faridabad,ZONE,Neemka
Nellore,Nellore,ZONE,Rachavaripalli
Bangalore,Koramangala,ZONE,Koramangala 6 Block
Bangalore,Whitefield,ZONE,Dommasandra
Allahabad,Allahabad,ZONE,Begumsarai
Guwahati,Guwahati,ZONE,Debgotanagar
Warangal,Warangal,ZONE,Mulkalapally
Chittoor,Chittoor,ZONE,Nerabailu
Allahabad,Allahabad,ZONE,Dubaha
Bilaspur,Bilaspur,ZONE,Pasid
Amritsar,Amritsar,ZONE,Wadala Johal
Jaipur,Raja Park,ZONE,Khori
Erode,Erode,ZONE,Kurichi
Madurai,Madurai,ZONE,Madurai Agricultural College
Tangerang,Tangerang,ZONE,Benda
Ernakulam,Tripunithura,ZONE,Kadalikkad
Meerut,Saket Ganganagar,ZONE,Ganga Nagar
North 24 Parganas,North 24 Parganas,ZONE,Panchita
Anantapur,Anantapur,ZONE,Gooty
Mumbai,Fort area,ZONE,Masjid Bunder
Chennai,Chennai South East 1,ZONE,Panayur
Guntur,Guntur,ZONE,Macherla
Aurangabad,Aurangabad,ZONE,Nander
Aurangabad,Aurangabad,ZONE,Nilajgaon
Visakhapatnam,Maharanipeta,ZONE,Gandhigram
Bangalore,Banashankari + RR Nagar,ZONE,Kumaraswamy Layout
Warangal,Warangal,ZONE,Reddial
Warangal,Warangal,ZONE,Dammannapet
Aurangabad (BH),Aurangabad (BH),ZONE,Sattar
Thrissur,Thrissur,ZONE,Nalukettu
Nellore,Nellore,ZONE,Nellore Ceremic Factory
Delhi,Greater kailash,ZONE,Kailash Colony
Chandigarh,Sector 20,ZONE,Manimajra MT
Chittoor,Chittoor,ZONE,Nekalachinnapalle
Chittoor,Chittoor,ZONE,Renigunta
Tiruchirappalli,Tiruchirappalli,ZONE,Adhanur
Amritsar,Amritsar,ZONE,Sjs Avenue
Noida,Sector 50,ZONE,Sector 46
Bhubaneswar,Bhubaneswar,ZONE,Bhanranizigarh
Hooghly,Hooghly,ZONE,Borai
Erode,Erode,ZONE,Pasur
Guntur,Guntur,ZONE,Stuvartpuram
Guntur,Guntur,ZONE,Nagulavaram
Madurai,Madurai,ZONE,Mangalrevu
Jakarta,Cempaka Putih/Kemayoran/Menteng/Tanah abang,ZONE,Kramat
Madurai,Madurai,ZONE,Andipatti
Faridabad,Faridabad,ZONE,Seoli
Hooghly,Hooghly,ZONE,Kumirmorah
North 24 Parganas,North 24 Parganas,ZONE,Raikhan
Jaipur,Raja Park,ZONE,Bassi
Ernakulam,Panampilly Nagar,ZONE,Elamkunnapuzha
Kannur,Kannur,ZONE,Kokkanisseri
Madurai,Madurai,ZONE,Velichanatham
Madurai,Madurai,ZONE,Gnanaolivupuram
Hyderabad,Kachiguda,ZONE,Red Hills
North 24 Parganas,North 24 Parganas,ZONE,Kanchrapara
Delhi,Dwarka,ZONE,Dwarka Sector 22
Visakhapatnam,MVP,ZONE,Seethammadhara
Chittoor,Chittoor,ZONE,Bhimavaram
Aurangabad (BH),Aurangabad (BH),ZONE,Barun
Ahmedabad,Memnagar,ZONE,Hebatpur
Chandigarh,Sector 36,ZONE,Sector-33
Faridabad,Faridabad,ZONE,Sector-14
Kottayam,Kottayam,ZONE,Thazhathangady
Mangalore,Mangalore,ZONE,Hampankatta
Mysore,Mysore,ZONE,Jyothinagar
Ernakulam,Kakkanad,ZONE,Aruvappara
Ranchi,Ranchi,ZONE,"Project Director, J.E.P.C"
Ranchi,Ranchi,ZONE,Sikidiri
Erode,Erode,ZONE,Pondilingapuram
North Goa,North Goa,ZONE,Dona Paula
Noida,Sector 71,ZONE,Sector 119
Ranchi,Ranchi,ZONE,Binja
Ranchi,Ranchi,ZONE,Raghunathpur
Salem,Salem,ZONE,Chittoor
Salem,Salem,ZONE,Kannanderi
North 24 Parganas,North 24 Parganas,ZONE,Rajarhat
Guntur,Guntur,ZONE,Kondapaturu
Jaipur,Malviya Nagar,ZONE,Jagatpura
Guntur,Guntur,ZONE,Tallapalem
Guntur,Guntur,ZONE,Chatragadda
Madurai,Madurai,ZONE,Thanakkankulam
Salem,Salem,ZONE,Pudupalayam
Faridabad,Faridabad,ZONE,Khatela Sarai
North 24 Parganas,North 24 Parganas,ZONE,Machibhanga
Kozhikode,Kozhikode,ZONE,Kottakkal-igl
Tiruchirappalli,Tiruchirappalli,ZONE,Sergudi
Tiruchirappalli,Tiruchirappalli,ZONE,Srinivasanagar
Warangal,Warangal,ZONE,Dumpaligudem
Mangalore,Mangalore,ZONE,Padukonaje
Tirunelveli,Tirunelveli,ZONE,Pillaiyarkulam
Chittoor,Chittoor,ZONE,Nagaripalle
Allahabad,Allahabad,ZONE,Deeha
Navi Mumbai,Vashi,ZONE,Vashi Sector-26
Chennai,Chennai Central,ZONE,Chetpet
Nellore,Nellore,ZONE,Penubarthi
Mohali,Mohali,ZONE,Phase 3B-1
Guntur,Guntur,ZONE,Vetapalem
Amritsar,Amritsar,ZONE,Chhajalwindi
Amritsar,Amritsar,ZONE,Dhaul Kalan
Amritsar,Amritsar,ZONE,Gohalwar Warpal
Guntur,Guntur,ZONE,Nizampatnam
Ernakulam,Tripunithura,ZONE,Puthencruz
Nellore,Nellore,ZONE,Alliguntapalem
Madurai,Madurai,ZONE,Yanaikkal
Madurai,Madurai,ZONE,Kadupatti
Madurai,Madurai,ZONE,Kuttimeichanpatti
Tangerang,Tangerang,ZONE,Kramat
Hyderabad,Sanath nagar,ZONE,A G Colony
Ranchi,Ranchi,ZONE,Norhi
Puducherry,Puducherry,ZONE,Sellipet
Ranchi,Ranchi,ZONE,Ranikhatanga
Mangalore,Mangalore,ZONE,Kavathar
Mangalore,Mangalore,ZONE,Kolambe
Salem,Salem,ZONE,Kuppampatti
Hooghly,Hooghly,ZONE,Rajhati Bandar
Hooghly,Hooghly,ZONE,Gobarara
North 24 Parganas,North 24 Parganas,ZONE,Bhabla
Quezon City,Quezon Region,ZONE,Salvacion
Mumbai,Dahisar,ZONE,Mira Road
South Goa,South Goa,ZONE,Benaulim
South Goa,South Goa,ZONE,Margao
Singapore,Tampines,ZONE,Tampines
Noida,Sector 50,ZONE,Sector 76
Ranchi,Ranchi,ZONE,Ray
Ernakulam,Kakkanad,ZONE,Aluva
Ranchi,Ranchi,ZONE,Namkum
Mysore,Mysore,ZONE,Galigekere
Kannur,Kannur,ZONE,Kankol
Kottayam,Kottayam,ZONE,Peroor
Tirunelveli,Tirunelveli,ZONE,Eruvadi
Tirunelveli,Tirunelveli,ZONE,Singampathu
Agra,Taj Ganj,ZONE,509command
Chittoor,Chittoor,ZONE,Sriramapuram
Bilaspur,Bilaspur,ZONE,Pharhada
Lucknow,Ashiyana,ZONE,Utrathia
North Goa,North Goa,ZONE,Corgao
Guntur,Guntur,ZONE,Vaddemgunta
Nellore,Nellore,ZONE,Rajuvari Chintalapalem
San Juan,San Juan Region,ZONE,Bayan-Bayanan
Pune,Bibvewadi,ZONE,NIBM
Ranchi,Ranchi,ZONE,Lapa
Mangalore,Mangalore,ZONE,Nadugodu
Ernakulam,Kakkanad,ZONE,Gothuruthy
Thiruvananthapuram,Thiruvananthapuram,ZONE,Vellarada
Chittoor,Chittoor,ZONE,Pullur
Aurangabad (BH),Aurangabad (BH),ZONE,Shekhpura
Lucknow,Hazratganj,ZONE,Bahroo
Guntur,Guntur,ZONE,Potharlanka
Kannur,Kannur,ZONE,Iriveri
Gurgaon,CivilLines,ZONE,Gurgaon Sector 16
Faridabad,Faridabad,ZONE,Deeg
Panchkula,Panchkula,ZONE,Industrial Area Phase- 2
Karur,Karur,ZONE,Karudayampalayam
Surat,Varaccha,ZONE,Sania Hemad
North 24 Parganas,North 24 Parganas,ZONE,Hatiara
Quezon City,Quezon Region,ZONE,University of the Philippines Diliman
Singapore,City,ZONE,Clarke Quay
Singapore,Tampines,ZONE,Joo Chiat
Faridabad,Faridabad,ZONE,Khambi
Mysore,Mysore,ZONE,Bendravadi
Mysore,Mysore,ZONE,Hemmaragala
Nagpur,Ramdaspeth,ZONE,Pratap Nagar
Salem,Salem,ZONE,Kavandampatti
São Paulo,Lapa,ZONE,Parque Continental
Kannur,Kannur,ZONE,Kalanki
Ranchi,Ranchi,ZONE,Dakra Colliery
Ernakulam,Tripunithura,ZONE,Edakkattuvayal
Ernakulam,Tripunithura,ZONE,Pulickamaly
Lucknow,Ashiyana,ZONE,Sainik Nagar
Kottayam,Kottayam,ZONE,Malloossery
Kottayam,Kottayam,ZONE,Kanjirathanam
Aurangabad,Aurangabad,ZONE,Debhegaon
Nellore,Nellore,ZONE,Gandlavedu
Salem,Salem,ZONE,Kalpaganur
North 24 Parganas,North 24 Parganas,ZONE,Habra
Nellore,Nellore,ZONE,Sagutur
Kozhikode,Kozhikode,ZONE,Vattoli
Thiruvananthapuram,Thiruvananthapuram,ZONE,PMG Jn
Thiruvananthapuram,Thiruvananthapuram,ZONE,TV Museum
Thrissur,Thrissur,ZONE,Tali
Thrissur,Thrissur,ZONE,Ayyappankavu
Tirunelveli,Tirunelveli,ZONE,Urkad
Bangalore,shivajinagar + MG Road,ZONE,St.Marks road
Bangalore,Banaswadi,ZONE,Kalkere
Tirunelveli,Tirunelveli,ZONE,Madavakurichi
Tirunelveli,Tirunelveli,ZONE,Tirunelveli Town
Bangalore,Majestic,ZONE,Srirampuram
Chittoor,Chittoor,ZONE,Marrikuntapalle
Aurangabad (BH),Aurangabad (BH),ZONE,Umga
Aurangabad (BH),Aurangabad (BH),ZONE,Nabinagar
Guntur,Guntur,ZONE,Pedapulivarru
Guntur,Guntur,ZONE,Nadimpalli
Erode,Erode,ZONE,Suriappampalayam
San Juan,San Juan Region,ZONE,Barangka Itaas
North 24 Parganas,North 24 Parganas,ZONE,Uttar Kashipur
Delhi,Cannought place,ZONE,Ashoka Road
Surat,Katragam,ZONE,Mota Varachha
Pune,Hadapsar,ZONE,Keshav Nagar
Hooghly,Hooghly,ZONE,Kantali
Ranchi,Ranchi,ZONE,Mahugaon
Guntur,Guntur,ZONE,Butumalli
Guntur,Guntur,ZONE,Jangalapalle
Tangerang,Tangerang,ZONE,Caringin
Mangalore,Mangalore,ZONE,Padil
North Goa,North Goa,ZONE,Guleli
Kannur,Kannur,ZONE,Sankaranellur
Kolkata,Santoshpur,ZONE,Badartala
North 24 Parganas,North 24 Parganas,ZONE,Tangra Colony
Ghaziabad,Raj Nagar,ZONE,Raj Nagar
Erode,Erode,ZONE,Gettisamudram
Nellore,Nellore,ZONE,Dakkili
Tangerang,Tangerang,ZONE,Sentul Jaya
North 24 Parganas,North 24 Parganas,ZONE,Puranandapally
North 24 Parganas,North 24 Parganas,ZONE,Sodepur
Kottayam,Kottayam,ZONE,Manthuruthy
Hooghly,Hooghly,ZONE,Gopinagar
Erode,Erode,ZONE,Vadugapatti
Kottayam,Kottayam,ZONE,Mallikasery
Kozhikode,Kozhikode,ZONE,Poovaranthod
Thiruvananthapuram,Thiruvananthapuram,ZONE,Panachamoodu
Tiruchirappalli,Tiruchirappalli,ZONE,Kovathakudi
Tirunelveli,Tirunelveli,ZONE,Kodarankulam
Puducherry,Puducherry,ZONE,Karayamputhur
Vijayawada,Bhavanipuram,ZONE,Krishnalanka
Nellore,Nellore,ZONE,Vennavada
Madurai,Madurai,ZONE,Kulamangalam
Kolkata,Bhowanipore,ZONE,Gokhel Road
Kolkata,Salt lake,ZONE,Kolkata Armed Police
Tiruchirappalli,Tiruchirappalli,ZONE,Ayanporuvai
Tiruchirappalli,Tiruchirappalli,ZONE,Manaparai
Warangal,Warangal,ZONE,Timmapet
Bhubaneswar,Bhubaneswar,ZONE,Satyanagar
Puducherry,Puducherry,ZONE,Botanical Garden
Chittoor,Chittoor,ZONE,Mahadevamangalam
North 24 Parganas,North 24 Parganas,ZONE,Kishorenagar Jalalpur
North 24 Parganas,North 24 Parganas,ZONE,Zafarpur
Nellore,Nellore,ZONE,Chapalapalli
Madurai,Madurai,ZONE,Thadayampatti
Nashik,Gangapur Road,ZONE,Shramik Nagar
Visakhapatnam,Maharanipeta,ZONE,Jagadamba Junction
Bangalore,Koramangala,ZONE,SG Palya (Kormangla)
Jakarta,Kebon Jeruk/Tomang/Slipi,ZONE,Tanjung Duren Utara
Lucknow,Gomtinagar,ZONE,Chinhat
Thrissur,Thrissur,ZONE,Chalingad
Salem,Salem,ZONE,Salem A.R. Lines
Salem,Salem,ZONE,Kaligoundampalayam
Bhopal,East Bhopal,ZONE,Ayodhaya Nagar
Nellore,Nellore,ZONE,Kondlapudi
Visakhapatnam,Dwaraka Nagar,ZONE,Akkayyapalem
Tiruchirappalli,Tiruchirappalli,ZONE,Thottiam
South Goa,South Goa,ZONE,Chinchinim
Ahmedabad,Memnagar,ZONE,Ghatlodia
Tirunelveli,Tirunelveli,ZONE,Thulukkarpatti
Kozhikode,Kozhikode,ZONE,Kilakkoth
Thiruvananthapuram,Thiruvananthapuram,ZONE,Kuthirakulam
Thiruvananthapuram,Thiruvananthapuram,ZONE,Meenankal
Tawang,Zimithang,ZONE,Tawang
Nellore,Nellore,ZONE,Nellore Bazar
Nellore,Nellore,ZONE,Vavintaparthi
Salem,Salem,ZONE,Ramalingapuram
Tiruchirappalli,Tiruchirappalli,ZONE,Mullal
Warangal,Warangal,ZONE,Jookal
Tiruchirappalli,Tiruchirappalli,ZONE,Kinathur
Patna,Rajendra Nagar,ZONE,Marufganj
Chittoor,Chittoor,ZONE,Madanambedu
Warangal,Warangal,ZONE,Peddakomati Palli
Tirunelveli,Tirunelveli,ZONE,Gangaikondan
Aurangabad (BH),Aurangabad (BH),ZONE,Turk Telpa
Kakinada,Kakinada,ZONE,Ramanayyapeta
Hooghly,Hooghly,ZONE,Amarpur
Thiruvananthapuram,Thiruvananthapuram,ZONE,Pullanicode
Dantewada,Dantewada,ZONE,Pongabheji
Guntur,Guntur,ZONE,Inumella
Jaipur,Vidhyadhar Nagar,ZONE,Nangal Koju
Karur,Karur,ZONE,Karuppapillaipudur
Madurai,Madurai,ZONE,Tirumanickam
Salem,Salem,ZONE,Ilavampatti
Kannur,Kannur,ZONE,Poyilur
Quezon City,Quezon Region,ZONE,Bahay Toro
Faridabad,Faridabad,ZONE,Hassanpur
Thrissur,Thrissur,ZONE,Vellanikkara
Visakhapatnam,Gajuwaka,ZONE,Gajuwaka
Visakhapatnam,MVP,ZONE,Salagramapuram
Visakhapatnam,Gajuwaka,ZONE,Sontyam
Guwahati,Guwahati,ZONE,Beltola
Chittoor,Chittoor,ZONE,Nellapalle
Thane,Thane Central,ZONE,Kasarvadavali
Warangal,Warangal,ZONE,Veecharani
Guntur,Guntur,ZONE,Ankireddypalem
Delhi,Mehrauli,ZONE,Chattarpur
Amritsar,Amritsar,ZONE,Mehta
Jaipur,Raja Park,ZONE,Amer Road
North Goa,North Goa,ZONE,Siridao
Erode,Erode,ZONE,Michaelpalayam
Bangalore,Marathahalli,ZONE,Yemalur
Erode,Erode,ZONE,Therpatti
Erode,Erode,ZONE,Surianallur
Surat,Vesu,ZONE,Piplod
Tangerang,Tangerang,ZONE,Cireundeu
Indore,Palasia,ZONE,Anoop Nagar
North 24 Parganas,North 24 Parganas,ZONE,Mahananda Para
Taguig,Taguig Region,ZONE,Pinagbuhatan
Bilaspur,Bilaspur,ZONE,Bodri
Ghaziabad,Raj Nagar,ZONE,Pandav Nagar
Jakarta,Kramat Jati/Pasar Rebo,ZONE,Kramat Jati
Singapore,Ang Mo Kio,ZONE,Thomson
Delhi,Preet vihar,ZONE,Nirman Vihar
Erode,Erode,ZONE,Nerinjipettai
Mohali,Mohali,ZONE,Sahauran
Ranchi,Ranchi,ZONE,Ulilohar
Mysore,Mysore,ZONE,Udbur
East Khasi Hills,Shillong-East Khasi Hills,ZONE,Puriang
Kannur,Kannur,ZONE,Kidanhi
Mysore,Mysore,ZONE,Natanahalli
Taguig,Taguig Region,ZONE,Buting
North 24 Parganas,North 24 Parganas,ZONE,Sonepur
North 24 Parganas,North 24 Parganas,ZONE,Taragunia
Jaipur,Jhotwara,ZONE,Jobner
Guntur,Guntur,ZONE,Nalamothuvaripalem
Erode,Erode,ZONE,Kalingiam
Erode,Erode,ZONE,Nanjundapuram
Nellore,Nellore,ZONE,Apparaopalem
Kottayam,Kottayam,ZONE,Marangoli
Kozhikode,Kozhikode,ZONE,Karingad
Kozhikode,Kozhikode,ZONE,Mokeri Nadapuram
Aurangabad,Aurangabad,ZONE,Sawangi Bazar
South Tangerang,South Tangerang,ZONE,Pondok Jagung
Mysore,Mysore,ZONE,Chowthi
Mysore,Mysore,ZONE,Bokkahalli
Ernakulam,Kakkanad,ZONE,Vengoor
Tirunelveli,Tirunelveli,ZONE,Keelapattam
Chittoor,Chittoor,ZONE,Settivaripalle
Aurangabad (BH),Aurangabad (BH),ZONE,Chein
Lucknow,Hazratganj,ZONE,Victoriaganj
Lucknow,Ashiyana,ZONE,Katauli
Coimbatore,Race Course,ZONE,Coimbatore Racecourse
Coimbatore,Sai Baba Colony,ZONE,Venkitapuram
Erode,Erode,ZONE,Vengampur
Hyderabad,Banjara hills,ZONE,Moti Nagar
Salem,Salem,ZONE,Mamangam
Allahabad,Allahabad,ZONE,Ashok Nagar
Kolkata,Park street,ZONE,Linton Street
Kannur,Kannur,ZONE,Nareekamvally
Ranchi,Ranchi,ZONE,Satakanadu
Mysore,Mysore,ZONE,Biligere
Ernakulam,Kakkanad,ZONE,Okkal
Ernakulam,Kakkanad,ZONE,Elanthikara
Kannur,Kannur,ZONE,Kelakam
Nellore,Nellore,ZONE,Venumbaka
Madurai,Madurai,ZONE,Pudusukkampatti
Salem,Salem,ZONE,Kolathur
Hooghly,Hooghly,ZONE,Aymanawabpur
Hooghly,Hooghly,ZONE,Ati
North 24 Parganas,North 24 Parganas,ZONE,Balti
Faridabad,Faridabad,ZONE,Gorota
São Paulo,Santana,ZONE,Vila Nova Cachoeirinha
Nagpur,Wardhaman Nagar,ZONE,Itwari
Ranchi,Ranchi,ZONE,Chittarkota
Ranchi,Ranchi,ZONE,Gitilgarh
Ranchi,Ranchi,ZONE,Turmuli
Mangalore,Mangalore,ZONE,Sasihithlu
Faridabad,Faridabad,ZONE,Alawalpur
Kottayam,Kottayam,ZONE,Kuravilangadu
Kozhikode,Kozhikode,ZONE,Parakkadavu
Thiruvananthapuram,Thiruvananthapuram,ZONE,Anathalavattom
Thrissur,Thrissur,ZONE,Edakkalathur
Aurangabad,Aurangabad,ZONE,Nachanwel
Allahabad,Allahabad,ZONE,Aunta
Amritsar,Amritsar,ZONE,Jagdev Khurd
Lucknow,Ashiyana,ZONE,Dilawarnagar
Guntur,Guntur,ZONE,Chirumamilla
North Goa,North Goa,ZONE,Saligao
Hyderabad,Mehdipatnam,ZONE,Lakdikapul
Salem,Salem,ZONE,Kondalampatti
Salem,Salem,ZONE,Perumagoudampatti
Lucknow,Vikas Nagar,ZONE,Rasoolpur
Kolkata,Dum dum,ZONE,Mansatala
Bangalore,Hebbal + HBR layout,ZONE,Thanisandra
Vadodara,Raopura,ZONE,Baranpura
Kottayam,Kottayam,ZONE,Mundankal
Thiruvananthapuram,Thiruvananthapuram,ZONE,Kuttamala
Tiruchirappalli,Tiruchirappalli,ZONE,Poonampalayam
Puducherry,Puducherry,ZONE,Bommayarpalayam
Chittoor,Chittoor,ZONE,Narasimharajapuram
Allahabad,Allahabad,ZONE,Ugrasen Pur
Lucknow,Ashiyana,ZONE,C&w Work Shop
Bilaspur,Bilaspur,ZONE,Gondadih
Rajahmundry,Rajahmundry,ZONE,Syamalamba Temple
Amritsar,Amritsar,ZONE,Wan Tara Singh
Lucknow,Aliganj,ZONE,Lonikatra
Guntur,Guntur,ZONE,Wahabchowk-tenali
Karur,Karur,ZONE,Puliyur Cement Factory
Karur,Karur,ZONE,Ganesapuram
Ludhiana,Ludhiana Zone 2,ZONE,Nirmal Nagar
Hooghly,Hooghly,ZONE,Mahesh 2
North 24 Parganas,North 24 Parganas,ZONE,Bhanderkhola
Aurangabad,Aurangabad,ZONE,Mahesh Nagar
San Juan,San Juan Region,ZONE,Progreso
Bangalore,Yelahanka,ZONE,Singapura
Ahmedabad,Paldi,ZONE,Bimanagar
Mangalore,Mangalore,ZONE,Daregudde
Thiruvananthapuram,Thiruvananthapuram,ZONE,Panayara
Nellore,Nellore,ZONE,Kolanukuduru
Visakhapatnam,Gajuwaka,ZONE,Rajayyapeta
Tiruchirappalli,Tiruchirappalli,ZONE,Malaiadivaram
East Khasi Hills,Shillong-East Khasi Hills,ZONE,Sohryngkham
Aurangabad,Aurangabad,ZONE,Upali
Guwahati,Guwahati,ZONE,Gotanagar
Amritsar,Amritsar,ZONE,Nawan Kot
Guntur,Guntur,ZONE,Sarangapalle
Guntur,Guntur,ZONE,Jaladi
Amritsar,Amritsar,ZONE,SGPC
Bilaspur,Bilaspur,ZONE,Baimanagoi
Salem,Salem,ZONE,Pappanaickenpatti
South Tangerang,South Tangerang,ZONE,Bakti Jaya
South Tangerang,South Tangerang,ZONE,Pondok Kacang Barat
Tangerang,Tangerang,ZONE,Tanjung Burung
Guntur,Guntur,ZONE,Boddulurupadu
North 24 Parganas,North 24 Parganas,ZONE,Dogachhia Monmohanpur
Quezon City,Quezon Region,ZONE,Balong Bato
North 24 Parganas,North 24 Parganas,ZONE,Masunda
Delhi,Karol bagh,ZONE,Mandi House
Quezon City,Quezon Region,ZONE,San Agustin
Delhi,Lajpat nagar,ZONE,Lajpat Nagar 4
Chennai,Chennai South East 2,ZONE,Montieth Road
Delhi,Preet vihar,ZONE,Shreshtha Vihar
Ernakulam,Kadavanthara,ZONE,Kadavanthra
Kannur,Kannur,ZONE,Valapattanam
Kottayam,Kottayam,ZONE,Mary Land
Thiruvananthapuram,Thiruvananthapuram,ZONE,Nellivila
Nellore,Nellore,ZONE,Sriharikota Range
Aurangabad,Aurangabad,ZONE,Warudkazi
Tirunelveli,Tirunelveli,ZONE,Kabaliparai
Tirunelveli,Tirunelveli,ZONE,Manthiyoor
Lucknow,Aliganj,ZONE,Aliganj Extension
Aurangabad (BH),Aurangabad (BH),ZONE,Belaon
Delhi,Shastri nagar,ZONE,Sarai Rohilla
Kozhikode,Kozhikode,ZONE,Tuneri
Tiruchirappalli,Tiruchirappalli,ZONE,Valanadu
Tiruchirappalli,Tiruchirappalli,ZONE,Alagapuri
Tiruchirappalli,Tiruchirappalli,ZONE,Surampatti
Warangal,Warangal,ZONE,Chinnagaram
Chennai,Chennai Central East,ZONE,Porur
Lucknow,Hazratganj,ZONE,Iradat Nagar
Chittoor,Chittoor,ZONE,Paipalle
Allahabad,Allahabad,ZONE,Chhatnag
Chittoor,Chittoor,ZONE,Patoor
Guntur,Guntur,ZONE,Poondla
Hooghly,Hooghly,ZONE,Buroshibtala
North 24 Parganas,North 24 Parganas,ZONE,Gandharbpur
Hyderabad,Afzal gunj,ZONE,Lal Darwaza
Puducherry,Puducherry,ZONE,Venkata Nagar
Guntur,Guntur,ZONE,Allamudi
Coimbatore,Singanallur,ZONE,Neelikonampalayam
Erode,Erode,ZONE,Varapalayam
Kolkata,Dum dum,ZONE,Deshbandhu Road
Kolkata,Dum dum,ZONE,Ghugudanga
Quezon City,Quezon Region,ZONE,Bagumbayan
Nellore,Nellore,ZONE,Vegur
Chandigarh,Sector 20,ZONE,Sector-28
Ranchi,Ranchi,ZONE,Kakaria
Ranchi,Ranchi,ZONE,Ambapakhna
Ranchi,Ranchi,ZONE,Henjed
Kozhikode,Kozhikode,ZONE,Muthuuvana
Thiruvananthapuram,Thiruvananthapuram,ZONE,Elakamon
Nellore,Nellore,ZONE,Manubolu
Ernakulam,Kakkanad,ZONE,West Veliyathunad
Kottayam,Kottayam,ZONE,Amara
Aurangabad,Aurangabad,ZONE,Antarwali Khandi
Warangal,Warangal,ZONE,Railway Gate
Thiruvananthapuram,Thiruvananthapuram,ZONE,Puthenthope
Thiruvananthapuram,Thiruvananthapuram,ZONE,Mancha
Warangal,Warangal,ZONE,Alimpur
Tiruchirappalli,Tiruchirappalli,ZONE,Iyyampalayam
Tirunelveli,Tirunelveli,ZONE,Northachampatti
Chittoor,Chittoor,ZONE,Kalyani Dam
Dantewada,Dantewada,ZONE,Katekalyan
Chittoor,Chittoor,ZONE,Mangalam
Guntur,Guntur,ZONE,Bus Stand
Bilaspur,Bilaspur,ZONE,Badrathakur
Bilaspur,Bilaspur,ZONE,Sewar
Amritsar,Amritsar,ZONE,Jamarai
Hooghly,Hooghly,ZONE,Baira-kanpur
South Goa,South Goa,ZONE,Vasco-Da-Gama
Erode,Erode,ZONE,Erode Fort
Vadodara,Waghodia Road,ZONE,Nizampura
Hooghly,Hooghly,ZONE,Patna
North 24 Parganas,North 24 Parganas,ZONE,Amta
Chennai,Chennai South East 1,ZONE,Kandanchavadi
Kolkata,Jadavpur,ZONE,Bansdroni
Singapore,Clementi,ZONE,Ghim Moh
Guntur,Guntur,ZONE,Pedanandipadu
South Tangerang,South Tangerang,ZONE,Jelupang
Nashik,Panchavati,ZONE,Mhasrul Gaon
Gurgaon,Badsharpur,ZONE,Sohna Road
Ranchi,Ranchi,ZONE,Subarnrekha Hydai Project
Kannur,Kannur,ZONE,Kanamvayal
Kannur,Kannur,ZONE,Pulikurumba
Kottayam,Kottayam,ZONE,Kanjiram
Kottayam,Kottayam,ZONE,Aruvikuzhy
Bangalore,JP Nagar,ZONE,JP Nagar 4 Phase
Bangalore,Hebbal + HBR layout,ZONE,Hebbal
Warangal,Warangal,ZONE,Koppula
Tirunelveli,Tirunelveli,ZONE,Senthimanagalam
Allahabad,Allahabad,ZONE,Nibi Kalan
Aurangabad (BH),Aurangabad (BH),ZONE,Barkapandu
Bilaspur,Bilaspur,ZONE,Amadand
Bilaspur,Bilaspur,ZONE,Nimdha
Amritsar,Amritsar,ZONE,Bhallapind
Guntur,Guntur,ZONE,Narnepadu
Amritsar,Amritsar,ZONE,Kot Khera
Chennai,Chennai Central,ZONE,Koyambedu
Karur,Karur,ZONE,Parali
Karur,Karur,ZONE,Poyyamani
Nellore,Nellore,ZONE,Naidupalem
Madurai,Madurai,ZONE,Nachikulam
Jakarta,Kelapa Gading,ZONE,Pegangsaan Dua
Salem,Salem,ZONE,Mangalam
Tangerang,Tangerang,ZONE,Gelam Jaya
North 24 Parganas,North 24 Parganas,ZONE,Tetulbaria
Vadodara,Raopura,ZONE,Anandpura
Gurgaon,Sector43,ZONE,Gurgaon Sector 40
Hooghly,Hooghly,ZONE,Fului
Mangalore,Mangalore,ZONE,Madhya
Kannur,Kannur,ZONE,Cherukun R.S.
Kannur,Kannur,ZONE,Vellarvelly
Delhi,Pitampura,ZONE,Jahangir Puri H Block
Madurai,Madurai,ZONE,Petchiamman Paditurai
Salem,Salem,ZONE,Manjini
Salem,Salem,ZONE,Chettimankurichi
Mysore,Mysore,ZONE,Hadanur
Mysore,Mysore,ZONE,Somanathapura
Kozhikode,Kozhikode,ZONE,Kinalur
Kozhikode,Kozhikode,ZONE,Talayad
Aurangabad,Aurangabad,ZONE,Changatpuri
Tiruchirappalli,Tiruchirappalli,ZONE,Manamedu
Tiruchirappalli,Tiruchirappalli,ZONE,Kilakurichi
Jakarta,Mangga Besar/Mangga Dua,ZONE,Keagungan
Ranchi,Ranchi,ZONE,Hindustan Steel Colony
Ranchi,Ranchi,ZONE,Hulhundu
Agra,Delhi Gate,ZONE,Medical College
Kozhikode,Kozhikode,ZONE,Chelavur
Kozhikode,Kozhikode,ZONE,Kottuli
Kozhikode,Kozhikode,ZONE,Mailellampara
Chittoor,Chittoor,ZONE,Kotevuru
Aurangabad (BH),Aurangabad (BH),ZONE,Temura
Kozhikode,Kozhikode,ZONE,Chingapuram
Tangerang,Tangerang,ZONE,Gaga
North 24 Parganas,North 24 Parganas,ZONE,Harba Srinagar
North 24 Parganas,North 24 Parganas,ZONE,Jangalpur
Mumbai,Juhu,ZONE,Vileparle West
Pune,Pimpri chinchwad,ZONE,Nigdi-Pradhikaran
Guntur,Guntur,ZONE,Manukondavaripalem
Hooghly,Hooghly,ZONE,Chakhayatpur
Guntur,Guntur,ZONE,Talluru
Nellore,Nellore,ZONE,Udayagiri
Warangal,Warangal,ZONE,Regonda
Chittoor,Chittoor,ZONE,Aramadakalavandlapalle
Allahabad,Allahabad,ZONE,Harduwa
Chittoor,Chittoor,ZONE,Adivikodiyambedu
Chittoor,Chittoor,ZONE,Velur
Lucknow,Hazratganj,ZONE,New Ganeshganj
Bilaspur,Bilaspur,ZONE,Siltara
Ernakulam,Panampilly Nagar,ZONE,Chellanam
Erode,Erode,ZONE,Sadayapalayam
Nellore,Nellore,ZONE,Anantasagaram
Erode,Erode,ZONE,Uthandiyur
Tirunelveli,Tirunelveli,ZONE,Vellapaneri
Amritsar,Amritsar,ZONE,Marhana
North Goa,North Goa,ZONE,Surla
Hooghly,Hooghly,ZONE,Samserpur
Guntur,Guntur,ZONE,Puvvada
Nellore,Nellore,ZONE,Kothapatnam
Jakarta,PuloGadung/Duren Sawit,ZONE,Pisangan Baru
Ernakulam,Kakkanad,ZONE,Iringole
Ludhiana,Ludhiana Zone 1,ZONE,Bal Singh Nagar
Ludhiana,Ludhiana Zone 1,ZONE,Kitchlu nagar
Kottayam,Kottayam,ZONE,Channanikadu
Kottayam,Kottayam,ZONE,Kumarakom North
Navi Mumbai,JNPT,ZONE,Jaskhar
Gurgaon,Sector10,ZONE,Gurgaon Sector 10
Gurgaon,Badsharpur,ZONE,Gurgaon Sector 46
Amritsar,Amritsar,ZONE,Khela
Mysore,Mysore,ZONE,Thayur
Kozhikode,Kozhikode,ZONE,Vilangad
Thrissur,Thrissur,ZONE,Athani Trichur
Warangal,Warangal,ZONE,Kodakondla
Tirunelveli,Tirunelveli,ZONE,Valliammalpuram
Warangal,Warangal,ZONE,Repak
Aurangabad (BH),Aurangabad (BH),ZONE,Barem
Allahabad,Allahabad,ZONE,Amilia Kalan
Chittoor,Chittoor,ZONE,Kondreddigaripalle
Mangalore,Mangalore,ZONE,Kulur
Mysore,Mysore,ZONE,Valagere
Chittoor,Chittoor,ZONE,Alimelumangapuram
Lucknow,Ashiyana,ZONE,Navinmandi
Bilaspur,Bilaspur,ZONE,Badrabukhari
North Goa,North Goa,ZONE,Carona
Guntur,Guntur,ZONE,Guravayapalem
Guntur,Guntur,ZONE,Cheemalamarri
Hooghly,Hooghly,ZONE,Noapara
Hooghly,Hooghly,ZONE,Ramnagar
Nellore,Nellore,ZONE,Ramavarappadu
Faridabad,Faridabad,ZONE,RPS Green valley
Mumbai,Mulund,ZONE,Mulund West
Gurgaon,Sector43,ZONE,Gurgaon Sector 54
Kozhikode,Kozhikode,ZONE,Nadakkuthala
Thiruvananthapuram,Thiruvananthapuram,ZONE,Valiavila
Bangalore,Indiranagar,ZONE,Old Airport Road
Chittoor,Chittoor,ZONE,Peddamandyam
Chittoor,Chittoor,ZONE,Galivaripalle
Allahabad,Allahabad,ZONE,Dubeypur
Bilaspur,Bilaspur,ZONE,Dhobhar
Bilaspur,Bilaspur,ZONE,Sarwandeori
Amritsar,Amritsar,ZONE,Othian
Guntur,Guntur,ZONE,Cheruvu
Guntur,Guntur,ZONE,Solasa
Salem,Salem,ZONE,Kosavapatti
Tangerang,Tangerang,ZONE,Pangadegan
Kanpur,Kidwai Nagar,ZONE,Naubasta
Taguig,Taguig Region,ZONE,San Roque
Ernakulam,Tripunithura,ZONE,Ramamangalam
Amritsar,Amritsar,ZONE,Brahmpura
Erode,Erode,ZONE,Rasampalayam
Erode,Erode,ZONE,Sembadapalayam
Nellore,Nellore,ZONE,Kandali
Hyderabad,Sanath nagar,ZONE,HMT Township
Bangalore,JP Nagar,ZONE,Meenakshi Layout
Kannur,Kannur,ZONE,Payam East
Las Pinas,Las Pinas Region,ZONE,Las Pinas City
Nagpur,Dhantoli,ZONE,Somalwada
Guntur,Guntur,ZONE,Sangamjagarlamudi
Salem,Salem,ZONE,Jalakantapuram
Hooghly,Hooghly,ZONE,Baikunthapur
South Goa,South Goa,ZONE,Seraulim
Hooghly,Hooghly,ZONE,Sahabazar
Coimbatore,Singanallur,ZONE,Sarkarsamakulam
Thrissur,Thrissur,ZONE,Thumbur
Salem,Salem,ZONE,Kitchipalayam
Ernakulam,Panampilly Nagar,ZONE,Palluruthy
Kottayam,Kottayam,ZONE,Kizhathiri
Kozhikode,Kozhikode,ZONE,Poovattu Paramba
Kozhikode,Kozhikode,ZONE,Adukkath
Nellore,Nellore,ZONE,Golagamudi
Warangal,Warangal,ZONE,Pallagutta
Warangal,Warangal,ZONE,Tanedarpalli
Warangal,Warangal,ZONE,Veldanda
Delhi,Karol bagh,ZONE,Pusa Road
Noida,Gejha,ZONE,Sector 108
Guntur,Guntur,ZONE,Didugu
Thiruvananthapuram,Thiruvananthapuram,ZONE,Pallickal Kilimanur
Salem,Salem,ZONE,Salem Dt. Court Buildings
Aurangabad,Aurangabad,ZONE,Gavli Tanda
East Khasi Hills,Shillong-East Khasi Hills,ZONE,Kynton Massar
East Khasi Hills,Shillong-East Khasi Hills,ZONE,Ryngkubazar
East Khasi Hills,Shillong-East Khasi Hills,ZONE,Mawkynrew
Ranchi,Ranchi,ZONE,Kairo
Warangal,Warangal,ZONE,Nidigonda
Allahabad,Allahabad,ZONE,Audhan
Lucknow,Aliganj,ZONE,Daliganj
Aurangabad (BH),Aurangabad (BH),ZONE,Sihari
Chittoor,Chittoor,ZONE,Vendugampalle
Mysore,Mysore,ZONE,Katur
North 24 Parganas,North 24 Parganas,ZONE,Badu
Faridabad,Faridabad,ZONE,Sector 9
São Paulo,Santana,ZONE,Jardim São Bento
Tirunelveli,Tirunelveli,ZONE,Samugarengapuram
Agra,Kamla Nagar,ZONE,Kamla Nagar
Chittoor,Chittoor,ZONE,Gangivaripalle
Guwahati,Guwahati,ZONE,Chenikuthi
Indore,Sapna Sangeeta,ZONE,Khatiwala Tank
Aurangabad,Aurangabad,ZONE,Sillod Sakhar Karkhana
Aurangabad,Aurangabad,ZONE,Garaj
Warangal,Warangal,ZONE,Nagapuri
Allahabad,Allahabad,ZONE,Karaundi
Dantewada,Dantewada,ZONE,Dornapal
Chittoor,Chittoor,ZONE,Putramaddi
Chittoor,Chittoor,ZONE,T.Sattevaripalle
Amritsar,Amritsar,ZONE,Preet Nagar
Guntur,Guntur,ZONE,Etukuru Road
Allahabad,Allahabad,ZONE,Himkalyan
Allahabad,Allahabad,ZONE,Lalapur Bhatpura
Chittoor,Chittoor,ZONE,Iruvaram
Aurangabad (BH),Aurangabad (BH),ZONE,Pilchhi
Kanpur,Swaroop Nagar,ZONE,Mardanpur
Guntur,Guntur,ZONE,Tumuluru
Nellore,Nellore,ZONE,Mallam
Kannur,Kannur,ZONE,Thillenkeri
Hooghly,Hooghly,ZONE,Raijamna
Warangal,Warangal,ZONE,Mondrai
Hooghly,Hooghly,ZONE,Thakuranichak
Ranchi,Ranchi,ZONE,Hatia
Bangalore,Jayanagar,ZONE,Tilaknagar
Kozhikode,Kozhikode,ZONE,Chathamangalam
Kozhikode,Kozhikode,ZONE,Eranhikkal
Thiruvananthapuram,Thiruvananthapuram,ZONE,Kulappada
Nellore,Nellore,ZONE,Yetur
Hooghly,Hooghly,ZONE,Somra
Dantewada,Dantewada,ZONE,Geedam
Lucknow,Ashiyana,ZONE,Sahijana
Lucknow,Ashiyana,ZONE,Mohari Khurd
Bhubaneswar,Bhubaneswar,ZONE,Mancheswar Railway Colony
Mohali,Mohali,ZONE,Jhanjeri
Hooghly,Hooghly,ZONE,Bhata
Nellore,Nellore,ZONE,Kothavangallu
Madurai,Madurai,ZONE,Villur
Ranchi,Ranchi,ZONE,Simlia
Mysore,Mysore,ZONE,Basavarajapura
Mysore,Mysore,ZONE,Hanasoge
Tangerang,Tangerang,ZONE,Pasilian
Tangerang,Tangerang,ZONE,Cipadu Jaya
Noida,Sector 50,ZONE,Sector 101
Kolkata,Bhowanipore,ZONE,A.J.C.Bose Road
Hooghly,Hooghly,ZONE,Baneswarpur
Mysore,Mysore,ZONE,Hadajana
Ernakulam,Panampilly Nagar,ZONE,S.Chellanam
Erode,Erode,ZONE,Kullaipalayam
Guntur,Guntur,ZONE,Kondabalavaripalem
Ahmedabad,Naranpura,ZONE,Shastrinagar
Salem,Salem,ZONE,Paithur
Tangerang,Tangerang,ZONE,Cikuya
Vadodara,Alkapuri,ZONE,Koyali
Nellore,Nellore,ZONE,Kattubadipalem
Warangal,Warangal,ZONE,Bhavajigudem
Tirunelveli,Tirunelveli,ZONE,Gomathimuthupuram
Jaipur,Raja Park,ZONE,Doodhali
Hooghly,Hooghly,ZONE,Balipur
Jamshedpur,Jamshedpur,ZONE,Foundary Works
Ranchi,Ranchi,ZONE,Jilling Soreng
Mangalore,Mangalore,ZONE,Bala
Mysore,Mysore,ZONE,Vani Vilas Mohalla
Mysore,Mysore,ZONE,Varuna
Kottayam,Kottayam,ZONE,Chengalam
Kannur,Kannur,ZONE,Vadakkumbad-ramanthali
Salem,Salem,ZONE,Tharamangalam
Salem,Salem,ZONE,Chellapillaikuttai
Mysore,Mysore,ZONE,Chikkanayakanahalli
Mysore,Mysore,ZONE,Food Technology
Ernakulam,Kakkanad,ZONE,Hmt Colony
Nellore,Nellore,ZONE,Gattupalli
Jakarta,Cilandak/Pasar Minggu,ZONE,Jati Padang
North 24 Parganas,North 24 Parganas,ZONE,Saguna
Bangalore,Banashankari + RR Nagar,ZONE,Banashankari 6th Stage
Guntur,Guntur,ZONE,Rentachintala
Mysore,Mysore,ZONE,Doddahejjur
Ernakulam,Kakkanad,ZONE,Angamally South
Hooghly,Hooghly,ZONE,Ghoshpur
Guntur,Guntur,ZONE,Guttikonda
Guntur,Guntur,ZONE,Veerapuram
Madurai,Madurai,ZONE,Puliankulam
Salem,Salem,ZONE,Vaidhyagoundampudur
Tiruchirappalli,Tiruchirappalli,ZONE,Jambumadai
Pune,Bibvewadi,ZONE,Dhankawadi
Nellore,Nellore,ZONE,Vojili
Warangal,Warangal,ZONE,Vadlakonda
Bangalore,shivajinagar + MG Road,ZONE,Cunningham Road
Tirunelveli,Tirunelveli,ZONE,Virakeralmpudur
Chittoor,Chittoor,ZONE,Talupula
Panchkula,Panchkula,ZONE,Basolan
São Paulo,Santana,ZONE,Casa Verde
Chittoor,Chittoor,ZONE,Palamangalam
Guntur,Guntur,ZONE,Bodanam
Lucknow,Hazratganj,ZONE,Bhagwantpur
Guntur,Guntur,ZONE,Karlakunta
Hooghly,Hooghly,ZONE,Mirjapur Bankipur
Coimbatore,Gandhipuram,ZONE,Keeranatham
Coimbatore,Gandhipuram,ZONE,Tatabad
Salem,Salem,ZONE,Ammapalayam
Salem,Salem,ZONE,Aturbazaar
Lucknow,Gomtinagar,ZONE,Vipin khand
Mumbai,Borivali,ZONE,Borivali East
Noida,Sector 25,ZONE,Sector 31
Ernakulam,Tripunithura,ZONE,Pampakuda
Ludhiana,Ludhiana Zone 1,ZONE,Haibowal Kalan
Ernakulam,Kakkanad,ZONE,Valayanchirangara
East Khasi Hills,Shillong-East Khasi Hills,ZONE,Lawsohtun
Kannur,Kannur,ZONE,Madayi
Mysore,Mysore,ZONE,Kasuvinahalli
Ernakulam,Tripunithura,ZONE,Muvattupuzha Market
Kannur,Kannur,ZONE,Santhigiri
Chandigarh,Sector 20,ZONE,Sector- 3
Kottayam,Kottayam,ZONE,Nedungadappally
Kannur,Kannur,ZONE,Dharmadam
Nellore,Nellore,ZONE,Vellupodu
Kannur,Kannur,ZONE,Manantheri
Hooghly,Hooghly,ZONE,Sinhet
Quezon City,Quezon Region,ZONE,Camp Aguinaldo
Bangalore,Indiranagar,ZONE,Jagadish Nagar
Lucknow,Aliganj,ZONE,Aliganj sector D
Mysore,Mysore,ZONE,Hunsur
Kottayam,Kottayam,ZONE,Thottackad West
Ranchi,Ranchi,ZONE,Ajaygarh
Mysore,Mysore,ZONE,Uddur
Aurangabad,Aurangabad,ZONE,Kankori
Nellore,Nellore,ZONE,Vallivedu
Nellore,Nellore,ZONE,Parlapalli
Amritsar,Amritsar,ZONE,Dahoorian
Guntur,Guntur,ZONE,Hassannabad
Lucknow,Vikas Nagar,ZONE,Vikas Nagar
Amritsar,Amritsar,ZONE,Khanna Nagar
Guntur,Guntur,ZONE,Ravvavaram
Erode,Erode,ZONE,Kosavampalayam
Kanpur,Chunniganj,ZONE,Meston Road
Quezon City,Quezon Region,ZONE,Pinyahan
North 24 Parganas,North 24 Parganas,ZONE,Kachdaha
Mangalore,Mangalore,ZONE,Pedamale
Mysore,Mysore,ZONE,Bannahalli Hundi
Kozhikode,Kozhikode,ZONE,Cherumoth
Thrissur,Thrissur,ZONE,Kurumala
Tiruchirappalli,Tiruchirappalli,ZONE,T.Renganathapuram
Warangal,Warangal,ZONE,Narlapur
Tirunelveli,Tirunelveli,ZONE,Mavadikal
Tirunelveli,Tirunelveli,ZONE,Alagiapandiapuram
Tirunelveli,Tirunelveli,ZONE,Kiramangalam
Chittoor,Chittoor,ZONE,Baireddipalle
Aurangabad (BH),Aurangabad (BH),ZONE,Unthu
Bilaspur,Bilaspur,ZONE,Kosamtara
Rajahmundry,Rajahmundry,ZONE,Pidimgoyya
Guntur,Guntur,ZONE,Nidumukkala
Nellore,Nellore,ZONE,Gudur Bazar
Tangerang,Tangerang,ZONE,Pangkat
Hooghly,Hooghly,ZONE,Kulakash
Kolkata,Santoshpur,ZONE,Bartala
North 24 Parganas,North 24 Parganas,ZONE,Digha
Taguig,Taguig Region,ZONE,New Lower Bicutan
Bangalore,Marathahalli,ZONE,A Narayanpura
Ahmedabad,Naranpura,ZONE,Motera
Nellore,Nellore,ZONE,Graddagunta
Nellore,Nellore,ZONE,Vinnamala
Aurangabad,Aurangabad,ZONE,Nandra
Aurangabad,Aurangabad,ZONE,Waregaon
Salem,Salem,ZONE,M. Perumapalayam
Kozhikode,Kozhikode,ZONE,Kudathai Bazar
Nellore,Nellore,ZONE,Althurthi
Aurangabad,Aurangabad,ZONE,Mahalgaon
Tawang,Lhou,ZONE,Mukto
Chittoor,Chittoor,ZONE,Kondamarri
Guwahati,Guwahati,ZONE,Bamunimaidan
Tirunelveli,Tirunelveli,ZONE,Kurukkalpatti
Patna,Rajendra Nagar,ZONE,P.M.C.H
Dantewada,Dantewada,ZONE,Surnar
Chittoor,Chittoor,ZONE,Thondavada
Aurangabad (BH),Aurangabad (BH),ZONE,Riyasat Mali
Mohali,Mohali,ZONE,Saneta
Amritsar,Amritsar,ZONE,Dhotian
Erode,Erode,ZONE,Rudravathi
Erode,Erode,ZONE,Gumtapuram
Erode,Erode,ZONE,Sathy Bazaar
Indore,Palasia,ZONE,Ganesh Colony
Delhi,Shahdara,ZONE,Jheel Khurenja
Erode,Erode,ZONE,Kembanaickenpalayam
North 24 Parganas,North 24 Parganas,ZONE,Panpara
Delhi,Rohini,ZONE,Rohini Sector 37
South Goa,South Goa,ZONE,Molcarnem
São Paulo,Vila Mariana,ZONE,Cursino
Ranchi,Ranchi,ZONE,Urugutu
Mysore,Mysore,ZONE,Ankanahalli
Ranchi,Ranchi,ZONE,Baraudi
Delhi,Shahdara,ZONE,Sabhapur
Kannur,Kannur,ZONE,Muringeri
Kottayam,Kottayam,ZONE,Lakkattoor
Thiruvananthapuram,Thiruvananthapuram,ZONE,Karakonam
Nellore,Nellore,ZONE,Pathapalli
Tiruchirappalli,Tiruchirappalli,ZONE,Nadupatti
Kottayam,Kottayam,ZONE,Mevelloor
Kozhikode,Kozhikode,ZONE,Puthur
Thiruvananthapuram,Thiruvananthapuram,ZONE,Jagathy
Thiruvananthapuram,Thiruvananthapuram,ZONE,Peyad
Nellore,Nellore,ZONE,Peturu
Nellore,Nellore,ZONE,Bathulapalli
Pune,Hadapsar,ZONE,Manjari BK
Chittoor,Chittoor,ZONE,Dandikuppam
Bilaspur,Bilaspur,ZONE,Bhaisajhar
Delhi,Dwarka,ZONE,Dwarka
Guntur,Guntur,ZONE,Kambhampadu
Amritsar,Amritsar,ZONE,Bhagupura
East Khasi Hills,Shillong-East Khasi Hills,ZONE,Tynrong
Tirunelveli,Tirunelveli,ZONE,Kovilammalpuram
Chittoor,Chittoor,ZONE,Nadimkandriga
Agra,Agra City,ZONE,Agra Fort
Lucknow,Indranagar,ZONE,Gokhale Vihar
North 24 Parganas,North 24 Parganas,ZONE,Boyermari
Bilaspur,Bilaspur,ZONE,Gorakhpur
Amritsar,Amritsar,ZONE,Gandhi Bazar
Guntur,Guntur,ZONE,Kanaparru
Erode,Erode,ZONE,Avanashipalyaam
Karur,Karur,ZONE,Vellapatti Zamin
Nellore,Nellore,ZONE,Telugurayapuram
Nellore,Nellore,ZONE,Musunur
Tangerang,Tangerang,ZONE,Mekar Bakti
Tangerang,Tangerang,ZONE,Suka Harja
Kolkata,Jadavpur,ZONE,Golf Green
North 24 Parganas,North 24 Parganas,ZONE,Garakupi
Ludhiana,Ludhiana Zone 3,ZONE,Jawaddi Taksal
Ranchi,Ranchi,ZONE,Pandadih
Mangalore,Mangalore,ZONE,Derebail
Ernakulam,Kakkanad,ZONE,Vengola West
Ranchi,Ranchi,ZONE,Bundu
Ranchi,Ranchi,ZONE,Rahe
Kozhikode,Kozhikode,ZONE,Meladi
Thrissur,Thrissur,ZONE,Kannoth
Visakhapatnam,MVP,ZONE,Gurrampalem
Tiruchirappalli,Tiruchirappalli,ZONE,Pidaramangalam
East Khasi Hills,Shillong-East Khasi Hills,ZONE,Thangsning
Warangal,Warangal,ZONE,Katrial
Agra,Delhi Gate,ZONE,Khandari
Kozhikode,Kozhikode,ZONE,Marikunnu
Thrissur,Thrissur,ZONE,Nellayi-thrissur
Salem,Salem,ZONE,Keeraikadu
Bhubaneswar,Bhubaneswar,ZONE,Badagarh Brit Colony
Chittoor,Chittoor,ZONE,Dornakambala
Chittoor,Chittoor,ZONE,Bhavanisankarapuram
Noida,Sector 25,ZONE,Sector 29
Jaipur,Malviya Nagar,ZONE,Nimodiya
South Goa,South Goa,ZONE,Sancoale
South Goa,South Goa,ZONE,Zuarinagar
Meerut,Sadar Bazaar,ZONE,Kabari Bazar
Salem,Salem,ZONE,Kurumbarur
Chennai,Chennai South West 2,ZONE,Perungalathur
Ahmedabad,Paldi,ZONE,Azad Society
Ahmedabad,Naranpura,ZONE,Chandlodia
Faridabad,Faridabad,ZONE,Nh-2
Hooghly,Hooghly,ZONE,Bhastara
Guntur,Guntur,ZONE,Pillutla
Erode,Erode,ZONE,Ayalur
Nellore,Nellore,ZONE,Kadagunta
Madurai,Madurai,ZONE,Jayankondanilai
South Tangerang,South Tangerang,ZONE,Rempoa
Kolkata,Park street,ZONE,Seal Lane
Bangalore,JP Nagar,ZONE,Kalena Agrahara
Mysore,Mysore,ZONE,Matakere
Kannur,Kannur,ZONE,Eachur
Kannur,Kannur,ZONE,Karimbam
Nagpur,Ramdaspeth,ZONE,Swavalambi Nagar
Kottayam,Kottayam,ZONE,Kurumulloor
Kozhikode,Kozhikode,ZONE,Kunnummakkara
Aurangabad,Aurangabad,ZONE,Mundwadi
Pune,Ambegaon,ZONE,Alephata
Chittoor,Chittoor,ZONE,Anjuru
Allahabad,Allahabad,ZONE,Handia Manpur
Lucknow,Hazratganj,ZONE,Jamolia
Guntur,Guntur,ZONE,Nirmalanagar
Karur,Karur,ZONE,Porundalur
Hyderabad,Punjagutta,ZONE,Srinagar Colony
Salem,Salem,ZONE,Nilavarapatti
San Juan,San Juan Region,ZONE,Mabini-J. Rizal
Delhi,Preet vihar,ZONE,Vigyan Vihar
Surat,Vesu,ZONE,Magdalla
Mysore,Mysore,ZONE,K S Hundi
Ernakulam,Tripunithura,ZONE,Memadangu
Ernakulam,Tripunithura,ZONE,Perumballoor
Kottayam,Kottayam,ZONE,Karimpani
Kottayam,Kottayam,ZONE,Melukavumattom
Nellore,Nellore,ZONE,Karijatha
Warangal,Warangal,ZONE,Manugonda
Tirunelveli,Tirunelveli,ZONE,Avudaiyanur
Warangal,Warangal,ZONE,Kantharamavaram
Chittoor,Chittoor,ZONE,Vepanapalle
Bilaspur,Bilaspur,ZONE,Pachpedi
Guntur,Guntur,ZONE,Atchampet
Kozhikode,Kozhikode,ZONE,Iyyad
Kozhikode,Kozhikode,ZONE,Vellayikkode
Thiruvananthapuram,Thiruvananthapuram,ZONE,Mylakkara
Thrissur,Thrissur,ZONE,Chelakode
Thrissur,Thrissur,ZONE,Kondazhi
Thrissur,Thrissur,ZONE,Korattikara
Nellore,Nellore,ZONE,Kadalur
Nagpur,Sadar,ZONE,Bezonbagh
Indore,Sapna Sangeeta,ZONE,Sudama Nagar
Aurangabad,Aurangabad,ZONE,Shahaganj
East Khasi Hills,Shillong-East Khasi Hills,ZONE,Lawbah
Tirunelveli,Tirunelveli,ZONE,Settikulam
Allahabad,Allahabad,ZONE,Bhagwatpur
Patna,Rajendra Nagar,ZONE,Karjan
Thrissur,Thrissur,ZONE,Konathukunnu
Warangal,Warangal,ZONE,Jayyaram
Chittoor,Chittoor,ZONE,T. Savatapalle
Warangal,Warangal,ZONE,Veldi
Aurangabad (BH),Aurangabad (BH),ZONE,Ketaki
Tirunelveli,Tirunelveli,ZONE,Pudupatti
Warangal,Warangal,ZONE,Konkapaka
Tirunelveli,Tirunelveli,ZONE,Kottakulam
Allahabad,Allahabad,ZONE,Atraura
Aurangabad (BH),Aurangabad (BH),ZONE,Fagu
Allahabad,Allahabad,ZONE,Bhiti
Chittoor,Chittoor,ZONE,Karlagatta
Chittoor,Chittoor,ZONE,Katur
Noida,Sector 57,ZONE,Sector 55
South Goa,South Goa,ZONE,Bhatpal
Lucknow,Hazratganj,ZONE,Malha
Hooghly,Hooghly,ZONE,Sripur
Hooghly,Hooghly,ZONE,Jolekul
Warangal,Warangal,ZONE,Veeram
Erode,Erode,ZONE,Rangasamudram
Salem,Salem,ZONE,Jangammasamudram
Nashik,Gangapur Road,ZONE,Krishi Nagar
Kanpur,Kidwai Nagar,ZONE,Jajmau
Kanpur,Kidwai Nagar,ZONE,Maswanpur
Lucknow,Aliganj,ZONE,Amausi
Aurangabad (BH),Aurangabad (BH),ZONE,Sonhathu
Delhi,Malviya nagar,ZONE,Hauz Khas
Tangerang,Tangerang,ZONE,Koper
Kolkata,Santoshpur,ZONE,Behala
Makati,Makati Region,ZONE,South Cembo
Taguig,Taguig Region,ZONE,Bagumbayan
Taguig,Taguig Region,ZONE,North Daang Hari
Kolkata,Tollygunge,ZONE,Russa
Chittoor,Chittoor,ZONE,Bodaguttapalle
Allahabad,Allahabad,ZONE,Lendiyari
Nellore,Nellore,ZONE,Chintalapalem
Jakarta,Mangga Besar/Mangga Dua,ZONE,Kartini
Jakarta,Cilandak/Pasar Minggu,ZONE,Lenteng Agung
Madurai,Madurai,ZONE,Thummagundu
Noida,Gejha,ZONE,Sector 104
North 24 Parganas,North 24 Parganas,ZONE,Purbachal
Makati,Makati Region,ZONE,Valenzuela
Taguig,Taguig Region,ZONE,14.5591096
Taguig,Taguig Region,ZONE,Santo Rosario Kanluran
Gurgaon,Manesar,ZONE,Gurgaon Sector 101
Gurgaon,DLFPhaseI,ZONE,Gurgaon Sector 27
Jakarta,Kelapa Gading,ZONE,Kelapa Gading
São Paulo,Lapa,ZONE,Pinheiros
Bangalore,Whitefield,ZONE,"Pai Layout, Mahadevpura"
Singapore,Jurong East,ZONE,West Coast
Kannur,Kannur,ZONE,Eruvatty
Kozhikode,Kozhikode,ZONE,Kizhpayur
Thrissur,Thrissur,ZONE,Tiruvatra
Thrissur,Thrissur,ZONE,Padiyam
Thrissur,Thrissur,ZONE,Ramavarmapuram
Bhopal,Central Bhopal,ZONE,Barkatulla University
Salem,Salem,ZONE,Ponnarampatti
Visakhapatnam,Maharanipeta,ZONE,Visakhapatnam Port
Warangal,Warangal,ZONE,Amangala
Kozhikode,Kozhikode,ZONE,Chaliyam
Thiruvananthapuram,Thiruvananthapuram,ZONE,Amboori
Allahabad,Allahabad,ZONE,Buxie Khurde
Aurangabad (BH),Aurangabad (BH),ZONE,Kandi
Nellore,Nellore,ZONE,Ntr Nagar
Bhopal,East Bhopal,ZONE,Sukhi Sewania
Indore,Old Indore,ZONE,Commandant CSWT BSF
Indore,Palasia,ZONE,Indore Kanadia Road
Allahabad,Allahabad,ZONE,Gauspur Katahula
Aurangabad (BH),Aurangabad (BH),ZONE,Matpa
Amritsar,Amritsar,ZONE,Deo
Guntur,Guntur,ZONE,Vanikunta
Guntur,Guntur,ZONE,K.C.Works
Madurai,Madurai,ZONE,Ponmeni
Madurai,Madurai,ZONE,Thenpalanji
South Tangerang,South Tangerang,ZONE,Cireundeu
Chittoor,Chittoor,ZONE,Santhabandapalle
North 24 Parganas,North 24 Parganas,ZONE,Durgamandap
North 24 Parganas,North 24 Parganas,ZONE,Purbabidyadharpur
Indore,Palasia,ZONE,Snehlataganj
Kolkata,Dum dum,ZONE,W.B.Assembly House
North 24 Parganas,North 24 Parganas,ZONE,Korachandigarh
Delhi,Rohini,ZONE,Rohini Sector 25
Navi Mumbai,Nerul,ZONE,Nerul Sector-48
Ahmedabad,Maninagar,ZONE,Vasisthnagar
Hooghly,Hooghly,ZONE,Dihibhursut
North 24 Parganas,North 24 Parganas,ZONE,Biramnagar
North 24 Parganas,North 24 Parganas,ZONE,Sibhati
Delhi,Patparganj,ZONE,Shakurpur
Chittoor,Chittoor,ZONE,Doddipalle
Faridabad,Faridabad,ZONE,Katesara
Ahmedabad,Maninagar,ZONE,Khokhra
Chandigarh,Sector 36,ZONE,Sector-42
Navi Mumbai,Nerul,ZONE,Taloja
Hooghly,Hooghly,ZONE,Jalaghata
Hooghly,Hooghly,ZONE,Khalisani
Ernakulam,Kakkanad,ZONE,Kottappady
Mohali,Mohali,ZONE,Sector-56
Ranchi,Ranchi,ZONE,Torpa
Ernakulam,Kakkanad,ZONE,Edavoor
Kannur,Kannur,ZONE,Kolayad
Thrissur,Thrissur,ZONE,Manakkodi
Bangalore,Koramangala,ZONE,Koramangala 2 Block
Thiruvananthapuram,Thiruvananthapuram,ZONE,Kanchinada
Thiruvananthapuram,Thiruvananthapuram,ZONE,Panavoor
Chittoor,Chittoor,ZONE,Gundagallu
Allahabad,Allahabad,ZONE,Gohari
Patna,Raja Bazar,ZONE,Patna High Court
Thrissur,Thrissur,ZONE,Mattathurkkunnu
Bhopal,Central Bhopal,ZONE,RTO Office in front of BJP Head Office
Guntur,Guntur,ZONE,Kavuru
Tiruchirappalli,Tiruchirappalli,ZONE,Sobanapuram
Allahabad,Allahabad,ZONE,Krishna Nagar
Aurangabad (BH),Aurangabad (BH),ZONE,Siris
Chandigarh,Sector 20,ZONE,Sector 27
Lucknow,Aliganj,ZONE,Indara
Bilaspur,Bilaspur,ZONE,Gatora
Lucknow,Aliganj,ZONE,Narosa
Noida,Sector 62,ZONE,Sector 60
Mohali,Mohali,ZONE,Dhurali
Erode,Erode,ZONE,Kurupanaickenpalayam
Lucknow,Aliganj,ZONE,Aliganj sector H
Indore,Sapna Sangeeta,ZONE,Dwarikapuri
Kolkata,Tollygunge,ZONE,S.R.F.T.I.
Kolkata,Tollygunge,ZONE,Sahapur
North 24 Parganas,North 24 Parganas,ZONE,Khilkapur
Navi Mumbai,JNPT,ZONE,Chanje
Ghaziabad,Vaishali,ZONE,Surya Nagar
Delhi,South extension,ZONE,Masjid Moth Village
Vadodara,Raopura,ZONE,Manjalpur
Panchkula,Panchkula,ZONE,Devi Nagar
Faridabad,Faridabad,ZONE,Gadpuri
Visakhapatnam,MVP,ZONE,Pedda Waltair
Kottayam,Kottayam,ZONE,Edamaruku
Aurangabad,Aurangabad,ZONE,Adgaon Budruk
Warangal,Warangal,ZONE,Rajannapet
Nashik,Gangapur Road,ZONE,Ganesh Nagar
Hooghly,Hooghly,ZONE,Amra
Hooghly,Hooghly,ZONE,Mohanad
North 24 Parganas,North 24 Parganas,ZONE,Orderly Bazar
Quezon City,Quezon Region,ZONE,Paraiso
Anantapur,Anantapur,ZONE,Bukkaraya Samudram
Tirunelveli,Tirunelveli,ZONE,Kothayarmel Thangal
Puducherry,Puducherry,ZONE,Embalam
Tirunelveli,Tirunelveli,ZONE,Kizhapuliyur
Aurangabad (BH),Aurangabad (BH),ZONE,Belsar
Amritsar,Amritsar,ZONE,Sham Nagar
Kozhikode,Kozhikode,ZONE,Avilora
Thrissur,Thrissur,ZONE,Kadappuram
Nellore,Nellore,ZONE,Vadlapudi
Thrissur,Thrissur,ZONE,Puzhakkal
Thrissur,Thrissur,ZONE,Tolur-parappur
Nellore,Nellore,ZONE,Buja Buja Nellore
Nellore,Nellore,ZONE,Dargamitta
Nellore,Nellore,ZONE,Devarapalem
Aurangabad,Aurangabad,ZONE,Lakhegaon
Visakhapatnam,Gajuwaka,ZONE,Boddapalem
Warangal,Warangal,ZONE,Inchaguda
Warangal,Warangal,ZONE,Marmamul
Tirunelveli,Tirunelveli,ZONE,Kumarapuram
Thiruvananthapuram,Thiruvananthapuram,ZONE,Kokkotela
Ranchi,Ranchi,ZONE,Mc. Cluskiganj
Chittoor,Chittoor,ZONE,Tiruchanoor
Guntur,Guntur,ZONE,Mutyalampadu
Tiruchirappalli,Tiruchirappalli,ZONE,Thachankurichi
Guntur,Guntur,ZONE,Takkellapadu
Hooghly,Hooghly,ZONE,Guptipara
Jaipur,Jhotwara,ZONE,Bobas
Tirunelveli,Tirunelveli,ZONE,Kilanilithanallur
Tirunelveli,Tirunelveli,ZONE,Paruvakkudi
Allahabad,Allahabad,ZONE,Kayastha Pathshala
Makati,Makati Region,ZONE,Magallanes Village
Delhi,Rohini,ZONE,Rohini Sector 3
Navi Mumbai,Vashi,ZONE,Vashi Sector 15
Navi Mumbai,Nerul,ZONE,Panvel
Chandigarh,Sector 20,ZONE,Sector 8
Kottayam,Kottayam,ZONE,Neendoor
Kozhikode,Kozhikode,ZONE,Kottappalli
Thrissur,Thrissur,ZONE,Vaka
Warangal,Warangal,ZONE,Venkeswaraswamygutta
Tirunelveli,Tirunelveli,ZONE,Minatchipuram
Warangal,Warangal,ZONE,Nancharimadur
Allahabad,Allahabad,ZONE,Baraon
Aurangabad (BH),Aurangabad (BH),ZONE,Mahuaon
Aurangabad (BH),Aurangabad (BH),ZONE,B. Sagarpur
Chittoor,Chittoor,ZONE,Bodumallulavaripalle
Guntur,Guntur,ZONE,Anamarlapudi
Amritsar,Amritsar,ZONE,Fatahpur
Amritsar,Amritsar,ZONE,Sarai Amant Khan
Amritsar,Amritsar,ZONE,Chogawan Sidhpur
Erode,Erode,ZONE,Vellottamparappu
Karur,Karur,ZONE,Thaliyampatti
Jakarta,PuloGadung/Duren Sawit,ZONE,Pondok Kelapa
Lucknow,Indranagar,ZONE,Faridinagar
Tangerang,Tangerang,ZONE,Peusar
North 24 Parganas,North 24 Parganas,ZONE,Hazinagar
Pune,Kothrud,ZONE,Budhwar Peth
Kottayam,Kottayam,ZONE,Changanacherry Market
Mohali,Mohali,ZONE,Sector- 74
Kozhikode,Kozhikode,ZONE,Pilasseri
Thiruvananthapuram,Thiruvananthapuram,ZONE,Ooruttambalam
Tiruchirappalli,Tiruchirappalli,ZONE,Paluvanji
Tiruchirappalli,Tiruchirappalli,ZONE,Pudukkottai
Nagpur,Ramdaspeth,ZONE,Ramdaspeth
Warangal,Warangal,ZONE,Mogilcherla
Tirunelveli,Tirunelveli,ZONE,Alwarkurichi
Kottayam,Kottayam,ZONE,Ampara Nirappel
Kottayam,Kottayam,ZONE,Padinjattinkara
Thiruvananthapuram,Thiruvananthapuram,ZONE,Pulluvila
Thiruvananthapuram,Thiruvananthapuram,ZONE,Cgo Complex Poonkulam
Thrissur,Thrissur,ZONE,Pazhayi
Thrissur,Thrissur,ZONE,Puthenchira Kizhakkummuri
Thrissur,Thrissur,ZONE,Enkakad
Thrissur,Thrissur,ZONE,Irunilamcode
Tiruchirappalli,Tiruchirappalli,ZONE,Konalai
Tirunelveli,Tirunelveli,ZONE,Gudalur
Chittoor,Chittoor,ZONE,Mangunta
Allahabad,Allahabad,ZONE,Jaswan
Bilaspur,Bilaspur,ZONE,Bhalapur
Kakinada,Kakinada,ZONE,Selapaka
Amritsar,Amritsar,ZONE,Khalra
Thrissur,Thrissur,ZONE,Kandamkulam
Thrissur,Thrissur,ZONE,Pullazhi
Bhopal,Old Bhopal,ZONE,Bairagarh
Visakhapatnam,Gajuwaka,ZONE,Kothapalem
East Khasi Hills,Shillong-East Khasi Hills,ZONE,Umkdait
Tirunelveli,Tirunelveli,ZONE,Kottai Karungulam
Bangalore,Yelahanka,ZONE,Vidyaranyapura
Thrissur,Thrissur,ZONE,Annamanada
Tirunelveli,Tirunelveli,ZONE,Duraisamypuram
Allahabad,Allahabad,ZONE,Purkhas
Chittoor,Chittoor,ZONE,Kanumalopalle
Bilaspur,Bilaspur,ZONE,Lagra
Rajahmundry,Rajahmundry,ZONE,Government College
Bhopal,Central Bhopal,ZONE,Shivaji Nagar
Nellore,Nellore,ZONE,Gundavolu
Tiruchirappalli,Tiruchirappalli,ZONE,Kalladipatti
Tiruchirappalli,Tiruchirappalli,ZONE,Pachaperumalpatti
Thrissur,Thrissur,ZONE,Krishnankotta
Aurangabad,Aurangabad,ZONE,Pir Bawada
East Khasi Hills,Shillong-East Khasi Hills,ZONE,Lyngiong
Warangal,Warangal,ZONE,Kalyam
Warangal,Warangal,ZONE,Anantharam
Warangal,Warangal,ZONE,Kambalapalli
Kozhikode,Kozhikode,ZONE,Kommeri
Bhopal,Old Bhopal,ZONE,Gandhi Nagar
Agra,Taj Ganj,ZONE,Sarai Khawaja
Tiruchirappalli,Tiruchirappalli,ZONE,Melavalady
Chittoor,Chittoor,ZONE,Vemur
Chittoor,Chittoor,ZONE,Nadigadda
Chittoor,Chittoor,ZONE,Bodevandlapalle
Bilaspur,Bilaspur,ZONE,Ghutku
Guntur,Guntur,ZONE,Murikipudi
Lucknow,Ashiyana,ZONE,Kankaha
Tirunelveli,Tirunelveli,ZONE,Panaiyur
Kannur,Kannur,ZONE,Koyyode
Kannur,Kannur,ZONE,Kanayi
Thiruvananthapuram,Thiruvananthapuram,ZONE,Vellayani
Nellore,Nellore,ZONE,Chinna Kaniyampadu
Nellore,Nellore,ZONE,Chowtapalem
Nellore,Nellore,ZONE,Chinnapareddypalli
East Khasi Hills,Shillong-East Khasi Hills,ZONE,Ramdait
Warangal,Warangal,ZONE,Bhupathipet
Delhi,Civil lines,ZONE,Kingsway Camp
Meerut,Sadar Bazaar,ZONE,Daurala
Delhi,Preet vihar,ZONE,Surajmal Vihar
Meerut,Sadar Bazaar,ZONE,Prempuri
Erode,Erode,ZONE,Kaliappampalayam
Madurai,Madurai,ZONE,Kodukkampatti
Mohali,Mohali,ZONE,Phase - 2
Salem,Salem,ZONE,Tagarapudur
Kottayam,Kottayam,ZONE,Umbidi
Kottayam,Kottayam,ZONE,Chirakadavu East
Kottayam,Kottayam,ZONE,Arumanur
Madurai,Madurai,ZONE,T.Vellalapatti
Hooghly,Hooghly,ZONE,Danrpur
Quezon City,Quezon Region,ZONE,Central
Mumbai,Parel,ZONE,Senapati Bapat Marg
Thrissur,Thrissur,ZONE,Anthikad
Aurangabad,Aurangabad,ZONE,Aurala
Thrissur,Thrissur,ZONE,Madavana
Thrissur,Thrissur,ZONE,Nadathara
Nellore,Nellore,ZONE,Kampasamudram
Tiruchirappalli,Tiruchirappalli,ZONE,Malliampattu
Allahabad,Allahabad,ZONE,Malawan Khurd
Allahabad,Allahabad,ZONE,Nathupur
Lucknow,Hazratganj,ZONE,Naubasta
Chennai,Chennai South East 1,ZONE,Kottivakkam
São Paulo,Lapa,ZONE,Perdizes
Singapore,Clementi,ZONE,Commonwealth
Faridabad,Faridabad,ZONE,Ejento
Singapore,City,ZONE,Raffles Place
Tangerang,Tangerang,ZONE,Jatake
Bhopal,Old Bhopal,ZONE,Karond
North 24 Parganas,North 24 Parganas,ZONE,Vivekananda Math
Ranchi,Ranchi,ZONE,"CMD, CCL Darbhanga House"
Kannur,Kannur,ZONE,Kannur University Campus
Warangal,Warangal,ZONE,Sultanpur
Warangal,Warangal,ZONE,Chintalapalli
Warangal,Warangal,ZONE,Teegarajpalli
Lucknow,Hazratganj,ZONE,Wazirganj
Lucknow,Ashiyana,ZONE,Kahla
Kannur,Kannur,ZONE,Aril
Ranchi,Ranchi,ZONE,HEC App Hostel
Karur,Karur,ZONE,Sengal
Nellore,Nellore,ZONE,Kesavaram
Nellore,Nellore,ZONE,Jagdevipeta
Tangerang,Tangerang,ZONE,Kelapa Dua
Singapore,Geylang,ZONE,Ubi
Mangalore,Mangalore,ZONE,Bajpe
Hooghly,Hooghly,ZONE,Dahia Kanda
Ludhiana,Ludhiana Zone 3,ZONE,Uppal
Hyderabad,Afzal gunj,ZONE,Malakpet
Jakarta,Kramat Jati/Pasar Rebo,ZONE,Cilangkap
Salem,Salem,ZONE,Kandashramam
Visakhapatnam,Dwaraka Nagar,ZONE,Ram Nagar
Kannur,Kannur,ZONE,Vellur
Kannur,Kannur,ZONE,Payyanur
Kannur,Kannur,ZONE,Payangadi
Kottayam,Kottayam,ZONE,Kuruvammoozhy
Salem,Salem,ZONE,Sarkkapillaiyur
Tangerang,Tangerang,ZONE,Tegal Kunir Kidul
Tirunelveli,Tirunelveli,ZONE,Pettaikulam
Allahabad,Allahabad,ZONE,Belamundi
Chittoor,Chittoor,ZONE,Kalavapalle
Chittoor,Chittoor,ZONE,Kannemadugu
Tawang,Zimithang,ZONE,Temple Gompa
Thiruvananthapuram,Thiruvananthapuram,ZONE,Karimkuttikara
Thrissur,Thrissur,ZONE,Kannikulangara
Nellore,Nellore,ZONE,Chandrapadia
Bangalore,Hebbal + HBR layout,ZONE,Hebbal Kempapura
Hyderabad,Dilsukh nagar,ZONE,Dilsukhnagar
Tangerang,Tangerang,ZONE,Malang Nengah
Ahmedabad,Saraspur,ZONE,Naroda Road
Ahmedabad,Naranpura,ZONE,Sabarmati
Guntur,Guntur,ZONE,Chittapuram
Delhi,Shahdara,ZONE,Vishwas Nagar
Delhi,Shastri nagar,ZONE,Rana Pratap Bagh
Jaipur,Vaishali Nagar,ZONE,P.W.D.Office
Karur,Karur,ZONE,Rengamalaipudupatti
Nellore,Nellore,ZONE,Katrayapadu
Nellore,Nellore,ZONE,Uchur
Madurai,Madurai,ZONE,Kunnarampatti
Madurai,Madurai,ZONE,Therkutheru
Tangerang,Tangerang,ZONE,Sudimara Jaya
Tangerang,Tangerang,ZONE,Carenang
North 24 Parganas,North 24 Parganas,ZONE,Baneswarpur
Hooghly,Hooghly,ZONE,Kumrul
Jakarta,Kramat Jati/Pasar Rebo,ZONE,Lubang Buaya
Salem,Salem,ZONE,Mettupatti Tadanur
Faridabad,Faridabad,ZONE,Malai
Kolkata,Dum dum,ZONE,Motijheel
Mumbai,Juhu,ZONE,Santacruz West
Ranchi,Ranchi,ZONE,Larta
Guntur,Guntur,ZONE,Rentala
Salem,Salem,ZONE,Vembaneri
Kannur,Kannur,ZONE,Civil Station Kannur
Jakarta,Kebon Jeruk/Tomang/Slipi,ZONE,Srengseng
Vadodara,Vasna Road,ZONE,Diwalipura
North 24 Parganas,North 24 Parganas,ZONE,Atpukur
North 24 Parganas,North 24 Parganas,ZONE,Ballavpur
North 24 Parganas,North 24 Parganas,ZONE,Mongalganj
Guntur,Guntur,ZONE,Nanduru
South Goa,South Goa,ZONE,Vaddem
Faridabad,Faridabad,ZONE,Tappa Bilochpur
Nellore,Nellore,ZONE,Mannur
Madurai,Madurai,ZONE,Valandur
Tangerang,Tangerang,ZONE,Cirumpak
North 24 Parganas,North 24 Parganas,ZONE,Sitalia
Ernakulam,Tripunithura,ZONE,Eroor South
Kannur,Kannur,ZONE,Payangadi R S
Aurangabad,Aurangabad,ZONE,Shivrai
Guntur,Guntur,ZONE,Pondugula
Warangal,Warangal,ZONE,Ankannagudem
Tirunelveli,Tirunelveli,ZONE,Chocknatchiapuram
Nellore,Nellore,ZONE,Lingamgunta
Madurai,Madurai,ZONE,Arittapatti
Salem,Salem,ZONE,Ramanaickenpalayam
South Tangerang,South Tangerang,ZONE,Rawa Buntu
Nashik,Mumbai Naka,ZONE,Indira Nagar
Aurangabad (BH),Aurangabad (BH),ZONE,S. S. College
Chittoor,Chittoor,ZONE,Pathapolu
Erode,Erode,ZONE,Perundurai R.S.
Gurgaon,Badsharpur,ZONE,Badshahpur
Gurgaon,DLFPhaseI,ZONE,Basai Road
Hooghly,Hooghly,ZONE,Ketera
Ranchi,Ranchi,ZONE,Tutikinawadih
Panchkula,Panchkula,ZONE,Sector- 1
Ranchi,Ranchi,ZONE,Jadeya
Ernakulam,Kakkanad,ZONE,Rayamangalam
Kannur,Kannur,ZONE,Iritty
Ranchi,Ranchi,ZONE,Indrapuri Colony
Karur,Karur,ZONE,Renganathampettai
Nellore,Nellore,ZONE,Nindali
Jakarta,Cempaka Putih/Kemayoran/Menteng/Tanah abang,ZONE,Serdang
Madurai,Madurai,ZONE,Uthappanayakanur
Salem,Salem,ZONE,Allikuttai
Tangerang,Tangerang,ZONE,Pagedangan Udik
Tangerang,Tangerang,ZONE,Cijeruk
Gurgaon,Badsharpur,ZONE,Nirvana Country
Hyderabad,Afzal gunj,ZONE,Saifabad
Ahmedabad,Naranpura,ZONE,Kabir Chowk
Ahmedabad,Satellite,ZONE,Ashoknagar
Kannur,Kannur,ZONE,Kannur Thana
Kannur,Kannur,ZONE,Ettukudukka
Erode,Erode,ZONE,Chengapalli
Thiruvananthapuram,Thiruvananthapuram,ZONE,Attingal
Madurai,Madurai,ZONE,Thiagarajar College
Singapore,Jurong East,ZONE,Jurong East
Delhi,Rohini,ZONE,Rohini Sector 39
Mangalore,Mangalore,ZONE,Pavur
Tiruchirappalli,Tiruchirappalli,ZONE,Velur-ayyampalayam
East Khasi Hills,Shillong-East Khasi Hills,ZONE,Cherrapunjee
Bangalore,shivajinagar + MG Road,ZONE,Cubbon Road
Kannur,Kannur,ZONE,Cheruvancheri
Navi Mumbai,Vashi,ZONE,Turbhe
Chittoor,Chittoor,ZONE,Nethakuppam
Lucknow,Hazratganj,ZONE,Nabipanah
Ludhiana,Ludhiana Zone 3,ZONE,Moti Nagar
Coimbatore,Race Course,ZONE,Puliyakulam
Erode,Erode,ZONE,Chinnaputhur
Erode,Erode,ZONE,Dharapuram South
Erode,Erode,ZONE,Kurukkapalayam
Mysore,Mysore,ZONE,Byrapura
Ernakulam,Tripunithura,ZONE,Muvattupuzha
Ernakulam,Tripunithura,ZONE,North Piramadom
Kanpur,Swaroop Nagar,ZONE,Khyora
North 24 Parganas,North 24 Parganas,ZONE,ESD
Chennai,Chennai North East,ZONE,Manali
Salem,Salem,ZONE,Ayyamperumalpatti
Mysore,Mysore,ZONE,Lalithadripura
Vadodara,Waghodia Road,ZONE,Savli
Mangalore,Mangalore,ZONE,Leewell
Mangalore,Mangalore,ZONE,Mangalore Bunder
Ernakulam,Kakkanad,ZONE,Bhoothathankettu
Mysore,Mysore,ZONE,Karuhatti
Kottayam,Kottayam,ZONE,Madappally
Kannur,Kannur,ZONE,Vayattuparamba
Erode,Erode,ZONE,Kesarimangalam
Madurai,Madurai,ZONE,Saruguvalayapatti
Tangerang,Tangerang,ZONE,Gembong
Nashik,Gangapur Road,ZONE,Kamgar Nagar
Hooghly,Hooghly,ZONE,Itachuna
Hooghly,Hooghly,ZONE,Harit
Faridabad,Faridabad,ZONE,Sector 8
Ranchi,Ranchi,ZONE,Khalari
Ranchi,Ranchi,ZONE,Murma
Ernakulam,Kakkanad,ZONE,Athani
Mysore,Mysore,ZONE,Munjanahalli
Thiruvananthapuram,Thiruvananthapuram,ZONE,Kachani
Aurangabad,Aurangabad,ZONE,Hatnoor
Tiruchirappalli,Tiruchirappalli,ZONE,Devanur
Tiruchirappalli,Tiruchirappalli,ZONE,Renganagar
Warangal,Warangal,ZONE,Marigadi
Tirunelveli,Tirunelveli,ZONE,Achankuttam
Agra,Agra City,ZONE,Hospital Road
Bilaspur,Bilaspur,ZONE,Barela
Hooghly,Hooghly,ZONE,Nanda
Nellore,Nellore,ZONE,Dharmarao Cheruvupalli
Salem,Salem,ZONE,Melthombai
Delhi,Preet vihar,ZONE,Gujrat Vihar
North 24 Parganas,North 24 Parganas,ZONE,Hishabi
Las Pinas,Las Pinas Region,ZONE,Marcelo Green
Mumbai,Dadar,ZONE,Mahim
Valenzuela,Valenzuela Region,ZONE,Valenzuela City
Mysore,Mysore,ZONE,Kalkunda
Aurangabad,Aurangabad,ZONE,Aurangabad Cantonment
Nagpur,Ramdaspeth,ZONE,Shankar Nagar
Nashik,Panchavati,ZONE,Ravivar Peth
Pune,Karve nagar,ZONE,Anandnagar
Aurangabad (BH),Aurangabad (BH),ZONE,Malhi Dih
Bilaspur,Bilaspur,ZONE,Jhapal
Bilaspur,Bilaspur,ZONE,Risda
Hooghly,Hooghly,ZONE,Chinamore
Chennai,Chennai South 1,ZONE,Saligramam
Salem,Salem,ZONE,Mattukaranpudur
Mysore,Mysore,ZONE,S Hemmanahalli
Mysore,Mysore,ZONE,Taloor
Ernakulam,Tripunithura,ZONE,Thiruvaniyoor
Kozhikode,Kozhikode,ZONE,Beypore North
Nellore,Nellore,ZONE,Vallur
Bhopal,Old Bhopal,ZONE,Bairagarh Chichali
Visakhapatnam,Gajuwaka,ZONE,Timmapuram
Warangal,Warangal,ZONE,Maddur
Kozhikode,Kozhikode,ZONE,Kunnamangalam
Thrissur,Thrissur,ZONE,Annallur
Thrissur,Thrissur,ZONE,Koratti
Thane,Thane Central,ZONE,Bhiwandi
Allahabad,Allahabad,ZONE,Attarsuiya
Allahabad,Allahabad,ZONE,Sewaith
Bhubaneswar,Bhubaneswar,ZONE,Kantapada
Dantewada,Dantewada,ZONE,Chandangiri
Chittoor,Chittoor,ZONE,Perumallapalle
Tirunelveli,Tirunelveli,ZONE,Poolankudiyiruppu
Allahabad,Allahabad,ZONE,M G Marg
Greater Noida,Greater Noida,ZONE,Salarpur Kalan
Hooghly,Hooghly,ZONE,Haridaspur
Chittoor,Chittoor,ZONE,Empedu
Amritsar,Amritsar,ZONE,Dinewal
Tangerang,Tangerang,ZONE,Kelapa Indah
Tangerang,Tangerang,ZONE,Kampung Besar
Guntur,Guntur,ZONE,Bollapalle
Taguig,Taguig Region,ZONE,Tañong
Guntur,Guntur,ZONE,Nadimpalem
Nashik,Mumbai Naka,ZONE,Kamod Nagar
Delhi,Karol bagh,ZONE,New Rajendra Nagar
Noida,Sector 50,ZONE,Sector 78
São Paulo,Vila Mariana,ZONE,Vila Industrial
Nellore,Nellore,ZONE,Marripadu
Ernakulam,Kakkanad,ZONE,Thuravoor
Lucknow,Gomtinagar,ZONE,Vishwas Khand
Kottayam,Kottayam,ZONE,Mediri
Tiruchirappalli,Tiruchirappalli,ZONE,Kilianallur
Kottayam,Kottayam,ZONE,Edavattom
Kottayam,Kottayam,ZONE,Vaikom
Kozhikode,Kozhikode,ZONE,Kurikkilad
Kozhikode,Kozhikode,ZONE,Mayyannur
Thiruvananthapuram,Thiruvananthapuram,ZONE,Manacaud
Thiruvananthapuram,Thiruvananthapuram,ZONE,Oolampara
Aurangabad,Aurangabad,ZONE,Sillegaon
Nellore,Nellore,ZONE,Damncherla
Tiruchirappalli,Tiruchirappalli,ZONE,Chinnakodunthurai
Pune,Vishrantwadi,ZONE,Yerwada
Warangal,Warangal,ZONE,Kesamudram
Bangalore,Marathahalli,ZONE,Outer Ring Road
Bilaspur,Bilaspur,ZONE,Dindori
Hooghly,Hooghly,ZONE,Bilsara
Guntur,Guntur,ZONE,Korrapadu
Nellore,Nellore,ZONE,Gudinarava
Jakarta,Cempaka Putih/Kemayoran/Menteng/Tanah abang,ZONE,Pegangsaan
Jakarta,Setiabudi/Tebet/Kuningan,ZONE,Rawajati
North 24 Parganas,North 24 Parganas,ZONE,Rajarhat Gopalpur
Tirunelveli,Tirunelveli,ZONE,Uthumalai
Ahmedabad,Saraspur,ZONE,Saraspur
North Goa,North Goa,ZONE,Virnora
Tangerang,Tangerang,ZONE,Situ Gadung
North 24 Parganas,North 24 Parganas,ZONE,Uludanga
Hooghly,Hooghly,ZONE,Gobindapur
Kannur,Kannur,ZONE,Vengara-kannur
Kannur,Kannur,ZONE,Ambayathode
Mysore,Mysore,ZONE,Horalahalli
Ernakulam,Kakkanad,ZONE,Nirmala
Kannur,Kannur,ZONE,Vilakkottur
Nellore,Nellore,ZONE,Athivaram
Aurangabad,Aurangabad,ZONE,Karkin
Tiruchirappalli,Tiruchirappalli,ZONE,Sriramasamudram
Warangal,Warangal,ZONE,Mutharam
Tiruchirappalli,Tiruchirappalli,ZONE,Pathalapettai
Tirunelveli,Tirunelveli,ZONE,Samadanapuram
Chittoor,Chittoor,ZONE,Kothavaripalle
Warangal,Warangal,ZONE,Mallareddipalli
Tiruchirappalli,Tiruchirappalli,ZONE,Sikkathambur
Tirunelveli,Tirunelveli,ZONE,Athuvazhi
Chittoor,Chittoor,ZONE,Ayithepalle
Amritsar,Amritsar,ZONE,Rayon & Silk Mill
Kanpur,Kidwai Nagar,ZONE,Dehli Ujagar
Tirunelveli,Tirunelveli,ZONE,Vellakulam
Bilaspur,Bilaspur,ZONE,Bharni
Jaipur,Raja Park,ZONE,Devan
Kakinada,Kakinada,ZONE,Bhaskarnagar
Guntur,Guntur,ZONE,Layola Nagar
Hooghly,Hooghly,ZONE,Ghole
Mohali,Mohali,ZONE,Jandpur
Mohali,Mohali,ZONE,Tewar
Guntur,Guntur,ZONE,Paluvai
Tangerang,Tangerang,ZONE,Manis Jaya
Ahmedabad,Paldi,ZONE,Ashram Road
Guntur,Guntur,ZONE,Tammavaram
Madurai,Madurai,ZONE,Sokkikulam
Madurai,Madurai,ZONE,Ilamanur
Salem,Salem,ZONE,Periakrishnapuram
Kolkata,Bhowanipore,ZONE,Kidderpore
North 24 Parganas,North 24 Parganas,ZONE,Kalinagar Hat
Makati,Makati Region,ZONE,West Rembo
Taguig,Taguig Region,ZONE,Industrial Valley
Vadodara,Raopura,ZONE,Pratapnagar
Faridabad,Faridabad,ZONE,Amarpur
Jakarta,Kelapa Gading,ZONE,Tanjung Priok
Nellore,Nellore,ZONE,Duvvur
Nellore,Nellore,ZONE,Minagallu
Indore,Vijaynagar,ZONE,Sukhliya
Mysore,Mysore,ZONE,Karthalu
Mysore,Mysore,ZONE,Kestur
Ranchi,Ranchi,ZONE,Burhakhukhra
Ranchi,Ranchi,ZONE,Patratu
Mangalore,Mangalore,ZONE,Sadashivanagar
Mysore,Mysore,ZONE,Hyrige
Mysore,Mysore,ZONE,Hunsur Bridge
Kottayam,Kottayam,ZONE,Thekkethukavala
Ernakulam,Panampilly Nagar,ZONE,Narakkal
Kozhikode,Kozhikode,ZONE,Athiyodi
Warangal,Warangal,ZONE,Gantlakunta
Warangal,Warangal,ZONE,Elgur
Allahabad,Allahabad,ZONE,Saji
Aurangabad (BH),Aurangabad (BH),ZONE,Bharub
Chittoor,Chittoor,ZONE,Erracheruvupalle
Lucknow,Ashiyana,ZONE,Mati
Erode,Erode,ZONE,Erachapadi
Hyderabad,Lb nagar,ZONE,Kanchanbagh
Salem,Salem,ZONE,Aragalur
Salem,Salem,ZONE,Hasthampatti
Guwahati,Guwahati,ZONE,Kala Pahar
Mumbai,Andheri west,ZONE,Oshiwara
Mangalore,Mangalore,ZONE,Moodushedde
Kottayam,Kottayam,ZONE,Payyappar
Kozhikode,Kozhikode,ZONE,Mysore Mala
Tirunelveli,Tirunelveli,ZONE,Ambasamudram
Tirunelveli,Tirunelveli,ZONE,Nalumukku
Chittoor,Chittoor,ZONE,Vallivedu
Aurangabad (BH),Aurangabad (BH),ZONE,Hathiayara
Kottayam,Kottayam,ZONE,Ramapuram
Nagpur,Ramdaspeth,ZONE,Dattawadi
Warangal,Warangal,ZONE,Nadikuda
Allahabad,Allahabad,ZONE,Sirsa Chauraha
Chittoor,Chittoor,ZONE,L.S.Farm
Lucknow,Gomtinagar,ZONE,Gomtinagar
Lucknow,Vikas Nagar,ZONE,Guramba
Bilaspur,Bilaspur,ZONE,Daukapa
Kakinada,Kakinada,ZONE,KD-collectorate
Kakinada,Kakinada,ZONE,Ramaraopet
Guntur,Guntur,ZONE,Harischandrapuram
Nellore,Nellore,ZONE,Chillakur
Jakarta,Cempaka Putih/Kemayoran/Menteng/Tanah abang,ZONE,Kebon Sirih
Kolkata,Park street,ZONE,Bamboovila
North 24 Parganas,North 24 Parganas,ZONE,Duttapara
San Juan,San Juan Region,ZONE,Onse
Hyderabad,Lb nagar,ZONE,LB Nagar
Greater Noida,Greater Noida,ZONE,Pari Chowk
Ranchi,Ranchi,ZONE,Rajadera
Ranchi,Ranchi,ZONE,Kesha
Nellore,Nellore,ZONE,Veerampalli
Salem,Salem,ZONE,Seelanaickenpatti
Warangal,Warangal,ZONE,Vemnoor
Thiruvananthapuram,Thiruvananthapuram,ZONE,Peppara Dam
Chittoor,Chittoor,ZONE,Belupalle
Tiruchirappalli,Tiruchirappalli,ZONE,Edayathimangalam
Dantewada,Dantewada,ZONE,Badegadam
Amritsar,Amritsar,ZONE,Singhpura
Mohali,Mohali,ZONE,Landran
Tirunelveli,Tirunelveli,ZONE,Chiambarapuram
Chittoor,Chittoor,ZONE,Bopparajupalle
Aurangabad (BH),Aurangabad (BH),ZONE,Amba
Aurangabad (BH),Aurangabad (BH),ZONE,Sunurganj
Salem,Salem,ZONE,Sadasivapuram
Gurgaon,Sector10,ZONE,Gurgaon Sector 37C
Delhi,Preet vihar,ZONE,Swasthya Vihar
Erode,Erode,ZONE,Jambai
Nellore,Nellore,ZONE,Vavveru
Madurai,Madurai,ZONE,Puduthamaraipatti
Salem,Salem,ZONE,Mulakadu
North 24 Parganas,North 24 Parganas,ZONE,Basak Bagan
North 24 Parganas,North 24 Parganas,ZONE,Belgharia
South Goa,South Goa,ZONE,Cortalim
South Goa,South Goa,ZONE,Nuvem
Faridabad,Faridabad,ZONE,OBC Sector-7
Nellore,Nellore,ZONE,Mandalanaidupalli
Mysore,Mysore,ZONE,Kolathur
Kannur,Kannur,ZONE,Makreri
Ranchi,Ranchi,ZONE,Ranchi Medical College Campus
Kannur,Kannur,ZONE,Eruvassi
Mysore,Mysore,ZONE,Bheriya
Kottayam,Kottayam,ZONE,Amayannur
Kottayam,Kottayam,ZONE,Vattakunnu
Kozhikode,Kozhikode,ZONE,Katcheri
Kozhikode,Kozhikode,ZONE,Orkatteri
Kozhikode,Kozhikode,ZONE,Valliyad
Thiruvananthapuram,Thiruvananthapuram,ZONE,Pappanamcode
Thrissur,Thrissur,ZONE,Kannara
Nellore,Nellore,ZONE,Tirumalammapalem
Tiruchirappalli,Tiruchirappalli,ZONE,Jambunathapuram
Warangal,Warangal,ZONE,Devnoor
Bangalore,Vijayanagar,ZONE,Kamakshipalya
Tirunelveli,Tirunelveli,ZONE,Vellakal
Chittoor,Chittoor,ZONE,Narayanavaram
Bilaspur,Bilaspur,ZONE,Basti Bagra
Chennai,Chennai Central,ZONE,Anna Nagar East
Bilaspur,Bilaspur,ZONE,Manikchauri
Delhi,Pitampura,ZONE,Wazir Pur 3
Guntur,Guntur,ZONE,Vutukuru
Nellore,Nellore,ZONE,Nidi Musali
Aurangabad,Aurangabad,ZONE,Pathri
Visakhapatnam,Gajuwaka,ZONE,Sheelanagar
Tiruchirappalli,Tiruchirappalli,ZONE,Jiyapuram
Kozhikode,Kozhikode,ZONE,Nellika Paramba
Thiruvananthapuram,Thiruvananthapuram,ZONE,Manchamcode
Nagpur,Wardhaman Nagar,ZONE,Hanuman Nagar
Warangal,Warangal,ZONE,Ammapalem
Tirunelveli,Tirunelveli,ZONE,Kannankulam
Bangalore,Hebbal + HBR layout,ZONE,Sanjay Nagar
Agra,Delhi Gate,ZONE,Sanjay Place
Chittoor,Chittoor,ZONE,Chandramakulapalle
Patna,Raja Bazar,ZONE,Neora
Nellore,Nellore,ZONE,Mogallur
Chittoor,Chittoor,ZONE,Vedagirivaripalle
Allahabad,Allahabad,ZONE,Hanumanganj
Lucknow,Aliganj,ZONE,D M Road
Bilaspur,Bilaspur,ZONE,Sardha
Chittoor,Chittoor,ZONE,Sivaramapuram
Chittoor,Chittoor,ZONE,Veeranamala
Guntur,Guntur,ZONE,Srinagar
Amritsar,Amritsar,ZONE,Sultan Wind Gate
Kanpur,Kakadeo,ZONE,Avas Vikas Yojna No. 3
Aurangabad,Aurangabad,ZONE,Relgaon
Mohali,Mohali,ZONE,Mullanpur
North Goa,North Goa,ZONE,Mandur
Karur,Karur,ZONE,Mettumahadhanapuram
Madurai,Madurai,ZONE,Nakkalapatti
Erode,Erode,ZONE,Mullipuram
Erode,Erode,ZONE,Pothampalayam
North 24 Parganas,North 24 Parganas,ZONE,Ganganagar
North 24 Parganas,North 24 Parganas,ZONE,Rampur Bhatpara
Makati,Makati Region,ZONE,Rizal
Kolkata,Central,ZONE,Vaishya Sabha
Chennai,Chennai South East 2,ZONE,Triplicane
Ahmedabad,Maninagar,ZONE,Khanpur
Thane,Kalyan,ZONE,Khadakpada
Singapore,Jurong East,ZONE,Joo Koon
Vadodara,Waghodia Road,ZONE,Karelibaug
Chittoor,Chittoor,ZONE,Tirupati East
Amritsar,Amritsar,ZONE,Jaintipur
Delhi,Punjabi bagh,ZONE,Peeragarhi
Delhi,Punjabi bagh,ZONE,Rajouri Garden
Ernakulam,Kakkanad,ZONE,Mudikkal
Thiruvananthapuram,Thiruvananthapuram,ZONE,Tirupuram
Thrissur,Thrissur,ZONE,Pooppathy
Warangal,Warangal,ZONE,Yelkurthy
Chittoor,Chittoor,ZONE,Ramanaidupalle
Delhi,Nehru place,ZONE,Sarita Vihar
Nellore,Nellore,ZONE,Narasapuram
Tiruchirappalli,Tiruchirappalli,ZONE,Golden Rock
Warangal,Warangal,ZONE,Kothaguda
Thiruvananthapuram,Thiruvananthapuram,ZONE,Santhigiri
Thiruvananthapuram,Thiruvananthapuram,ZONE,Parappara
Thrissur,Thrissur,ZONE,Kundur
Dantewada,Dantewada,ZONE,Pharaspal
Amritsar,Amritsar,ZONE,Mohawa
Thane,Thane Central,ZONE,Naupada
Warangal,Warangal,ZONE,Gopalpur
Tiruchirappalli,Tiruchirappalli,ZONE,Muthiyampalayam
Bhubaneswar,Bhubaneswar,ZONE,Brahmanasarangi
Bhubaneswar,Bhubaneswar,ZONE,Malipada
Warangal,Warangal,ZONE,Mangapet
Warangal,Warangal,ZONE,Abbaipalem
Guntur,Guntur,ZONE,Narmalapadu
Meerut,Shastri Nagar,ZONE,Agwanpur
Hooghly,Hooghly,ZONE,Palasi
Hooghly,Hooghly,ZONE,Gramchagram
Erode,Erode,ZONE,Muthugoundenpalayam
Nellore,Nellore,ZONE,Nagulavaram
Tirunelveli,Tirunelveli,ZONE,Kurinjakulam
Madurai,Madurai,ZONE,Madurai East
Chittoor,Chittoor,ZONE,Chellur
Hooghly,Hooghly,ZONE,Bhalia
Jaipur,Jhotwara,ZONE,Khadi Bagh
Indore,Palasia,ZONE,South Tukoganj
Quezon City,Quezon Region,ZONE,Matandang Balara
North 24 Parganas,North 24 Parganas,ZONE,Malekangumti
North 24 Parganas,North 24 Parganas,ZONE,Merudandi
Nellore,Nellore,ZONE,Pegallapadu
Salem,Salem,ZONE,Puthumariamman Koil
Tiruchirappalli,Tiruchirappalli,ZONE,Mekkudi
Tirunelveli,Tirunelveli,ZONE,Parameswarapuram
Warangal,Warangal,ZONE,Chennaram
Kozhikode,Kozhikode,ZONE,Mokkam
Allahabad,Allahabad,ZONE,Baserhi
Allahabad,Allahabad,ZONE,Bampur
Dantewada,Dantewada,ZONE,Gondras
Bhopal,East Bhopal,ZONE,Industrial Estate
Salem,Salem,ZONE,Thalaisolai
Thane,Virar,ZONE,Virar East
Pune,Hadapsar,ZONE,Saswad
Nellore,Nellore,ZONE,Kurugonda
Warangal,Warangal,ZONE,Bollepalli
Tirunelveli,Tirunelveli,ZONE,Vagaikulam
Chittoor,Chittoor,ZONE,Allamadugu
Aurangabad (BH),Aurangabad (BH),ZONE,Bishambharpur
North Goa,North Goa,ZONE,Mapusa
Guntur,Guntur,ZONE,Mukkellapadu
Kanpur,Kidwai Nagar,ZONE,Shiwans Tanney
Amritsar,Amritsar,ZONE,Lauka
São Paulo,Bela Vista,ZONE,Itaim Bibi
Nellore,Nellore,ZONE,Kalayakagollu
Bhubaneswar,Bhubaneswar,ZONE,Aiginia
Tirunelveli,Tirunelveli,ZONE,Uthankulam
Tirunelveli,Tirunelveli,ZONE,Panpuli
Aurangabad (BH),Aurangabad (BH),ZONE,Gheura
Allahabad,Allahabad,ZONE,Soraon
Amritsar,Amritsar,ZONE,Jhander
Jaipur,Raja Park,ZONE,Govind Nagar
Jaipur,Raja Park,ZONE,Badi Jori
Erode,Erode,ZONE,Kugalur
Hooghly,Hooghly,ZONE,Santipur
Faridabad,Faridabad,ZONE,Sector 48
North 24 Parganas,North 24 Parganas,ZONE,Simulpur
North 24 Parganas,North 24 Parganas,ZONE,Suria
Nellore,Nellore,ZONE,Singapeta
South Tangerang,South Tangerang,ZONE,Sawah Baru
Singapore,City,ZONE,Suntec
Gurgaon,Manesar,ZONE,Pataudi
Nellore,Nellore,ZONE,Topugunta
Madurai,Madurai,ZONE,Kachakatti
North 24 Parganas,North 24 Parganas,ZONE,Gobila
Ernakulam,Kakkanad,ZONE,Kurumassery
Panchkula,Panchkula,ZONE,Ramgarh
Surat,Adajan,ZONE,Bhesan
Tangerang,Tangerang,ZONE,Keroncong
Hooghly,Hooghly,ZONE,Daminya Kabikankan
Ahmedabad,Satellite,ZONE,Ramdevnagar
Gurgaon,Manesar,ZONE,Gurgaon Sector 86
São Paulo,Vila Mariana,ZONE,Moema
Ranchi,Ranchi,ZONE,Hanhat
Kottayam,Kottayam,ZONE,Palampra
Ranchi,Ranchi,ZONE,Jhabri
Mangalore,Mangalore,ZONE,Krishnapura
Ernakulam,Tripunithura,ZONE,Nechoor
Ernakulam,Kakkanad,ZONE,Kaitharam
Thrissur,Thrissur,ZONE,Pazhanji
Aurangabad,Aurangabad,ZONE,Pimparkheda
Karur,Karur,ZONE,Kurinikulathupatti
Salem,Salem,ZONE,Belur
Jakarta,Kelapa Gading,ZONE,Sunter Agung
Salem,Salem,ZONE,Murungapatti
Greater Noida,Greater Noida,ZONE,Greater Noida West
Taguig,Taguig Region,ZONE,Fort Bonifacio
North 24 Parganas,North 24 Parganas,ZONE,Taranipur
Warangal,Warangal,ZONE,Gatlakaniparthy
Warangal,Warangal,ZONE,Kothagattu Singaram
Lucknow,Ashiyana,ZONE,Rahim Nagar Padiana
Aurangabad (BH),Aurangabad (BH),ZONE,Kathoutia
Aurangabad,Aurangabad,ZONE,Pendapur
Aurangabad,Aurangabad,ZONE,Ellora
Nellore,Nellore,ZONE,Armenipadu
Tirunelveli,Tirunelveli,ZONE,Ramayanpatti
Lucknow,Hazratganj,ZONE,Medical College
Bilaspur,Bilaspur,ZONE,Semarsal
North Goa,North Goa,ZONE,Cudne
North Goa,North Goa,ZONE,Cansarvornem
Ludhiana,Ludhiana Zone 3,ZONE,Focal Point
Kolkata,Salt lake,ZONE,Ganguly Bagan
Kottayam,Kottayam,ZONE,Karipadom
Kozhikode,Kozhikode,ZONE,Chengaroth
Aurangabad,Aurangabad,ZONE,Sawkheda
Tiruchirappalli,Tiruchirappalli,ZONE,Jadamangalam
Tiruchirappalli,Tiruchirappalli,ZONE,Pillapalayam
San Juan,San Juan Region,ZONE,Bagong Silang
Mohali,Mohali,ZONE,Sector-70
Tirunelveli,Tirunelveli,ZONE,Punniahpuram
Tirunelveli,Tirunelveli,ZONE,Kadayalurutti
Noida,Sector 71,ZONE,Sector 33
Gurgaon,Sohna,ZONE,Sohna
Ranchi,Ranchi,ZONE,Rugari
Lucknow,Ashiyana,ZONE,Dhendhemau
Karur,Karur,ZONE,Naganur
Madurai,Madurai,ZONE,Andarkottaram
Madurai,Madurai,ZONE,Ayyankuruvithurai
Madurai,Madurai,ZONE,Kondayampatti
Kottayam,Kottayam,ZONE,Cheruvally
Salem,Salem,ZONE,Naduvaneri
North 24 Parganas,North 24 Parganas,ZONE,Hakimpur
Delhi,South extension,ZONE,South Extension 1
Nagpur,Dhantoli,ZONE,Untkhana
Nellore,Nellore,ZONE,Padugupadu
Ranchi,Ranchi,ZONE,Baruhatu
Kannur,Kannur,ZONE,Panniyur
Mysore,Mysore,ZONE,Hadya
Kannur,Kannur,ZONE,Kavumbhagam
Kannur,Kannur,ZONE,Pinarayi
Kannur,Kannur,ZONE,Vellunni
Erode,Erode,ZONE,Kasbapettai
Salem,Salem,ZONE,Konganapuram
Salem,Salem,ZONE,Masilapalayam
Tangerang,Tangerang,ZONE,Rancabuaya
Hooghly,Hooghly,ZONE,Pandua
Hyderabad,Himayat nagar,ZONE,Himayat Nagar
Patna,Kankarbagh,ZONE,Kankad Bagh
Singapore,Bukit Batok,ZONE,Bukit Batok
Thiruvananthapuram,Thiruvananthapuram,ZONE,Malayinkeezh
Kottayam,Kottayam,ZONE,Thrikothamangalam
Kannur,Kannur,ZONE,Narath
Ranchi,Ranchi,ZONE,HEC Expert Hostel
Ernakulam,Kakkanad,ZONE,Thalacode
Ernakulam,Panampilly Nagar,ZONE,Puthuvype
Thiruvananthapuram,Thiruvananthapuram,ZONE,Alamcode
Thiruvananthapuram,Thiruvananthapuram,ZONE,TVM ISRO
Thrissur,Thrissur,ZONE,Kerala Agri-university
Nellore,Nellore,ZONE,Venkatachalasatram
Pune,Kothrud,ZONE,Kasba Peth
Warangal,Warangal,ZONE,Siddanki
Tirunelveli,Tirunelveli,ZONE,Maruthakulam
Warangal,Warangal,ZONE,Ookal Raiparthy
Tirunelveli,Tirunelveli,ZONE,Konganthanparai
Amritsar,Amritsar,ZONE,Tanel
Erode,Erode,ZONE,Vellankoil
Mumbai,Andheri east,ZONE,Andheri East
Mumbai,Juhu,ZONE,Juhu
Vadodara,Waghodia Road,ZONE,Rasulpur
Mysore,Mysore,ZONE,Navilur
Mysore,Mysore,ZONE,Halaganahalli
Kannur,Kannur,ZONE,Chirakkal
Tirunelveli,Tirunelveli,ZONE,Koviloothu
Pune,Pimpri chinchwad,ZONE,Chinchwad
Puducherry,Puducherry,ZONE,Lawspet
Warangal,Warangal,ZONE,Dantalapalli
Aurangabad (BH),Aurangabad (BH),ZONE,Darha
Delhi,Vasant kunj,ZONE,Vasant Kunj
Guntur,Guntur,ZONE,Zammalamadaka
Chennai,Chennai North,ZONE,Periyar Nagar
Guntur,Guntur,ZONE,Chatragaddapadu
Erode,Erode,ZONE,Pudukkaraipudur
Nellore,Nellore,ZONE,Hastakaveri
Madurai,Madurai,ZONE,Marudangudi
Jakarta,Kebayoran/Bintaro,ZONE,Grogol Utara
Tangerang,Tangerang,ZONE,Belimbing
Hyderabad,Lb nagar,ZONE,Meerpet
Bangalore,JP Nagar,ZONE,Tejaswini Nagar
Ahmedabad,Saraspur,ZONE,Naroda S A
Chandigarh,Sector 36,ZONE,Sector-39
Mangalore,Mangalore,ZONE,Haleangady
Kannur,Kannur,ZONE,Cheruparamba
Kozhikode,Kozhikode,ZONE,Peruvattur
Thiruvananthapuram,Thiruvananthapuram,ZONE,Palayamkunnu
Thiruvananthapuram,Thiruvananthapuram,ZONE,Kattaikonam
Thiruvananthapuram,Thiruvananthapuram,ZONE,Valiathura
Thrissur,Thrissur,ZONE,Mullassery
East Khasi Hills,Shillong-East Khasi Hills,ZONE,Diengpasoh
Kozhikode,Kozhikode,ZONE,Kadalundi
Thiruvananthapuram,Thiruvananthapuram,ZONE,Koonanvenga
Nellore,Nellore,ZONE,Jeelapatur
Warangal,Warangal,ZONE,Chiryal
Bangalore,Electronics City,ZONE,Bestamaranahalli
Chittoor,Chittoor,ZONE,Kolamasanapalle
Allahabad,Allahabad,ZONE,Khargapur
Tiruchirappalli,Tiruchirappalli,ZONE,Nagamanaickenpatti
Bhubaneswar,Bhubaneswar,ZONE,Bhubaneswar R S
Chandigarh,Sector 20,ZONE,Dadu Majra Colony
Guwahati,Guwahati,ZONE,Kumarpara
Chittoor,Chittoor,ZONE,Tadukupet
Tangerang,Tangerang,ZONE,Kampung Melayu Timur
San Juan,San Juan Region,ZONE,Caybiga
Quezon City,Quezon Region,ZONE,Apolonio Samson
Guntur,Guntur,ZONE,Piratlanka
Nellore,Nellore,ZONE,Vembuluru
Panchkula,Panchkula,ZONE,Baragaon
Chennai,Chennai West,ZONE,Pattabiram
South Goa,South Goa,ZONE,Utorda
Singapore,Tampines,ZONE,Chai Chee
Faridabad,Faridabad,ZONE,Sector-16a
Ranchi,Ranchi,ZONE,Hehal
Ranchi,Ranchi,ZONE,Balalong
Kannur,Kannur,ZONE,Porakunnu
Thrissur,Thrissur,ZONE,Akkikkavu
Nellore,Nellore,ZONE,Tarunavoya
Nellore,Nellore,ZONE,Gudladona
Tiruchirappalli,Tiruchirappalli,ZONE,Poigaipatti
Kottayam,Kottayam,ZONE,Vadakkenirappu
Aurangabad (BH),Aurangabad (BH),ZONE,Dadhapa
Thiruvananthapuram,Thiruvananthapuram,ZONE,Mannanthala
Thrissur,Thrissur,ZONE,Cherpu Padinjattumuri
Nellore,Nellore,ZONE,Chillamanur
Tiruchirappalli,Tiruchirappalli,ZONE,Kottathur
Tiruchirappalli,Tiruchirappalli,ZONE,Thirunarayanapuram
Pune,Hadapsar,ZONE,Loni Kalbhor
Delhi,Vasant kunj,ZONE,Kapashera
Delhi,Dwarka,ZONE,Najafgarh
Hooghly,Hooghly,ZONE,Hanraldaspur
Hooghly,Hooghly,ZONE,Basubati
Erode,Erode,ZONE,Mukasipudur
Erode,Erode,ZONE,Peria Semur
Madurai,Madurai,ZONE,Chitoor
Tangerang,Tangerang,ZONE,Dang Deur
Chittoor,Chittoor,ZONE,Yenugondapalem
Warangal,Warangal,ZONE,Deshaipet
Bilaspur,Bilaspur,ZONE,Lainga
Amritsar,Amritsar,ZONE,Dhardeo
North Goa,North Goa,ZONE,Sancordem
North 24 Parganas,North 24 Parganas,ZONE,Sabdalpur
Singapore,Orchard,ZONE,Tanglin
Lucknow,Hazratganj,ZONE,Raghunathpur
Hooghly,Hooghly,ZONE,Parshyampur
Coimbatore,Sai Baba Colony,ZONE,Edayarpalayam
Taguig,Taguig Region,ZONE,San José
Hyderabad,Kukatpally,ZONE,Hyder Nagar
Delhi,Dwarka,ZONE,Dwarka Sector 2
Pune,Karve nagar,ZONE,Khadakwasla
Coimbatore,Singanallur,ZONE,Goldwins
Mangalore,Mangalore,ZONE,Assaigoli
Mysore,Mysore,ZONE,Jayalakshmipuram
Thiruvananthapuram,Thiruvananthapuram,ZONE,Vadasserikonam
Thiruvananthapuram,Thiruvananthapuram,ZONE,Nethajipuram
Thrissur,Thrissur,ZONE,Thaikkad
Thrissur,Thrissur,ZONE,Chakkarappadam
Aurangabad,Aurangabad,ZONE,Kanhori
Kozhikode,Kozhikode,ZONE,Kutaranni
Kozhikode,Kozhikode,ZONE,Mavoor
Patna,Kankarbagh,ZONE,B.H.Colony
Patna,Rajendra Nagar,ZONE,Jamal Road
Nellore,Nellore,ZONE,Vengalarao Nagar
Mohali,Mohali,ZONE,Sector- 79
Nellore,Nellore,ZONE,Ammavaripalem
Salem,Salem,ZONE,Valapady
Bhubaneswar,Bhubaneswar,ZONE,Gangapada
Tirunelveli,Tirunelveli,ZONE,Pogai
Chittoor,Chittoor,ZONE,Arimakulapalle
Dantewada,Dantewada,ZONE,Kirandul R.S.
Chittoor,Chittoor,ZONE,Veterinary Science College
Guntur,Guntur,ZONE,Kolagutla
Amritsar,Amritsar,ZONE,Sugga
Amritsar,Amritsar,ZONE,Jhita Kalan
Tirunelveli,Tirunelveli,ZONE,Sambavarvadakarai
Allahabad,Allahabad,ZONE,Leondi
Kanpur,Swaroop Nagar,ZONE,Gsvm Medical College
Amritsar,Amritsar,ZONE,Sheron
Delhi,Patparganj,ZONE,Patparganj
Mohali,Mohali,ZONE,"PSEB, Ph-8"
North Goa,North Goa,ZONE,Succour PSSK
Erode,Erode,ZONE,Kaikolapalayam
Nellore,Nellore,ZONE,Chejerla Kandriga
Madurai,Madurai,ZONE,Mallapuram
Nashik,Gangapur Road,ZONE,Krishna Nagar
North 24 Parganas,North 24 Parganas,ZONE,Barrackpore Govt.Housing
North 24 Parganas,North 24 Parganas,ZONE,Natagram
North 24 Parganas,North 24 Parganas,ZONE,Palashi
Faridabad,Faridabad,ZONE,Industrial Area
Hooghly,Hooghly,ZONE,Mohipalpur
Hooghly,Hooghly,ZONE,Balpai
Guntur,Guntur,ZONE,Karalapadu
Erode,Erode,ZONE,Anaipalayam
South Tangerang,South Tangerang,ZONE,Pondok Aren
Ranchi,Ranchi,ZONE,Kadru
Manila,Manila Region,ZONE,San Nicolas
North 24 Parganas,North 24 Parganas,ZONE,Khasbalanda
Delhi,Rohini,ZONE,Rohini Sector 34
Mysore,Mysore,ZONE,Jampanahalli
Kottayam,Kottayam,ZONE,Panamattom
Kannur,Kannur,ZONE,Koottupuzha
Thrissur,Thrissur,ZONE,Panangattukara
Aurangabad,Aurangabad,ZONE,Warkheda
Warangal,Warangal,ZONE,Naikpalli
Warangal,Warangal,ZONE,Pochampalli
Bilaspur,Bilaspur,ZONE,Choktipani
Guntur,Guntur,ZONE,Sangupalem
Amritsar,Amritsar,ZONE,Musse
Guntur,Guntur,ZONE,Vipparla
Erode,Erode,ZONE,Unjalur
Madurai,Madurai,ZONE,Nadumudalaikulam
Jakarta,PuloGadung/Duren Sawit,ZONE,Halim Perdana Kusumah
Tangerang,Tangerang,ZONE,Kuta Jaya
Kolkata,Santoshpur,ZONE,Mukundapur
North 24 Parganas,North 24 Parganas,ZONE,Gazipur
North 24 Parganas,North 24 Parganas,ZONE,Ichapur
Mumbai,Dahisar,ZONE,Bhayandar East
Mumbai,Goregaon,ZONE,Goregaon
Surat,Athawa,ZONE,Sachin G.I.D.C.
Jakarta,Cengkareng/Penjaringan/Kalideres,ZONE,Cengkareng
Nagpur,Ramdaspeth,ZONE,Ranapratap Nagar
Nashik,Mumbai Naka,ZONE,Wadala
Warangal,Warangal,ZONE,Abadighanpur
Bhubaneswar,Bhubaneswar,ZONE,Tamando
Tirunelveli,Tirunelveli,ZONE,Sundapandiapuram
Aurangabad (BH),Aurangabad (BH),ZONE,Jalpura
Guntur,Guntur,ZONE,Taduvai
Amritsar,Amritsar,ZONE,Uddoke
Erode,Erode,ZONE,Maravapalayam
Thiruvananthapuram,Thiruvananthapuram,ZONE,Peroor
Thrissur,Thrissur,ZONE,Kuranniyur
Thrissur,Thrissur,ZONE,Thozhiyur
Warangal,Warangal,ZONE,Madaguda
Warangal,Warangal,ZONE,Lingala Ghanpur
Kottayam,Kottayam,ZONE,Thodanal
Indore,Palasia,ZONE,State Bank of Indore Yashwant Road
Tirunelveli,Tirunelveli,ZONE,Mannarkoil
Chittoor,Chittoor,ZONE,Katnagallu
Allahabad,Allahabad,ZONE,Katrauli
Chittoor,Chittoor,ZONE,Challavaripalle
Dantewada,Dantewada,ZONE,Mirtur
Amritsar,Amritsar,ZONE,Naraiangarh
Amritsar,Amritsar,ZONE,Pandori Warraich
Thiruvananthapuram,Thiruvananthapuram,ZONE,Machel
Thiruvananthapuram,Thiruvananthapuram,ZONE,Aramada
Thrissur,Thrissur,ZONE,Kundannur
Tiruchirappalli,Tiruchirappalli,ZONE,Tattamangalam
Aurangabad (BH),Aurangabad (BH),ZONE,G. Kanap
Bilaspur,Bilaspur,ZONE,Bijaypur
Bilaspur,Bilaspur,ZONE,Jhajhpurikala
Guntur,Guntur,ZONE,Purushothapatnam
Lucknow,Ashiyana,ZONE,Sisendi
North Goa,North Goa,ZONE,Chorao
Tirunelveli,Tirunelveli,ZONE,Naranapuram
Amritsar,Amritsar,ZONE,Pakhoke
Thane,Vasai,ZONE,Vasai
Bhubaneswar,Bhubaneswar,ZONE,Bhainchua
Warangal,Warangal,ZONE,Kamalapur Town Ship
Warangal,Warangal,ZONE,Ravirala
Erode,Erode,ZONE,Theethampalayam
Hooghly,Hooghly,ZONE,Basuri
Guntur,Guntur,ZONE,Gandhinagar
Erode,Erode,ZONE,Rangampalayam
Madurai,Madurai,ZONE,Vadakkampatti
Salem,Salem,ZONE,Periavadugampatti
Lucknow,Hazratganj,ZONE,Hasangunj
South Tangerang,South Tangerang,ZONE,Buaran
Tirunelveli,Tirunelveli,ZONE,Ramanathapuram
Quezon City,Quezon Region,ZONE,Bagong Pag-asa
Delhi,Rohini,ZONE,Rohini Sector 27
Delhi,Rohini,ZONE,Rohini Sector 6
Kolkata,Dum dum,ZONE,Bengal Immunity
Madurai,Madurai,ZONE,A.Pudupatti
Salem,Salem,ZONE,Pannapatti
Ludhiana,Ludhiana Zone 2,ZONE,GHS Sunet
Ranchi,Ranchi,ZONE,Raisimla
Jakarta,Setiabudi/Tebet/Kuningan,ZONE,Pancoran
Kanpur,Kidwai Nagar,ZONE,Nirala Nagar
Hooghly,Hooghly,ZONE,Jagalgori
Jamshedpur,Jamshedpur,ZONE,"Chairman, Aidtyapur Industrial Area, Development Auth"
Ranchi,Ranchi,ZONE,Tirla
Thane,Kalyan,ZONE,Kalyan
Ernakulam,Kakkanad,ZONE,Kothamangalam Bazar
Kannur,Kannur,ZONE,Mambram
Kannur,Kannur,ZONE,Pallikunnu
Kottayam,Kottayam,ZONE,Kanakapalam
Thiruvananthapuram,Thiruvananthapuram,ZONE,Kizhuvalam
Thiruvananthapuram,Thiruvananthapuram,ZONE,Vakkom
Thiruvananthapuram,Thiruvananthapuram,ZONE,Melvettoor
Thrissur,Thrissur,ZONE,Palayur
Nellore,Nellore,ZONE,Kallurpalli
Warangal,Warangal,ZONE,Jalapalli
Tirunelveli,Tirunelveli,ZONE,Palayankottai
Thiruvananthapuram,Thiruvananthapuram,ZONE,Kochuvila
Warangal,Warangal,ZONE,Liabarthy
Allahabad,Allahabad,ZONE,Ahmedpur Pawan
Chittoor,Chittoor,ZONE,Boorlapalle
Allahabad,Allahabad,ZONE,Uruwa
Bhopal,East Bhopal,ZONE,ITI Industrial Training Institute Gas
Nellore,Nellore,ZONE,Kanuparthi
Aurangabad,Aurangabad,ZONE,Palkheda
Aurangabad,Aurangabad,ZONE,Wakla
Warangal,Warangal,ZONE,Dommat
Dantewada,Dantewada,ZONE,Jabeli
Warangal,Warangal,ZONE,Mogullapalli
Kozhikode,Kozhikode,ZONE,Kollam
Thrissur,Thrissur,ZONE,Pottore
Thrissur,Thrissur,ZONE,Vallachira
Visakhapatnam,Gajuwaka,ZONE,Kapuluppada
Tiruchirappalli,Tiruchirappalli,ZONE,Srinivasanallur
Thrissur,Thrissur,ZONE,Pady
Chittoor,Chittoor,ZONE,Bayappagaripalle
Tirunelveli,Tirunelveli,ZONE,Vijaya Achampadu
Warangal,Warangal,ZONE,Manchupahad
Chittoor,Chittoor,ZONE,Ponnutipalem
Dantewada,Dantewada,ZONE,Michwar
Amritsar,Amritsar,ZONE,Mahal
Delhi,Preet vihar,ZONE,Krishna Nagar
Guntur,Guntur,ZONE,Gogulamudi
Bhopal,Central Bhopal,ZONE,Suraj Nagar
Greater Noida,Greater Noida,ZONE,Dadri
Guwahati,Guwahati,ZONE,Odalbakra
Erode,Erode,ZONE,Bargur-Anthiyur
Kottayam,Kottayam,ZONE,Mannackanad
Kottayam,Kottayam,ZONE,Mulakulam South
Kozhikode,Kozhikode,ZONE,Kayappanichi
Thiruvananthapuram,Thiruvananthapuram,ZONE,Kaudiar
Thrissur,Thrissur,ZONE,Wadakkanchery
Aurangabad,Aurangabad,ZONE,Gadana
Chittoor,Chittoor,ZONE,Pulikallu
San Juan,San Juan Region,ZONE,Maypajo
Kolkata,Bhowanipore,ZONE,Watgunge
North 24 Parganas,North 24 Parganas,ZONE,Kamdevkati
Nellore,Nellore,ZONE,Ipuru
Tiruchirappalli,Tiruchirappalli,ZONE,Paithamparai
Dantewada,Dantewada,ZONE,Puspal
Taguig,Taguig Region,ZONE,Concepcion Dos
Thane,Ulhasnagar,ZONE,Ulhasnagar
Bilaspur,Bilaspur,ZONE,Phandwani
Karur,Karur,ZONE,Veerarakkiam
Karur,Karur,ZONE,Punavasipatti
Nellore,Nellore,ZONE,Chennur
Madurai,Madurai,ZONE,Sivanandanagar
Madurai,Madurai,ZONE,Velambur
Jakarta,Cempaka Putih/Kemayoran/Menteng/Tanah abang,ZONE,Sumur Batu
Salem,Salem,ZONE,Kadayampatti
Kakinada,Kakinada,ZONE,Atchutapuratriam
Lucknow,Ashiyana,ZONE,Madhuban Nagar
Aurangabad,Aurangabad,ZONE,Jai Vishwa Bharti Colony
San Juan,San Juan Region,ZONE,Morning Breeze Subdivision
Taguig,Taguig Region,ZONE,Kapasigan
Chennai,Chennai South West 2,ZONE,Tambaram West
Karur,Karur,ZONE,Nanjaikalakurichi
Guntur,Guntur,ZONE,Kankatapalem
Nellore,Nellore,ZONE,Chakalakonda
Tangerang,Tangerang,ZONE,Suradita
Tangerang,Tangerang,ZONE,Sukatani
Quezon City,Quezon Region,ZONE,Libis
North 24 Parganas,North 24 Parganas,ZONE,Nilganj Bazaar
North 24 Parganas,North 24 Parganas,ZONE,Prafulla Kanan
Singapore,City,ZONE,Chinatown
Ahmedabad,Saraspur,ZONE,Madhupura Market
Ahmedabad,Memnagar,ZONE,Gurukul Road
Guntur,Guntur,ZONE,Dondapadu
Amritsar,Amritsar,ZONE,Saidpur
Guntur,Guntur,ZONE,Muttupalli Agraharam
São Paulo,Jabaquara,ZONE,Jardim Miriam
South Tangerang,South Tangerang,ZONE,Pondok Karya
Ahmedabad,Maninagar,ZONE,Mirzapur
Tangerang,Tangerang,ZONE,Kubang
Las Pinas,Las Pinas Region,ZONE,San Antonio Valley 1
Kolkata,Central,ZONE,Entally
Mumbai,Juhu,ZONE,MG Road
Panchkula,Panchkula,ZONE,Mallah
Ranchi,Ranchi,ZONE,Sode
Ranchi,Ranchi,ZONE,Dowaru
Mysore,Mysore,ZONE,Siddalingapura
Karur,Karur,ZONE,Kodanthur
Madurai,Madurai,ZONE,Poonjuthi
Tangerang,Tangerang,ZONE,Talaga Sari
Nashik,Gangapur Road,ZONE,Parijat Nagar
North 24 Parganas,North 24 Parganas,ZONE,Arbelia
Faridabad,Faridabad,ZONE,Sector 10 HBC
Kottayam,Kottayam,ZONE,Poonjar Thekkekara
Kozhikode,Kozhikode,ZONE,Chorode East
Thiruvananthapuram,Thiruvananthapuram,ZONE,Vedivachankoil
Thrissur,Thrissur,ZONE,Kunnamkulam City
Aurangabad,Aurangabad,ZONE,Gevarai Kuber
Chennai,Chennai South,ZONE,Kanchipuram
Faridabad,Faridabad,ZONE,Manpur
São Paulo,Santana,ZONE,Santa Teresinha
Hooghly,Hooghly,ZONE,Pratapnagar
Chittoor,Chittoor,ZONE,Samireddipalle
Tirunelveli,Tirunelveli,ZONE,Kunnathur
Chittoor,Chittoor,ZONE,Emaganipalle
Chittoor,Chittoor,ZONE,Kalagatur
Lucknow,Hazratganj,ZONE,Golaganj
Bilaspur,Bilaspur,ZONE,Chandeli
Guntur,Guntur,ZONE,Gurunadhanagar
Ludhiana,Ludhiana Zone 3,ZONE,Cheema
Coimbatore,Sai Baba Colony,ZONE,Kuppakonanpudur
Jakarta,PuloGadung/Duren Sawit,ZONE,Kayu Putih
Mysore,Mysore,ZONE,Mavinahallli
Kannur,Kannur,ZONE,Kottali
Allahabad,Allahabad,ZONE,Belsara
Bangalore,BTM Layout,ZONE,Bilekahalli
Guwahati,Guwahati,ZONE,Dispur
Dantewada,Dantewada,ZONE,Kanwalnar
Ranchi,Ranchi,ZONE,Ranchi University
Kottayam,Kottayam,ZONE,Vaikom Thekkenada
Salem,Salem,ZONE,Minnampalli
Faridabad,Faridabad,ZONE,Saraswati Colony
Surat,Adajan,ZONE,Hajira
Warangal,Warangal,ZONE,Bandanagaram
Tiruchirappalli,Tiruchirappalli,ZONE,Periyamangalam
Ernakulam,Tripunithura,ZONE,Tripunithura Fort
Aurangabad,Aurangabad,ZONE,Pishore
Nellore,Nellore,ZONE,Ponnapudipeddapalem
Tiruchirappalli,Tiruchirappalli,ZONE,Thuvarankurichi
Warangal,Warangal,ZONE,Turrur
Lucknow,Hazratganj,ZONE,Naya Gaon
Bilaspur,Bilaspur,ZONE,Khodri
Guntur,Guntur,ZONE,Suddapalli
Guntur,Guntur,ZONE,Satuluru
Jaipur,Durgapura,ZONE,Barkat Nagar
Erode,Erode,ZONE,Arasur
Tirunelveli,Tirunelveli,ZONE,Sennikulam
Salem,Salem,ZONE,Palaniyapuri
Tangerang,Tangerang,ZONE,Buaran Jati
Amritsar,Amritsar,ZONE,Jalalabad
Hooghly,Hooghly,ZONE,Kamarparabazar
Hyderabad,Hitech city,ZONE,Nanakramguda
Lucknow,Ashiyana,ZONE,Talkatora
Jaipur,Raja Park,ZONE,Adarsh Nagar
Manila,Manila Region,ZONE,Paco
North 24 Parganas,North 24 Parganas,ZONE,Kushdanga
Navi Mumbai,Nerul,ZONE,Kharghar
Aurangabad (BH),Aurangabad (BH),ZONE,Akouni
Kottayam,Kottayam,ZONE,Moozhikulangara
Amritsar,Amritsar,ZONE,Ruriwala
Amritsar,Amritsar,ZONE,Marjindpura
São Paulo,Mooca,ZONE,Brás
Panchkula,Panchkula,ZONE,Sector- 22
Ranchi,Ranchi,ZONE,"Chief Commissioner IT, Deptt., Main Rd."
Mysore,Mysore,ZONE,Hirekyathanahalli
Aurangabad,Aurangabad,ZONE,Ellora Caves
Nellore,Nellore,ZONE,Palicherlapadu
Kannur,Kannur,ZONE,Alakode-kuttaramba
Tiruchirappalli,Tiruchirappalli,ZONE,Velakkanatham
East Khasi Hills,Shillong-East Khasi Hills,ZONE,Laitkynsew
Bangalore,Banashankari + RR Nagar,ZONE,Jnanabharathi
Warangal,Warangal,ZONE,Cheralpalem
Chittoor,Chittoor,ZONE,Pasalavandlapalle
Chittoor,Chittoor,ZONE,Pudichennakesavapuram
Warangal,Warangal,ZONE,Laxmidevipet
Aurangabad (BH),Aurangabad (BH),ZONE,Jai Govind Nagar
Lucknow,Indranagar,ZONE,Sector-21 Indiranagar
Guntur,Guntur,ZONE,Bhoolayapalem
Amritsar,Amritsar,ZONE,Kangra Colony
Amritsar,Amritsar,ZONE,Katra Karam Singh
Guntur,Guntur,ZONE,Tsallagundla
Ludhiana,Ludhiana Zone 3,ZONE,Model Town
Erode,Erode,ZONE,Senapathichettipalayam
Karur,Karur,ZONE,Rengachipatti
Nellore,Nellore,ZONE,Nandavaram
Jakarta,PuloGadung/Duren Sawit,ZONE,Ujung Menteng
North 24 Parganas,North 24 Parganas,ZONE,Hatgachha
Mumbai,Tardeo,ZONE,Agripada
Nellore,Nellore,ZONE,Ramesh Reddy Nagar
Surat,Katragam,ZONE,Vasta Devdi Road
Taguig,Taguig Region,ZONE,Taguig City
Nellore,Nellore,ZONE,Pullayapalli
Tiruchirappalli,Tiruchirappalli,ZONE,Kargudi
Warangal,Warangal,ZONE,Ananthasagar
Tirunelveli,Tirunelveli,ZONE,Tulukkapatti
Tirunelveli,Tirunelveli,ZONE,Kodaiseri
Puducherry,Puducherry,ZONE,Thengaithittu
Guntur,Guntur,ZONE,Ponnapalli Agraharam
Ranchi,Ranchi,ZONE,Narkopi
Salem,Salem,ZONE,Parapatti Mannarpalayam
Kolkata,Dum dum,ZONE,Dumdum Road
San Juan,San Juan Region,ZONE,Hagdan Bato Itaas
North 24 Parganas,North 24 Parganas,ZONE,Tushklali
Noida,Sector 18,ZONE,Sector 19
North Goa,North Goa,ZONE,Revora
Hooghly,Hooghly,ZONE,Baidyapur Shibtala
Hooghly,Hooghly,ZONE,Bajemalia
Guntur,Guntur,ZONE,Peravali
Jakarta,Kebayoran/Bintaro,ZONE,Bintaro
Tangerang,Tangerang,ZONE,Nambo Jaya
North 24 Parganas,North 24 Parganas,ZONE,Eojnagar
North Goa,North Goa,ZONE,Ella
Hyderabad,Afzal gunj,ZONE,Charminar
Thiruvananthapuram,Thiruvananthapuram,ZONE,Thirumala
Nagpur,Sadar,ZONE,Civil Lines
Guntur,Guntur,ZONE,Karlapalem
Nellore,Nellore,ZONE,Ballavolu
Salem,Salem,ZONE,Doramangalam
Tangerang,Tangerang,ZONE,Suka Damai
Tangerang,Tangerang,ZONE,Kedung
Hooghly,Hooghly,ZONE,Goswamimalipara
Hooghly,Hooghly,ZONE,Saidpur
Ludhiana,Ludhiana Zone 2,ZONE,Tharike
Quezon City,Quezon Region,ZONE,Laging Handa
South Goa,South Goa,ZONE,Cansaulim
Nellore,Nellore,ZONE,Chikavolu
Tiruchirappalli,Tiruchirappalli,ZONE,Samayapuram
Warangal,Warangal,ZONE,Peesara
Warangal,Warangal,ZONE,Chelpur
Tirunelveli,Tirunelveli,ZONE,Kuniyur
Nellore,Nellore,ZONE,Chowkacherla
North 24 Parganas,North 24 Parganas,ZONE,Gopalpur
Tirunelveli,Tirunelveli,ZONE,Vadakarai
Tirunelveli,Tirunelveli,ZONE,Sivagiri South
Delhi,Nehru place,ZONE,CR Park
Ludhiana,Ludhiana Zone 3,ZONE,Sherpur
Erode,Erode,ZONE,Kavundichipalayam
Nellore,Nellore,ZONE,Chillamur
Karur,Karur,ZONE,Koyampalli
Tangerang,Tangerang,ZONE,Pasir Gadung
Puducherry,Puducherry,ZONE,Irumbai
Chittoor,Chittoor,ZONE,Varathur
Chittoor,Chittoor,ZONE,Bairupalle
Aurangabad (BH),Aurangabad (BH),ZONE,Kutumba
Kakinada,Kakinada,ZONE,Sarpavaram
Thrissur,Thrissur,ZONE,Thiruvambady TSR
Bhopal,Old Bhopal,ZONE,Bazaria Shahajahanabad
Warangal,Warangal,ZONE,Pakhal
Aurangabad (BH),Aurangabad (BH),ZONE,Goh
Hyderabad,Afzal gunj,ZONE,Begum Bazar
Chennai,Chennai South Central,ZONE,Mettupalayam
South Goa,South Goa,ZONE,Xelvona
Thrissur,Thrissur,ZONE,Chokkana
Thrissur,Thrissur,ZONE,Edakulam
Chittoor,Chittoor,ZONE,Dadepallerajulur
Warangal,Warangal,ZONE,Dharmapuram
Tirunelveli,Tirunelveli,ZONE,Kuruvikulam
Tirunelveli,Tirunelveli,ZONE,Sambakulam
Chittoor,Chittoor,ZONE,Sri Sukabrahmasramam
Lucknow,Hazratganj,ZONE,Mehmoodpur
Aurangabad (BH),Aurangabad (BH),ZONE,Risiap
Guntur,Guntur,ZONE,Chivaluru
Kannur,Kannur,ZONE,Palaparamba
Kannur,Kannur,ZONE,Pullookkara
Bhopal,Central Bhopal,ZONE,Nehru Nagar
North 24 Parganas,North 24 Parganas,ZONE,Aturia
Quezon City,Quezon Region,ZONE,Bayanihan
Gurgaon,Manesar,ZONE,Gurgaon Sector 82
South Goa,South Goa,ZONE,Balli
Kozhikode,Kozhikode,ZONE,Pallikara
Thiruvananthapuram,Thiruvananthapuram,ZONE,Kokkottukonam
Thiruvananthapuram,Thiruvananthapuram,ZONE,Moongode
Thrissur,Thrissur,ZONE,Trithallur
Thrissur,Thrissur,ZONE,Vadakkummuri
East Khasi Hills,Shillong-East Khasi Hills,ZONE,Nongspung
Delhi,Preet vihar,ZONE,AGCR Enclave
Delhi,Punjabi bagh,ZONE,Shivaji Park
Ernakulam,Panampilly Nagar,ZONE,Vallarpadam
Kannur,Kannur,ZONE,Kozhummal
Bangalore,HSR Layout,ZONE,HSR Layout
Bangalore,Koramangala,ZONE,Koramangala 4 Block
Kozhikode,Kozhikode,ZONE,Kayal
Nellore,Nellore,ZONE,Mahalakshmipuram
Nellore,Nellore,ZONE,Tatakaladinne
Jakarta,Kebon Jeruk/Tomang/Slipi,ZONE,Kemanggisan
Guntur,Guntur,ZONE,Krapa
Delhi,Chanakyapuri,ZONE,Anand Niketan
Delhi,Chanakyapuri,ZONE,Sarojini Nagar
Aurangabad,Aurangabad,ZONE,Hingoni
Aurangabad,Aurangabad,ZONE,Jambhargaon
Amritsar,Amritsar,ZONE,Tmmowal
Thane,Virar,ZONE,Virar
Chennai,Chennai South Central,ZONE,Ekkaduthangal
Guntur,Guntur,ZONE,Varahapuram Agraharam
Guntur,Guntur,ZONE,Nadigadda
North 24 Parganas,North 24 Parganas,ZONE,Ram Nagar Road
North 24 Parganas,North 24 Parganas,ZONE,Bidhan Nagar
North 24 Parganas,North 24 Parganas,ZONE,Talsa
Erode,Erode,ZONE,Avudayarparai
Erode,Erode,ZONE,Kuttagam
Erode,Erode,ZONE,Nallur
Erode,Erode,ZONE,Tegnarai
Bangalore,Marathahalli,ZONE,Devarabesanhalli
Tangerang,Tangerang,ZONE,Pasir Nangka
Kolkata,Santoshpur,ZONE,Parnasree Pally
Delhi,Malviya nagar,ZONE,Madangir
Panchkula,Panchkula,ZONE,Chandi Mandir
São Paulo,Jabaquara,ZONE,Santo Amaro
Tirunelveli,Tirunelveli,ZONE,Kulasekaraperi
Tirunelveli,Tirunelveli,ZONE,Periyakoilankulam
Chittoor,Chittoor,ZONE,Cheelapalle
Chittoor,Chittoor,ZONE,Punganur Bus Stand
Bilaspur,Bilaspur,ZONE,Mopka
Guntur,Guntur,ZONE,Gundepalle
Mohali,Mohali,ZONE,Sector- 58
Panchkula,Panchkula,ZONE,Sector 2
Ranchi,Ranchi,ZONE,Nawagarh
Mysore,Mysore,ZONE,Mysore Fort
Kannur,Kannur,ZONE,Pariyaram-kannur
Ranchi,Ranchi,ZONE,Bikwadag
Mysore,Mysore,ZONE,Administrative Trg Institute
Hooghly,Hooghly,ZONE,Antisara
Jakarta,Setiabudi/Tebet/Kuningan,ZONE,Cikoko
Mohali,Mohali,ZONE,Hoshiarpur Taqipur
Mohali,Mohali,ZONE,Sotal
Guntur,Guntur,ZONE,Godavarru Agraharam
Singapore,Ang Mo Kio,ZONE,Toa Payoh
Kannur,Kannur,ZONE,Kappad
Kottayam,Kottayam,ZONE,Koorali
Erode,Erode,ZONE,Gangapuram
North 24 Parganas,North 24 Parganas,ZONE,Kadampukur
Kozhikode,Kozhikode,ZONE,Karthikappally
East Khasi Hills,Shillong-East Khasi Hills,ZONE,Laitryngew
East Khasi Hills,Shillong-East Khasi Hills,ZONE,Mawblang
Bangalore,Hebbal + HBR layout,ZONE,Kavalbyrasandra
Bangalore,shivajinagar + MG Road,ZONE,Wheelers Road (Cooke Town)
Warangal,Warangal,ZONE,Bittupalli
Aurangabad (BH),Aurangabad (BH),ZONE,Mehiyan
Aurangabad (BH),Aurangabad (BH),ZONE,Barauli
Navi Mumbai,JNPT,ZONE,Sheva
Mohali,Mohali,ZONE,Phase 5
Dantewada,Dantewada,ZONE,Badebedma
Lucknow,Ashiyana,ZONE,Bhadwana
Erode,Erode,ZONE,Vairamangalam
Karur,Karur,ZONE,Nallur
Vijayawada,Suryaraopet,ZONE,Machavaram
Tangerang,Tangerang,ZONE,Medang
Mumbai,Fort area,ZONE,Dockyard Road
Bangalore,Whitefield,ZONE,Nallurhalli
Pune,Bibvewadi,ZONE,Salunke Vihar
Salem,Salem,ZONE,Ayyanthirumaligai
Mangalore,Mangalore,ZONE,Gandhinagar
Mysore,Mysore,ZONE,Yadavagiri
North Goa,North Goa,ZONE,Alto Betim
Ernakulam,Kakkanad,ZONE,Varapuzha Landing
Mohali,Mohali,ZONE,Sector- 66
Guntur,Guntur,ZONE,Vadlamudivaripalem
Guntur,Guntur,ZONE,Kothaluru
North 24 Parganas,North 24 Parganas,ZONE,Punra
Mumbai,Andheri east,ZONE,Mahakali Caves Road
Singapore,Clementi,ZONE,Kent Ridge
Kottayam,Kottayam,ZONE,Karinilam
Dantewada,Dantewada,ZONE,Kokawada
Dantewada,Dantewada,ZONE,Kundanpal
Hooghly,Hooghly,ZONE,Brindabanpur
Erode,Erode,ZONE,Virumandampalayam
Madurai,Madurai,ZONE,Valayapatti
Delhi,Rohini,ZONE,Rohini Sector 33
Madurai,Madurai,ZONE,KK Nagar
Vadodara,Vasna Road,ZONE,Raipura
Vadodara,Vasna Road,ZONE,Sindhrot
São Paulo,Lapa,ZONE,Vila Leopoldina
Karur,Karur,ZONE,Velanchettiyur
Guntur,Guntur,ZONE,Savalyapuram
Madurai,Madurai,ZONE,Kuppalnatham
Kottayam,Kottayam,ZONE,Ponand-karur
Kozhikode,Kozhikode,ZONE,Murampathy
Tiruchirappalli,Tiruchirappalli,ZONE,Tadakkavundanpatti
Tirunelveli,Tirunelveli,ZONE,Maruthamputhur
Quezon City,Quezon Region,ZONE,Doña Aurora
South Goa,South Goa,ZONE,Nagao
Ranchi,Ranchi,ZONE,Kandir
Chittoor,Chittoor,ZONE,Vagalla
Lucknow,Ashiyana,ZONE,Chakganjaria
Amritsar,Amritsar,ZONE,Rataul
Thiruvananthapuram,Thiruvananthapuram,ZONE,Pothencode
Thrissur,Thrissur,ZONE,Thrissur R S
Bhopal,South Bhopal,ZONE,Baghmugalia
Visakhapatnam,Gajuwaka,ZONE,Vempadu
East Khasi Hills,Shillong-East Khasi Hills,ZONE,Madan Bitaw
Tirunelveli,Tirunelveli,ZONE,Kalandapanai
Tirunelveli,Tirunelveli,ZONE,Mahadevankulam
Thiruvananthapuram,Thiruvananthapuram,ZONE,Vellanad
Dantewada,Dantewada,ZONE,Hameergarh
Indore,Old Indore,ZONE,Commissioner Nagar Nigam
Aurangabad,Aurangabad,ZONE,Chinchadgaon
Ernakulam,Kakkanad,ZONE,Kochi University
Erode,Erode,ZONE,Pongalur-avanashi
Vadodara,Alkapuri,ZONE,Ellora Park
Mumbai,Kandivali,ZONE,Kandivali
Noida,Sector 62,ZONE,Sector 58
Bilaspur,Bilaspur,ZONE,Chantidih
Kottayam,Kottayam,ZONE,Manjoor South
Kottayam,Kottayam,ZONE,Muttuchira
Thiruvananthapuram,Thiruvananthapuram,ZONE,Muttada
Thiruvananthapuram,Thiruvananthapuram,ZONE,Powdikonam
Nellore,Nellore,ZONE,Masaipeta
Aurangabad,Aurangabad,ZONE,Bramhani Garada
Warangal,Warangal,ZONE,Damera
Tirunelveli,Tirunelveli,ZONE,Mavadi
Chittoor,Chittoor,ZONE,Cherlopalle
Lucknow,Aliganj,ZONE,Maunda
Lucknow,Hazratganj,ZONE,Raja Bazar
Guntur,Guntur,ZONE,Snpagraharam
Lucknow,Hazratganj,ZONE,Antagarhi
Nellore,Nellore,ZONE,Kommi
Lucknow,Vikas Nagar,ZONE,Jankipuram sector 2
Quezon City,Quezon Region,ZONE,Roxas
Taguig,Taguig Region,ZONE,Calumpang
Pune,Kothrud,ZONE,Bopodi
Pune,Pimpri chinchwad,ZONE,Dehu Road
Makati,Makati Region,ZONE,Makati City
Nagpur,Wardhaman Nagar,ZONE,Ganeshpeth Colony
Ranchi,Ranchi,ZONE,Bukru
Kottayam,Kottayam,ZONE,Kothanallur
Puducherry,Puducherry,ZONE,Kirumambakkam
Thiruvananthapuram,Thiruvananthapuram,ZONE,Kottukal
Thiruvananthapuram,Thiruvananthapuram,ZONE,Manali
Warangal,Warangal,ZONE,Ghanpur Station
Tirunelveli,Tirunelveli,ZONE,Ambasamudram East
Tirunelveli,Tirunelveli,ZONE,Agarakattu
Warangal,Warangal,ZONE,Shatapur
Aurangabad (BH),Aurangabad (BH),ZONE,Tarar
Tirunelveli,Tirunelveli,ZONE,Komarudappapuram
Nellore,Nellore,ZONE,Damayapalem
Tiruchirappalli,Tiruchirappalli,ZONE,Kumaravayalur
Warangal,Warangal,ZONE,Reddicolony
Lucknow,Ashiyana,ZONE,Aishbagh
Amritsar,Amritsar,ZONE,Harike
Guwahati,Guwahati,ZONE,Azara
Warangal,Warangal,ZONE,Veerannapet
Warangal,Warangal,ZONE,Jadalpet
Salem,Salem,ZONE,Vellaiyampalayam
Nellore,Nellore,ZONE,Kodur
Visakhapatnam,Gajuwaka,ZONE,Chintalaagaraharam
Tiruchirappalli,Tiruchirappalli,ZONE,Allur
Warangal,Warangal,ZONE,Upparguda
Bangalore,JP Nagar,ZONE,JP Nagar 6 Phase
Agra,Agra City,ZONE,Johri Bazar
Agra,Delhi Gate,ZONE,Raja Mandi
Chittoor,Chittoor,ZONE,Mulakalacheruvu R.S.
Allahabad,Allahabad,ZONE,Kurki Kalan
Bhopal,Old Bhopal,ZONE,Sikandri Sarai
Indore,Old Indore,ZONE,Indore Govt. College
Indore,Palasia,ZONE,Indore Manorama Ganj
Amritsar,Amritsar,ZONE,Khaper Kheri
Warangal,Warangal,ZONE,Kannaigudem
Warangal,Warangal,ZONE,Rajulakothapalli
Amritsar,Amritsar,ZONE,Wadali Guru
Guwahati,Guwahati,ZONE,Narangi
Allahabad,Allahabad,ZONE,Sohbatia Bagh
Bilaspur,Bilaspur,ZONE,Hirri Mines
Tiruchirappalli,Tiruchirappalli,ZONE,Thillai Nagar
Delhi,Civil lines,ZONE,Chandni Chowk
Ranchi,Ranchi,ZONE,Korambe
Mysore,Mysore,ZONE,Maddur
Mysore,Mysore,ZONE,Turuganur
Kottayam,Kottayam,ZONE,Kavumbhagom
Kottayam,Kottayam,ZONE,Mannarakayam
Thiruvananthapuram,Thiruvananthapuram,ZONE,Kaniyapuram
Thrissur,Thrissur,ZONE,Thayyur
Tirunelveli,Tirunelveli,ZONE,Pathai
Warangal,Warangal,ZONE,Yerrabelligudem
Allahabad,Allahabad,ZONE,Palpatti
Salem,Salem,ZONE,West Rajapalayam
Chandigarh,Sector 36,ZONE,Sector 56
Las Pinas,Las Pinas Region,ZONE,Pulang Lupa
Kolkata,Dum dum,ZONE,Bangur Avenue
Guntur,Guntur,ZONE,Pyaparru
Guntur,Guntur,ZONE,Manchikallu
Guntur,Guntur,ZONE,Sanampudi
Amritsar,Amritsar,ZONE,Dhunda
Mohali,Mohali,ZONE,Phase - 3
Ranchi,Ranchi,ZONE,Ginjothakurgaon
Kottayam,Kottayam,ZONE,Thottakadu
Tangerang,Tangerang,ZONE,Cibodas
Tangerang,Tangerang,ZONE,Bitung Jaya
Nashik,Gangapur Road,ZONE,Khutwad Nagar
North 24 Parganas,North 24 Parganas,ZONE,Asoknagar R/s
Quezon City,Quezon Region,ZONE,Del Monte
Faridabad,Faridabad,ZONE,Sarurpur Industrial Area
Mumbai,Chembur,ZONE,Chembur West
South Goa,South Goa,ZONE,Navelim Camp
Singapore,City,ZONE,Raffles Quay
Thiruvananthapuram,Thiruvananthapuram,ZONE,Thattathumala
Thrissur,Thrissur,ZONE,Pallam Kottambathur
Pune,Ambegaon,ZONE,Narayangaon
Warangal,Warangal,ZONE,Pallarguda
Tirunelveli,Tirunelveli,ZONE,Marukkalankulam
Thiruvananthapuram,Thiruvananthapuram,ZONE,Mukkudil
Thrissur,Thrissur,ZONE,Puvathur
Allahabad,Allahabad,ZONE,Mahori
Lucknow,Hazratganj,ZONE,Mill Road
Hooghly,Hooghly,ZONE,Dalapatipur
Chennai,Chennai South West 1,ZONE,Tharamani
Hooghly,Hooghly,ZONE,Dihi Bagnan
Jakarta,Setiabudi/Tebet/Kuningan,ZONE,Tebet
Nellore,Nellore,ZONE,Kalvelapalem
Karur,Karur,ZONE,Kattumunnur
Faridabad,Faridabad,ZONE,IOCL Sector-12
Tangerang,Tangerang,ZONE,Tajur
Anantapur,Anantapur,ZONE,Vijayanagar Colony
Hyderabad,Kukatpally,ZONE,Madinaguda
Mumbai,Borivali,ZONE,Mandapeshwar
São Paulo,Mooca,ZONE,Chácara Mafalda
Bangalore,HSR Layout,ZONE,Kasavanahalli
Chittoor,Chittoor,ZONE,Baitapalle
Aurangabad (BH),Aurangabad (BH),ZONE,Bham
Bangalore,Majestic,ZONE,Kalasipalayam
Guntur,Guntur,ZONE,Krishnayapalem
Guntur,Guntur,ZONE,Mangalagiri Busstand
Jakarta,Kebayoran/Bintaro,ZONE,Pulo
Tangerang,Tangerang,ZONE,Kosambi Timur
Meerut,Bacha Park,ZONE,Mohanpuri
Lucknow,Hazratganj,ZONE,Asharfabad
Taguig,Taguig Region,ZONE,Kalawaan
North Goa,North Goa,ZONE,Bicholim Industrial Estate
Amritsar,Amritsar,ZONE,Sohal
North Goa,North Goa,ZONE,Tarvalem
Salem,Salem,ZONE,Attayampatti
Coimbatore,Sai Baba Colony,ZONE,Vadavalli
Nellore,Nellore,ZONE,Kona Samudram
Tangerang,Tangerang,ZONE,Rawa Boni
San Juan,San Juan Region,ZONE,Barangka Drive
Kannur,Kannur,ZONE,Eranholi
Kannur,Kannur,ZONE,Kadirur-tly
Ludhiana,Ludhiana Zone 3,ZONE,New kartar nagar
Kannur,Kannur,ZONE,Kayalampara
Kannur,Kannur,ZONE,Kuttikol
Guntur,Guntur,ZONE,Vaddamanu
Salem,Salem,ZONE,Kanavaipudur
Tangerang,Tangerang,ZONE,Blukbuk
Hooghly,Hooghly,ZONE,Satghara
Aurangabad,Aurangabad,ZONE,PWD Colony
Allahabad,Allahabad,ZONE,Anapur
Thiruvananthapuram,Thiruvananthapuram,ZONE,Arumanoor
Pune,Pimpri chinchwad,ZONE,Thergaon
Bangalore,shivajinagar + MG Road,ZONE,Magrath Road
Tirunelveli,Tirunelveli,ZONE,Veppankulam
Warangal,Warangal,ZONE,Palampet
Guntur,Guntur,ZONE,Pathareddypalem
Lucknow,Gomtinagar,ZONE,Ujariaon
Hooghly,Hooghly,ZONE,Rudrani
Ludhiana,Ludhiana Zone 3,ZONE,Passi Nagar
Hyderabad,Afzal gunj,ZONE,Afzalgunj
Nellore,Nellore,ZONE,Budamgunta
Madurai,Madurai,ZONE,Nilaiyur
Madurai,Madurai,ZONE,Ayyankottai
Salem,Salem,ZONE,Naickenpatti
Kolkata,Bhowanipore,ZONE,Khiddirpore
Kottayam,Kottayam,ZONE,Kongandoor
Mumbai,Dadar,ZONE,Dharavi
Gurgaon,Badsharpur,ZONE,Gurgaon Sector 69
Hyderabad,Himayat nagar,ZONE,Domalguda
Ahmedabad,Paldi,ZONE,Vasna
Karur,Karur,ZONE,Monjanur
Karur,Karur,ZONE,Chinnamookkanankuppam
Tangerang,Tangerang,ZONE,Batu Ceper
Tangerang,Tangerang,ZONE,Cibetok
South Goa,South Goa,ZONE,Loutolim
Guntur,Guntur,ZONE,Narasaraopet Bazar
Ludhiana,Ludhiana Zone 2,ZONE,Sarabha Nagar
Coimbatore,Sai Baba Colony,ZONE,Kavundampalayam
Nellore,Nellore,ZONE,Kokkupadu
Madurai,Madurai,ZONE,Nariampatti
Kolkata,Jadavpur,ZONE,Haltu
North 24 Parganas,North 24 Parganas,ZONE,Ghona
Nellore,Nellore,ZONE,Palugodu
Madurai,Madurai,ZONE,Sedapatti
Mangalore,Mangalore,ZONE,Karbala Road
Ernakulam,Tripunithura,ZONE,Kavakkad
Kottayam,Kottayam,ZONE,Erathuvadakara
Tangerang,Tangerang,ZONE,Taban
Delhi,Nehru place,ZONE,Tuglakabad
Amritsar,Amritsar,ZONE,Dadupura
Noida,Sector 15,ZONE,Sector 15
North Goa,North Goa,ZONE,St. Lourence
Hooghly,Hooghly,ZONE,Dakshin Basudebpur
Guntur,Guntur,ZONE,Venkatapalem
Chennai,Chennai South East 2,ZONE,Pudupet
São Paulo,Jabaquara,ZONE,Cidade Vargas
Jakarta,Kebon Jeruk/Tomang/Slipi,ZONE,Wijaya Kesuma
Salem,Salem,ZONE,Chettichavadi
Karur,Karur,ZONE,Punjaithottakurichi
Puducherry,Puducherry,ZONE,Annamalai Nagar
San Juan,San Juan Region,ZONE,Balong-Bato
Mysore,Mysore,ZONE,Chamundi Extension
Nellore,Nellore,ZONE,Nellore Cutchery
Nellore,Nellore,ZONE,Pogathota
Kanpur,Kakadeo,ZONE,Armapore
Amritsar,Amritsar,ZONE,Daburji
Warangal,Warangal,ZONE,Mecharajpalli
Kannur,Kannur,ZONE,Taliparamba
Erode,Erode,ZONE,Senapathipalayam
Madurai,Madurai,ZONE,Ss Colony
Madurai,Madurai,ZONE,Budamangalam
Chennai,Chennai South West 2,ZONE,Kattankulathur
Amritsar,Amritsar,ZONE,Gharka Buwala
Amritsar,Amritsar,ZONE,Phulke
Jaipur,C Scheme,ZONE,Vitta Bhawan
Panchkula,Panchkula,ZONE,Sector 20
São Paulo,Vila Mariana,ZONE,Vila Prudente
Greater Noida,Greater Noida,ZONE,Zeta I
Ranchi,Ranchi,ZONE,Mahilong
Cavite,Cavite,ZONE,Tanza
Mangalore,Mangalore,ZONE,Adyapady
Lucknow,Aliganj,ZONE,Aliganj sector C
Mysore,Mysore,ZONE,Kanchinakere
Madurai,Madurai,ZONE,Sandaiyur
Jakarta,Cilandak/Pasar Minggu,ZONE,Cipete Selatan
Salem,Salem,ZONE,Alagapurampudur
Salem,Salem,ZONE,K.Vadugapatti
Hooghly,Hooghly,ZONE,Kalbazar
North 24 Parganas,North 24 Parganas,ZONE,Putia
Taguig,Taguig Region,ZONE,Wawa
North 24 Parganas,North 24 Parganas,ZONE,Sonekpur
Singapore,Jurong East,ZONE,Taman Jurong
Hooghly,Hooghly,ZONE,Hawakhana
Delhi,Punjabi bagh,ZONE,Moti Nagar
Ernakulam,Kakkanad,ZONE,Thuruthippuram
Erode,Erode,ZONE,Pulipar
Thrissur,Thrissur,ZONE,Vellarakad
Thrissur,Thrissur,ZONE,Chettupuzha
Lucknow,Ashiyana,ZONE,Telibagh
Hyderabad,Sanath nagar,ZONE,HAL Colony
Mysore,Mysore,ZONE,Kellur
Nellore,Nellore,ZONE,Kasumur
Warangal,Warangal,ZONE,Chalvai
Tirunelveli,Tirunelveli,ZONE,Sankarnagar
Chittoor,Chittoor,ZONE,Diguvatadakara
Allahabad,Allahabad,ZONE,Ayodhya
Chittoor,Chittoor,ZONE,Thalupulapalle
Ernakulam,Kakkanad,ZONE,Pallarimangalam
Delhi,Shahdara,ZONE,Loni
Jakarta,Cengkareng/Penjaringan/Kalideres,ZONE,Kalideres
Jakarta,Cilandak/Pasar Minggu,ZONE,Pasar Minggu
Indore,Sapna Sangeeta,ZONE,Sapna Sangeeta
Guntur,Guntur,ZONE,Chowtapapayapalem
Jakarta,PuloGadung/Duren Sawit,ZONE,Rawamangun
Salem,Salem,ZONE,Ponnammapet
Puducherry,Puducherry,ZONE,Nainar Mandapam
Noida,Sector 50,ZONE,Sector 100
Hyderabad,Sanath nagar,ZONE,Quthbullapur
Kolkata,Park street,ZONE,Middleton Row
San Juan,San Juan Region,ZONE,Mauway
San Juan,San Juan Region,ZONE,Malamig
Mumbai,Tardeo,ZONE,Jacob Circle
Ranchi,Ranchi,ZONE,Tamar
Ranchi,Ranchi,ZONE,Gajni
Ranchi,Ranchi,ZONE,Danadih
Mangalore,Mangalore,ZONE,Pejavara
Ernakulam,Tripunithura,ZONE,Marady East
Kannur,Kannur,ZONE,Pathiriyad
Tangerang,Tangerang,ZONE,Cikupa
Nashik,Nashik Road,ZONE,Dawkhar Wadi
North 24 Parganas,North 24 Parganas,ZONE,Bagdah
North 24 Parganas,North 24 Parganas,ZONE,Jaffarpur
North 24 Parganas,North 24 Parganas,ZONE,Pifa
Faridabad,Faridabad,ZONE,Rattan Chand Harjas Rai
Ranchi,Ranchi,ZONE,Ranchi Medical College
Delhi,Shastri nagar,ZONE,Shakti Nagar
Lucknow,Gomtinagar,ZONE,Vastu Khand
Kozhikode,Kozhikode,ZONE,Kakkattil
Thiruvananthapuram,Thiruvananthapuram,ZONE,Thiruvallom
Thiruvananthapuram,Thiruvananthapuram,ZONE,Vattiyoorkavu
Aurangabad,Aurangabad,ZONE,Mahora
Nellore,Nellore,ZONE,Dubagunta
Tiruchirappalli,Tiruchirappalli,ZONE,Thottiapatti
Aurangabad (BH),Aurangabad (BH),ZONE,Ghoshta
Chittoor,Chittoor,ZONE,Thimmarajukandriga
Erode,Erode,ZONE,Thavittupalayam
Hyderabad,Habsiguda,ZONE,Ramanthapur
Karur,Karur,ZONE,Rachandarthirumalai
Jakarta,Kramat Jati/Pasar Rebo,ZONE,Kampung Tengah
Salem,Salem,ZONE,Kamakkapalayam
Salem,Salem,ZONE,Kalparapatti
Mumbai,Fort area,ZONE,Thakurdwar
Singapore,Bukit Batok,ZONE,Yew Tee
Ludhiana,Ludhiana Zone 3,ZONE,Azad nagar
Nellore,Nellore,ZONE,Inamadugu
Kottayam,Kottayam,ZONE,Pathampuzha
Tiruchirappalli,Tiruchirappalli,ZONE,Pillupatti
Allahabad,Allahabad,ZONE,Trisentulapur
Guntur,Guntur,ZONE,Panchalavaram
Amritsar,Amritsar,ZONE,Jagdev Bar
Nellore,Nellore,ZONE,Brahmanakraka
Salem,Salem,ZONE,Sarkaraichettipatti
North 24 Parganas,North 24 Parganas,ZONE,Colony Ramchandra Pur
Patna,Rajendra Nagar,ZONE,Bhikhana Pahari
Greater Noida,Greater Noida,ZONE,Eta I
Mysore,Mysore,ZONE,Vani Vilas Market
Kozhikode,Kozhikode,ZONE,Kokkallur
Salem,Salem,ZONE,Swaminathapuram
Salem,Salem,ZONE,Gudalur
Visakhapatnam,MVP,ZONE,P&t Colony
Tiruchirappalli,Tiruchirappalli,ZONE,C Sector
Thiruvananthapuram,Thiruvananthapuram,ZONE,Chullimanoor
Thiruvananthapuram,Thiruvananthapuram,ZONE,Karipur
Aurangabad,Aurangabad,ZONE,Undangaon
Patna,Kankarbagh,ZONE,Chitragupta Nagar
Dantewada,Dantewada,ZONE,Pinkonda
Chittoor,Chittoor,ZONE,Avilalal
Chittoor,Chittoor,ZONE,Balajinagar
Chittoor,Chittoor,ZONE,Ctr Collectorate
Allahabad,Allahabad,ZONE,Daswar
Allahabad,Allahabad,ZONE,Nayanwar
Chittoor,Chittoor,ZONE,Pudipatla
Erode,Erode,ZONE,Nathapalayam
Lucknow,Aliganj,ZONE,Ateswa
Erode,Erode,ZONE,Chinniampalayam
Erode,Erode,ZONE,Shenbagapudur
Guntur,Guntur,ZONE,Aluru
Hooghly,Hooghly,ZONE,Harinkhola
Guntur,Guntur,ZONE,Mittagudipadu
Erode,Erode,ZONE,Komarayeevalasu
Karur,Karur,ZONE,Verisinampatti
Nellore,Nellore,ZONE,Reddypalem
Hooghly,Hooghly,ZONE,Kulbatpur
North 24 Parganas,North 24 Parganas,ZONE,Amberia
Quezon City,Quezon Region,ZONE,San Bartolome
North 24 Parganas,North 24 Parganas,ZONE,Patipukur
Ranchi,Ranchi,ZONE,"Director, IGNOU, Ashok Nagar"
Ranchi,Ranchi,ZONE,Sarbo
Kannur,Kannur,ZONE,Peruvalathuparamba
Kottayam,Kottayam,ZONE,Kanjirapally West
Thiruvananthapuram,Thiruvananthapuram,ZONE,Kattachalkuzhy
Nellore,Nellore,ZONE,Edagali
Allahabad,Allahabad,ZONE,Umarpur Neewan
Thrissur,Thrissur,ZONE,Pulakode
Nellore,Nellore,ZONE,Doruvulapalem
Delhi,Pitampura,ZONE,Rani Bagh
Guntur,Guntur,ZONE,Rayavaram
Hooghly,Hooghly,ZONE,Astara
Chennai,Chennai South West 1,ZONE,Thoraipakkam
Karur,Karur,ZONE,Pugalur Sugar Factory
Aurangabad,Aurangabad,ZONE,Shastri Nagar
North 24 Parganas,North 24 Parganas,ZONE,Ramnagar
Gurgaon,Manesar,ZONE,Gurgaon Sector 99
Chittoor,Chittoor,ZONE,Govindareddipalle
Aurangabad (BH),Aurangabad (BH),ZONE,Poinwan
Allahabad,Allahabad,ZONE,Mehraunda
Bangalore,Yelahanka,ZONE,BEL Layout
Bangalore,Yelahanka,ZONE,Kogilu
Ahmedabad,Naranpura,ZONE,Naranpura Vistar
Guntur,Guntur,ZONE,Koppuravuru
Jakarta,PuloGadung/Duren Sawit,ZONE,Rawa Bunga
Faridabad,Faridabad,ZONE,Rahul Colony
Faridabad,Faridabad,ZONE,Sector-20
Mysore,Mysore,ZONE,Shivaraathreeswar Nagar
Kannur,Kannur,ZONE,Aralam
Kozhikode,Kozhikode,ZONE,Kallanode
Kozhikode,Kozhikode,ZONE,Vattoli Bazar
Thrissur,Thrissur,ZONE,Thampankadavu
Salem,Salem,ZONE,Devagoundanur
Aurangabad,Aurangabad,ZONE,Parundi
Warangal,Warangal,ZONE,Tallasankeesa
Warangal,Warangal,ZONE,Kundaram
Thiruvananthapuram,Thiruvananthapuram,ZONE,Moonnanakuzhy
Salem,Salem,ZONE,Kottaichedu
Aurangabad,Aurangabad,ZONE,Savandgaon
Bhubaneswar,Bhubaneswar,ZONE,Dolakasati
Chittoor,Chittoor,ZONE,Konathaneri
Dantewada,Dantewada,ZONE,Kuakonda
Guntur,Guntur,ZONE,Gangannapalem
Amritsar,Amritsar,ZONE,Sakhira
Chittoor,Chittoor,ZONE,Deenabandupuram
Delhi,Model town,ZONE,Model Town 1
Jaipur,Raja Park,ZONE,Khedi Milk
Delhi,Shastri nagar,ZONE,Kamla Nagar
Hooghly,Hooghly,ZONE,Mayalbandipur
North Goa,North Goa,ZONE,Sanvordem
South Goa,South Goa,ZONE,Mormugao
Erode,Erode,ZONE,Gobichettipalayam South
Karur,Karur,ZONE,Thumbivadi
Hooghly,Hooghly,ZONE,Gopalpur
Kolkata,Central,ZONE,Girish Park
Quezon City,Quezon Region,ZONE,Tagumpay
Thane,Vasai,ZONE,Nalasopara West
South Goa,South Goa,ZONE,Curchorem
Faridabad,Faridabad,ZONE,Escortsnagar
Faridabad,Faridabad,ZONE,Madnaka
São Paulo,Santana,ZONE,Luz
Hooghly,Hooghly,ZONE,Inchura Bazar
Madurai,Madurai,ZONE,Nagamalai
Salem,Salem,ZONE,Vadachennimalai
Taguig,Taguig Region,ZONE,Parang
Ranchi,Ranchi,ZONE,Bindhani
Ranchi,Ranchi,ZONE,Bongaiburu
Mysore,Mysore,ZONE,Ayyarahalli
Salem,Salem,ZONE,Naripadi
Mysore,Mysore,ZONE,Coimbatore Colony
Ernakulam,Kakkanad,ZONE,Piraroor
Kottayam,Kottayam,ZONE,Parampuzha
Kozhikode,Kozhikode,ZONE,Ponmeri Parambil
Warangal,Warangal,ZONE,Chitakodur
Bangalore,Indiranagar,ZONE,CV Raman Nagar
Warangal,Warangal,ZONE,Korukondapalli
Allahabad,Allahabad,ZONE,Garha
Aurangabad (BH),Aurangabad (BH),ZONE,Kara
Bilaspur,Bilaspur,ZONE,Kotmi
Amritsar,Amritsar,ZONE,Chheharta
Guntur,Guntur,ZONE,Gundlapalle
Mohali,Mohali,ZONE,Bhago Majra
Erode,Erode,ZONE,Marudurai
Nellore,Nellore,ZONE,Kammapalem
Tangerang,Tangerang,ZONE,Kiara Payung
Ludhiana,Ludhiana Zone 2,ZONE,Aman nagar
Hooghly,Hooghly,ZONE,Laluka
North Goa,North Goa,ZONE,Pissurlem
Kottayam,Kottayam,ZONE,Nedumanny
Kozhikode,Kozhikode,ZONE,Chaniyankadavu
Aurangabad,Aurangabad,ZONE,Gadhe Jalgaon
Tiruchirappalli,Tiruchirappalli,ZONE,Kannuthu
Nagpur,Ramdaspeth,ZONE,Khamla
Nellore,Nellore,ZONE,Varakavipadu
Kottayam,Kottayam,ZONE,Melukavu
Thiruvananthapuram,Thiruvananthapuram,ZONE,Malayam
Tiruchirappalli,Tiruchirappalli,ZONE,Kariyamanickam
Chittoor,Chittoor,ZONE,Veerakanellore
Aurangabad (BH),Aurangabad (BH),ZONE,Teyap
Aurangabad (BH),Aurangabad (BH),ZONE,Hartholi
Delhi,Model town,ZONE,Gujranwala Town
Lucknow,Hazratganj,ZONE,Lalbagh
Nellore,Nellore,ZONE,Gandipalem
Nellore,Nellore,ZONE,Guvvadi
Nellore,Nellore,ZONE,Vedicherla
Nellore,Nellore,ZONE,Chinna Annalur
Salem,Salem,ZONE,Maramangalam
Salem,Salem,ZONE,Arisipalayam
North 24 Parganas,North 24 Parganas,ZONE,Swarupnagar
Hyderabad,Sanath nagar,ZONE,Ranga Reddy Nagar
Ahmedabad,Saraspur,ZONE,Krishnanagar
Ahmedabad,Satellite,ZONE,S A C
Hooghly,Hooghly,ZONE,Kundughat
Singapore,Bukit Batok,ZONE,Choa Chu Kang
Gurgaon,Badli,ZONE,Badli
Ranchi,Ranchi,ZONE,Maheshpur
Kannur,Kannur,ZONE,Ulikkal
Jamshedpur,Jamshedpur,ZONE,Baridih
Thrissur,Thrissur,ZONE,Palissery
Thrissur,Thrissur,ZONE,Vadookkara
Aurangabad,Aurangabad,ZONE,Borgaon Bazar
Nellore,Nellore,ZONE,Kotha Kodur
Visakhapatnam,Gajuwaka,ZONE,INS Kalinga
East Khasi Hills,Shillong-East Khasi Hills,ZONE,Laitkor Peak
Kozhikode,Kozhikode,ZONE,Chalapuram
Kozhikode,Kozhikode,ZONE,East Hill
Tiruchirappalli,Tiruchirappalli,ZONE,Alambadi
Tiruchirappalli,Tiruchirappalli,ZONE,Methal
Aurangabad,Aurangabad,ZONE,Tidka
Dantewada,Dantewada,ZONE,Parcheli
Guntur,Guntur,ZONE,Penumuli
Amritsar,Amritsar,ZONE,Sangna
Amritsar,Amritsar,ZONE,Tut
Bhubaneswar,Bhubaneswar,ZONE,Ashok Nagar
Warangal,Warangal,ZONE,Gollapalli
Kanpur,Swaroop Nagar,ZONE,Bima Vihar
Mohali,Mohali,ZONE,Kharar
Chittoor,Chittoor,ZONE,Diguvamagham
Chittoor,Chittoor,ZONE,Todatara
Guwahati,Guwahati,ZONE,Rupnagar
Erode,Erode,ZONE,Rettalavalasu
Madurai,Madurai,ZONE,Tirumalpuram
Allahabad,Allahabad,ZONE,Kapraura
Allahabad,Allahabad,ZONE,Satti Chaura
Nashik,Gangapur Road,ZONE,Shivaji Nagar
Indore,Sapna Sangeeta,ZONE,Gumasta Nagar
Meerut,Sadar Bazaar,ZONE,Rly. Road Meerut
Gurgaon,CivilLines,ZONE,Gurgaon Sector 23
Faridabad,Faridabad,ZONE,Atali
Faridabad,Faridabad,ZONE,Badarpur Syed
Meerut,Sadar Bazaar,ZONE,Thapar Nagar
Hooghly,Hooghly,ZONE,Natunbazar
São Paulo,Mooca,ZONE,Tatuapé
Salem,Salem,ZONE,Vellarinaickenpalayam
Tangerang,Tangerang,ZONE,Dangdang
Quezon City,Quezon Region,ZONE,Don Manuel
Chennai,Chennai North East,ZONE,George Town
South Goa,South Goa,ZONE,Sanguem
Salem,Salem,ZONE,Dadapuram
Mysore,Mysore,ZONE,Vyasarajapura
Salem,Salem,ZONE,Thettigiripatti
Kottayam,Kottayam,ZONE,Vakathanam South
Jakarta,Kebon Jeruk/Tomang/Slipi,ZONE,Slipi
Thiruvananthapuram,Thiruvananthapuram,ZONE,Kottapuram
Nellore,Nellore,ZONE,Dontali
Warangal,Warangal,ZONE,Obulkeshavapur
Tirunelveli,Tirunelveli,ZONE,Singikulam
Tirunelveli,Tirunelveli,ZONE,Vadi
Chittoor,Chittoor,ZONE,Thimmapuram
Aurangabad (BH),Aurangabad (BH),ZONE,Mirzapur
Aurangabad (BH),Aurangabad (BH),ZONE,M. Chaturbhuj
Amritsar,Amritsar,ZONE,Guru Ka Bagh
Amritsar,Amritsar,ZONE,Bhindi Aulakh
Chennai,Chennai North East,ZONE,Broadway
Delhi,Lajpat nagar,ZONE,Jangpura
Amritsar,Amritsar,ZONE,Nag Kalan
Kottayam,Kottayam,ZONE,Kayyoor
Kozhikode,Kozhikode,ZONE,Payimbra
Aurangabad,Aurangabad,ZONE,Session Court
Aurangabad,Aurangabad,ZONE,Tuljapur Sawangi
Tiruchirappalli,Tiruchirappalli,ZONE,Shanamangalam
Tiruchirappalli,Tiruchirappalli,ZONE,Thalugaimangapattipudur
Tirunelveli,Tirunelveli,ZONE,Anjankattalai
Agra,Taj Ganj,ZONE,Rajpur
Allahabad,Allahabad,ZONE,Bagbana
Chittoor,Chittoor,ZONE,Kagathi
Guwahati,Guwahati,ZONE,Gopinathnagar
Kozhikode,Kozhikode,ZONE,Calicut Civil Station
Chittoor,Chittoor,ZONE,Gajulamandyam
Puducherry,Puducherry,ZONE,Bahoor
Warangal,Warangal,ZONE,Choutapalli
Chittoor,Chittoor,ZONE,Jangampalle
Chittoor,Chittoor,ZONE,Kuppam
Chittoor,Chittoor,ZONE,S.V.University
Guntur,Guntur,ZONE,Gorantla
Guntur,Guntur,ZONE,Chintapallipadu
Lucknow,Ashiyana,ZONE,Purseni
Noida,Sector 15,ZONE,Sector 1
Dantewada,Dantewada,ZONE,Kukanar
Jaipur,Raja Park,ZONE,Kookas
Kakinada,Kakinada,ZONE,Madhavapatnam
Karur,Karur,ZONE,Panjamadevi
Madurai,Madurai,ZONE,Kilavaneri
Guntur,Guntur,ZONE,Singhiskhanpet
Warangal,Warangal,ZONE,Rajupet
Erode,Erode,ZONE,Araipalayam
Nellore,Nellore,ZONE,Bedusupalli
Nellore,Nellore,ZONE,Nagulapadu
Nellore,Nellore,ZONE,Matumadugu
Erode,Erode,ZONE,Talamalai
Madurai,Madurai,ZONE,Thiagarajar Engg College
Lucknow,Ashiyana,ZONE,South City
Jaipur,C Scheme,ZONE,C Scheme
Kolkata,Jadavpur,ZONE,Panchanantala
Kolkata,Dum dum,ZONE,South Sinhee
Kolkata,Santoshpur,ZONE,Telecom Factory
Tirunelveli,Tirunelveli,ZONE,Melanarikudi
Mumbai,Goregaon,ZONE,Jogeshwari
Delhi,Mehrauli,ZONE,Sangam Vihar
Bangalore,Yelahanka,ZONE,Judicial Layout
São Paulo,Lapa,ZONE,Vila Madalena
Allahabad,Allahabad,ZONE,S R Marg
Chittoor,Chittoor,ZONE,Iruguvoi
Faridabad,Faridabad,ZONE,Alipur
Amritsar,Amritsar,ZONE,Saurian
Amritsar,Amritsar,ZONE,Pringri
Amritsar,Amritsar,ZONE,Ratta Gudda
Ernakulam,Kakkanad,ZONE,Neriamangalam
Kozhikode,Kozhikode,ZONE,Pannicode
Thrissur,Thrissur,ZONE,Vattanathara
Aurangabad,Aurangabad,ZONE,Wakulni
Chittoor,Chittoor,ZONE,Ripunjirajapuram
Allahabad,Allahabad,ZONE,Bhagwatipurkhutana
Chittoor,Chittoor,ZONE,Kurmai
Aurangabad (BH),Aurangabad (BH),ZONE,Panrawan
Bilaspur,Bilaspur,ZONE,Krgikhurd
Rajahmundry,Rajahmundry,ZONE,Satellite City
Delhi,Shastri nagar,ZONE,Sri Nagar Colony
Nellore,Nellore,ZONE,Juvvalapalem
Salem,Salem,ZONE,Salem Fort
Aurangabad,Aurangabad,ZONE,Phulmbri
Tiruchirappalli,Tiruchirappalli,ZONE,Andanallur
Tiruchirappalli,Tiruchirappalli,ZONE,Navalurkottapattu
Visakhapatnam,Gajuwaka,ZONE,V. Juttada
Agra,Taj Ganj,ZONE,Namner
Kozhikode,Kozhikode,ZONE,Karad Paramba
Thiruvananthapuram,Thiruvananthapuram,ZONE,Balaramapuram
Patna,Raja Bazar,ZONE,Kurji Md. Pur
Bhopal,Old Bhopal,ZONE,Kurana
Dantewada,Dantewada,ZONE,Pedka
Tiruchirappalli,Tiruchirappalli,ZONE,Oddampatti
Bhubaneswar,Bhubaneswar,ZONE,Kalpana Square
Warangal,Warangal,ZONE,Galivarigudem
Amritsar,Amritsar,ZONE,Assarapur
Lucknow,Ashiyana,ZONE,Adampur Janubi
Tirunelveli,Tirunelveli,ZONE,Melanilithanallur
Chittoor,Chittoor,ZONE,Katappagaripalle
Chittoor,Chittoor,ZONE,Ellamarajupalle
Guntur,Guntur,ZONE,Tobacco Colony
Guntur,Guntur,ZONE,Domalagundam
Jaipur,C Scheme,ZONE,Jahota
San Juan,San Juan Region,ZONE,Novaliches
Kolkata,Salt lake,ZONE,Telephone Bhawan
Kolkata,Salt lake,ZONE,Keshtopur
North 24 Parganas,North 24 Parganas,ZONE,Uttar Malikanghumti
Chittoor,Chittoor,ZONE,Yeddulavaripalle
Mysore,Mysore,ZONE,Chikkadaganahalli
Kottayam,Kottayam,ZONE,Vengathanam
Kannur,Kannur,ZONE,Narikkodmala
Thrissur,Thrissur,ZONE,Puthur-trichur
Warangal,Warangal,ZONE,Serole
Tirunelveli,Tirunelveli,ZONE,Tiruvembalapuram
Kozhikode,Kozhikode,ZONE,Kottamparamba
North Goa,North Goa,ZONE,Siolim
Amritsar,Amritsar,ZONE,Udhonangal
Jaipur,Malviya Nagar,ZONE,Sitapura Industrial Area
Chennai,Chennai South East 1,ZONE,Chamiers Road
Nellore,Nellore,ZONE,Jayampu
Tangerang,Tangerang,ZONE,Pasir Muncang
Chennai,Chennai South East 1,ZONE,Navalur
Ernakulam,Kakkanad,ZONE,Kottuvally
Kannur,Kannur,ZONE,Veerpad
Manila,Manila Region,ZONE,Santa Ana
San Juan,San Juan Region,ZONE,Batis
Hyderabad,Marredpally,ZONE,Padmarao Nagar
Guntur,Guntur,ZONE,Lalpuram
Erode,Erode,ZONE,Kovilpalayam
Erode,Erode,ZONE,L.M.Palapalayam
Karur,Karur,ZONE,Pallapatti Bazaar
North 24 Parganas,North 24 Parganas,ZONE,Bagu
Quezon City,Quezon Region,ZONE,Masambong
Quezon City,Quezon Region,ZONE,Sauyo
Thrissur,Thrissur,ZONE,Thanissery
Aurangabad,Aurangabad,ZONE,Naigavhan
Tiruchirappalli,Tiruchirappalli,ZONE,Manachanalloor North
Nellore,Nellore,ZONE,Basinenipalli
Warangal,Warangal,ZONE,Medapalli
Tangerang,Tangerang,ZONE,Rajegmulya
Kottayam,Kottayam,ZONE,Adukkam
Kozhikode,Kozhikode,ZONE,Puthur- Kotuvalli
Thiruvananthapuram,Thiruvananthapuram,ZONE,Puthiathura
Warangal,Warangal,ZONE,Geegugonda
Tiruchirappalli,Tiruchirappalli,ZONE,Vengadathanur
Warangal,Warangal,ZONE,Laknepalli
North 24 Parganas,North 24 Parganas,ZONE,Ganrapota
North 24 Parganas,North 24 Parganas,ZONE,Hridaypur
Bangalore,JP Nagar,ZONE,Hulimavu
Surat,Varaccha,ZONE,Kadodara
Erode,Erode,ZONE,Kadukkampalayam
Erode,Erode,ZONE,Kottupullampalayam
Karur,Karur,ZONE,Kottapatti
Karur,Karur,ZONE,Rengapalayam
Salem,Salem,ZONE,Vellarivalli
Jakarta,Cengkareng/Penjaringan/Kalideres,ZONE,Kamal
Nellore,Nellore,ZONE,Gangavaram
Tirunelveli,Tirunelveli,ZONE,Kasidharmam
Bilaspur,Bilaspur,ZONE,Barampur
Kakinada,Kakinada,ZONE,Kothuru
Thrissur,Thrissur,ZONE,Vylathur
Aurangabad,Aurangabad,ZONE,Nidhona
North 24 Parganas,North 24 Parganas,ZONE,Barrackpore Sripalli
Quezon City,Quezon Region,ZONE,Batasan Hills
Coimbatore,Race Course,ZONE,Town Hall
Tirunelveli,Tirunelveli,ZONE,Seelathikulam
Thrissur,Thrissur,ZONE,Kizhupillikkara
Agra,Agra City,ZONE,Yamuna Kinara
Nellore,Nellore,ZONE,Ranganayakulapeta
Nellore,Nellore,ZONE,Marupur
Mysore,Mysore,ZONE,Rampura
Tiruchirappalli,Tiruchirappalli,ZONE,Sivankoil
Aurangabad,Aurangabad,ZONE,Balegaon
Warangal,Warangal,ZONE,Tirumalapur
Tirunelveli,Tirunelveli,ZONE,Sathirakondan
Warangal,Warangal,ZONE,Kommulavancha
Guntur,Guntur,ZONE,Chilakaluripet
Chittoor,Chittoor,ZONE,Parikidona
Chittoor,Chittoor,ZONE,Kothur Venkatapuram
Aurangabad (BH),Aurangabad (BH),ZONE,Khutha
Chittoor,Chittoor,ZONE,Venuthanapalle
Chittoor,Chittoor,ZONE,Rallabudugur
Amritsar,Amritsar,ZONE,Asal Autar
Kozhikode,Kozhikode,ZONE,Muyipoth
Chittoor,Chittoor,ZONE,Anjimedu
Kannur,Kannur,ZONE,Pazhassiraja Nagar
Hooghly,Hooghly,ZONE,Aniya
North 24 Parganas,North 24 Parganas,ZONE,Barrackpore
Quezon City,Quezon Region,ZONE,Marilag
Anantapur,Anantapur,ZONE,Adarsh Nagar
South Goa,South Goa,ZONE,Curdi
Singapore,City,ZONE,Cantonment
Ahmedabad,Paldi,ZONE,I I M
São Paulo,Mooca,ZONE,Vila Santo Estevão
São Paulo,Mooca,ZONE,Jardim Anália Franco
São Paulo,Jabaquara,ZONE,Alto da Boa Vista
Nagpur,Sadar,ZONE,Sadar
Bhopal,East Bhopal,ZONE,Balampur
Aurangabad,Aurangabad,ZONE,Dawarwadi
Aurangabad,Aurangabad,ZONE,Andhari
Visakhapatnam,Gajuwaka,ZONE,Pedagadi
Tiruchirappalli,Tiruchirappalli,ZONE,Murungai
Visakhapatnam,Gajuwaka,ZONE,Vellanki
Tirunelveli,Tirunelveli,ZONE,Uthayathur
Jakarta,Kebon Jeruk/Tomang/Slipi,ZONE,Tomang
Kannur,Kannur,ZONE,Olayampadi
Kottayam,Kottayam,ZONE,Parippu
Chittoor,Chittoor,ZONE,Chowdepalle
Kozhikode,Kozhikode,ZONE,Iim Kozhikode Campus
Nellore,Nellore,ZONE,Trunk Road
Dantewada,Dantewada,ZONE,Gumda
Amritsar,Amritsar,ZONE,Kot Mehtab
Bhubaneswar,Bhubaneswar,ZONE,Kedargouri
Delhi,Malviya nagar,ZONE,Safdarjung Enclave
Lucknow,Aliganj,ZONE,Maharishi Vidya Mandir
Mysore,Mysore,ZONE,Modur
Mysore,Mysore,ZONE,Anandur
Chennai,Chennai South 1,ZONE,Vanagaram
Erode,Erode,ZONE,Mathur
Karur,Karur,ZONE,Sengunthapuram
Guntur,Guntur,ZONE,Murthuzapuram
Jakarta,Kebayoran/Bintaro,ZONE,Pondok Pinang
North 24 Parganas,North 24 Parganas,ZONE,Chorashi
Ernakulam,Panampilly Nagar,ZONE,Dry Dock
Kottayam,Kottayam,ZONE,Elampally
Warangal,Warangal,ZONE,Yellampet
Tirunelveli,Tirunelveli,ZONE,Karisathan
Tirunelveli,Tirunelveli,ZONE,Kulasekaramangalam
Chittoor,Chittoor,ZONE,Tirupati North
Tangerang,Tangerang,ZONE,Muara
Delhi,Nehru place,ZONE,Indraprastha
Noida,Sector 18,ZONE,Sector 26
Ahmedabad,Paldi,ZONE,Stadium Marg
Erode,Erode,ZONE,Mukasipidariyur
Erode,Erode,ZONE,Polavakalipalayam
Guntur,Guntur,ZONE,Ithanagar
Guntur,Guntur,ZONE,Tenali Bazar
Jakarta,Kebayoran/Bintaro,ZONE,Petukangan Utara
Mohali,Mohali,ZONE,Siswan
Mohali,Mohali,ZONE,Sector-53
Kanpur,Kakadeo,ZONE,Pandu Nagar
Mangalore,Mangalore,ZONE,Kollur
Ernakulam,Kakkanad,ZONE,Nellikuzhy
Ranchi,Ranchi,ZONE,Susaimuru
Gurgaon,Badsharpur,ZONE,Gurgaon Sector 63
Kozhikode,Kozhikode,ZONE,Eramala
North 24 Parganas,North 24 Parganas,ZONE,Kharua Rajapur
Delhi,Punjabi bagh,ZONE,Karampura
Ernakulam,Kakkanad,ZONE,Inchathotty
Pune,Vishrantwadi,ZONE,Kharadi
Tirunelveli,Tirunelveli,ZONE,Idaiyankulam
Bangalore,Banashankari + RR Nagar,ZONE,Kengeri
Allahabad,Allahabad,ZONE,Piyari Urf Bijlipur
Jakarta,PuloGadung/Duren Sawit,ZONE,Jatinegara
Ranchi,Ranchi,ZONE,Angara
Ranchi,Ranchi,ZONE,Tetebandrampur
Mangalore,Mangalore,ZONE,Alangar
Chittoor,Chittoor,ZONE,Kammapalle
Dantewada,Dantewada,ZONE,Bangali Camp
Guntur,Guntur,ZONE,Nadendla
Coimbatore,Race Course,ZONE,Commercial Tax Office Building
Guntur,Guntur,ZONE,NSP Colony
Nellore,Nellore,ZONE,Tummalagunta Pg Centre
Madurai,Madurai,ZONE,Ma Race Course
Tangerang,Tangerang,ZONE,Panongan
Quezon City,Quezon Region,ZONE,North Fairview
San Juan,San Juan Region,ZONE,Barangka Ibaba
North 24 Parganas,North 24 Parganas,ZONE,Ramlakshi Busti Lane
Kottayam,Kottayam,ZONE,Kanjirappara
Surat,Athawa,ZONE,Athwa
Vadodara,Vasna Road,ZONE,Atladara
Ludhiana,Ludhiana Zone 1,ZONE,Qila mohalla
Ludhiana,Ludhiana Zone 3,ZONE,Field Gunj
Ranchi,Ranchi,ZONE,Beyasi
Mangalore,Mangalore,ZONE,Padupanambur
Kannur,Kannur,ZONE,Ponniam West
Nashik,Panchavati,ZONE,Samarth Nagar
Nashik,Nashik Road,ZONE,Pawar Wadi
Hooghly,Hooghly,ZONE,Baksha
Chennai,Chennai South East 1,ZONE,OMR Road
South Goa,South Goa,ZONE,Pirla
South Goa,South Goa,ZONE,Gandhi Market Complex Margao
Hooghly,Hooghly,ZONE,Rasulpur
Kottayam,Kottayam,ZONE,Manganam
São Paulo,Jabaquara,ZONE,Granja Julieta
Ranchi,Ranchi,ZONE,Lali
Ranchi,Ranchi,ZONE,Goradih
Mysore,Mysore,ZONE,Kaggere
Mysore,Mysore,ZONE,Thandre
Agra,Taj Ganj,ZONE,Gopal Pura
Kottayam,Kottayam,ZONE,Anikad East
Kannur,Kannur,ZONE,Prapoyil
Kottayam,Kottayam,ZONE,Pampady South
Tiruchirappalli,Tiruchirappalli,ZONE,Abinimangalam
Tirunelveli,Tirunelveli,ZONE,Kila Omanallur
Agra,Delhi Gate,ZONE,Gokulpura
Amritsar,Amritsar,ZONE,Dist Jail
North Goa,North Goa,ZONE,Mapusa I.E.
Hooghly,Hooghly,ZONE,Chandrahati
Hyderabad,Punjagutta,ZONE,Ameerpet
Mumbai,Chembur,ZONE,Govandi
Singapore,Clementi,ZONE,Farrer Road
Noida,Sector 71,ZONE,Sector 72
Mangalore,Mangalore,ZONE,Muduperar
Mangalore,Mangalore,ZONE,Permude
Kannur,Kannur,ZONE,Palayad
Kozhikode,Kozhikode,ZONE,Palath
Thrissur,Thrissur,ZONE,Poringalkuthu
Thrissur,Thrissur,ZONE,Manalithara
Nashik,Gangapur Road,ZONE,Satpur Township
Chittoor,Chittoor,ZONE,Kukkalapalle
Lucknow,Gomtinagar,ZONE,Gayrtinagar
Lucknow,Hazratganj,ZONE,Kakori
Karur,Karur,ZONE,Velliyanai
Karur,Karur,ZONE,Chinniyampalayam
Madurai,Madurai,ZONE,Pappapatti
North 24 Parganas,North 24 Parganas,ZONE,Deuli Pukuria
Quezon City,Quezon Region,ZONE,White Plains
Chennai,Chennai Central East,ZONE,Thiruverkadu
Puducherry,Puducherry,ZONE,Pakkam
Mysore,Mysore,ZONE,Note Mudran Nagar
Kannur,Kannur,ZONE,Kariyad South
Kozhikode,Kozhikode,ZONE,Calicut City
Thrissur,Thrissur,ZONE,Kara
Bhopal,East Bhopal,ZONE,Bharat Heavy Electricals (BHEL)
Bhopal,Old Bhopal,ZONE,Chhola Road
East Khasi Hills,Shillong-East Khasi Hills,ZONE,Mawpun
East Khasi Hills,Shillong-East Khasi Hills,ZONE,Weiloi
Thiruvananthapuram,Thiruvananthapuram,ZONE,Pangode
Nellore,Nellore,ZONE,Nellore Z.P
Tiruchirappalli,Tiruchirappalli,ZONE,Kanakiliyanallur
Warangal,Warangal,ZONE,Tadur Bo
Tiruchirappalli,Tiruchirappalli,ZONE,Thiruverumbur
Bangalore,Whitefield,ZONE,Whitefield
Tawang,Lhou,ZONE,Lhou
Patna,Kankarbagh,ZONE,Chandmari
Tiruchirappalli,Tiruchirappalli,ZONE,Ammapatti
Tiruchirappalli,Tiruchirappalli,ZONE,Kottaiyur
Bhubaneswar,Bhubaneswar,ZONE,Deulidharpur
Tirunelveli,Tirunelveli,ZONE,Ichanda
Chittoor,Chittoor,ZONE,Kothapet
Dantewada,Dantewada,ZONE,Kuper
Chittoor,Chittoor,ZONE,Upanishadvihar
Guntur,Guntur,ZONE,Irlapadu
Amritsar,Amritsar,ZONE,Sarangra
Chittoor,Chittoor,ZONE,Devalampet
Lucknow,Ashiyana,ZONE,Karora
Meerut,Bacha Park,ZONE,Begum Bagh
Erode,Erode,ZONE,Nallimadam
Kanpur,Kidwai Nagar,ZONE,Sanigawan
Chittoor,Chittoor,ZONE,Vadamalpet
Kakinada,Kakinada,ZONE,Apiic
Erode,Erode,ZONE,Elavanatham
Nellore,Nellore,ZONE,Batrakagallu
Salem,Salem,ZONE,Krishnapuram
Tangerang,Tangerang,ZONE,Tanjung Pasir
Guntur,Guntur,ZONE,S.V.N.Colony
Erode,Erode,ZONE,Gnanipalayam
Nellore,Nellore,ZONE,Eswrawaka
Madurai,Madurai,ZONE,Pandangudi
Hooghly,Hooghly,ZONE,Bhuerah
Kolkata,Dum dum,ZONE,Barasat
Navi Mumbai,Nerul,ZONE,Belapur
Lucknow,Ashiyana,ZONE,Ashiyana
North 24 Parganas,North 24 Parganas,ZONE,Palla
Quezon City,Quezon Region,ZONE,Obrero
Faridabad,Faridabad,ZONE,Bhandoli
Nellore,Nellore,ZONE,Duthalur
Nellore,Nellore,ZONE,Narrawada
Hooghly,Hooghly,ZONE,Basna
Salem,Salem,ZONE,Thangamapuripattinam
Bhubaneswar,Bhubaneswar,ZONE,Reta R.S.
Mysore,Mysore,ZONE,Kittur
Kannur,Kannur,ZONE,Parassinikadavu
Kottayam,Kottayam,ZONE,Gandhi Nagar
Kozhikode,Kozhikode,ZONE,Vrindavan Colony
Kozhikode,Kozhikode,ZONE,Chelakkad
Kozhikode,Kozhikode,ZONE,Chuzhali
Thiruvananthapuram,Thiruvananthapuram,ZONE,Dalmughom
Nellore,Nellore,ZONE,Peddakondur
Warangal,Warangal,ZONE,Dornakal
Tirunelveli,Tirunelveli,ZONE,Vengadampatti
Warangal,Warangal,ZONE,Parkal
Chittoor,Chittoor,ZONE,Penumur
Chittoor,Chittoor,ZONE,Vinayakapuram
Allahabad,Allahabad,ZONE,Triveni Marg
Delhi,Greater kailash,ZONE,Greater Kailash Part 2
Tiruchirappalli,Tiruchirappalli,ZONE,Valaiyeduppu
Delhi,Dwarka,ZONE,Palam Village
Madurai,Madurai,ZONE,Pappanaickenpatti
Tangerang,Tangerang,ZONE,Patra Sana
Hooghly,Hooghly,ZONE,Mallickpara
Tirunelveli,Tirunelveli,ZONE,Veeranam
Agra,Agra City,ZONE,Agra Chauk
Dantewada,Dantewada,ZONE,Bacheli
Dantewada,Dantewada,ZONE,Bagmundi Panera
Mohali,Mohali,ZONE,Balongi
Chennai,Chennai Central,ZONE,Nerkundram
Guntur,Guntur,ZONE,Vinukonda
Erode,Erode,ZONE,Karuppanvalasu
Karur,Karur,ZONE,Palaviduthi
Madurai,Madurai,ZONE,Ma Periyar Bus Stand
San Juan,San Juan Region,ZONE,Hulo
North 24 Parganas,North 24 Parganas,ZONE,Uchildah
Singapore,Ang Mo Kio,ZONE,Braddell
Mangalore,Mangalore,ZONE,Fisheries College
East Khasi Hills,Shillong-East Khasi Hills,ZONE,Pamora
Thiruvananthapuram,Thiruvananthapuram,ZONE,Varkala
Salem,Salem,ZONE,Salem Collectorate
Salem,Salem,ZONE,Sankari West
Visakhapatnam,Gajuwaka,ZONE,Gollalapalem
East Khasi Hills,Shillong-East Khasi Hills,ZONE,Laitlyngkot
Bangalore,JP Nagar,ZONE,JP Nagar 1 Phase
Bangalore,Electronics City,ZONE,Harogadde
Thrissur,Thrissur,ZONE,Chaipankuzhi
Chittoor,Chittoor,ZONE,Kothapeta Madanapalle
Tiruchirappalli,Tiruchirappalli,ZONE,Tennur East
Mohali,Mohali,ZONE,Sector- 68
Dantewada,Dantewada,ZONE,Korgaon
Dantewada,Dantewada,ZONE,Gaganpalli
Amritsar,Amritsar,ZONE,Lawrence Road
Kanpur,Chunniganj,ZONE,Cotton Mill
Allahabad,Allahabad,ZONE,I T I
North Goa,North Goa,ZONE,Bambolim Camp
North Goa,North Goa,ZONE,Secretariat
South Goa,South Goa,ZONE,Canacona
South Goa,South Goa,ZONE,Farmagudi
Nellore,Nellore,ZONE,Aruru
Nashik,Gangapur Road,ZONE,Shivshakti Nagar
North 24 Parganas,North 24 Parganas,ZONE,Minakhan
Faridabad,Faridabad,ZONE,Aravali Hills
Chennai,Chennai South 1,ZONE,Arcot Road
Bangalore,Marathahalli,ZONE,Vignan Nagar
São Paulo,Bela Vista,ZONE,Centro
São Paulo,Vila Mariana,ZONE,Ibirapuera
Nellore,Nellore,ZONE,Atmakur
Indore,Palasia,ZONE,Vallabh Nagar
North 24 Parganas,North 24 Parganas,ZONE,Kolsur
Delhi,Rohini,ZONE,Rohini Sector 30
Mysore,Mysore,ZONE,Maradur
Mysore,Mysore,ZONE,Tattekere
Ernakulam,Tripunithura,ZONE,Kandanad
Ernakulam,Panampilly Nagar,ZONE,Mattancherry Jetty
Mysore,Mysore,ZONE,Kallahalli
Ernakulam,Kakkanad,ZONE,Nedumbassery
Kottayam,Kottayam,ZONE,Njizhoor
Kottayam,Kottayam,ZONE,Vempally
Kozhikode,Kozhikode,ZONE,Edacheri
Thiruvananthapuram,Thiruvananthapuram,ZONE,Kanjirampara
Bangalore,shivajinagar + MG Road,ZONE,Richards Town
Aurangabad (BH),Aurangabad (BH),ZONE,Bel
Chittoor,Chittoor,ZONE,Tirumala Kuppam
Hooghly,Hooghly,ZONE,Hazipur
Hyderabad,Mehdipatnam,ZONE,Vijaynagar Colony
Tangerang,Tangerang,ZONE,Badak Anom
North 24 Parganas,North 24 Parganas,ZONE,Gobinda Pur
Taguig,Taguig Region,ZONE,Barangka Ibaba
Pune,Hadapsar,ZONE,Magarpatta City
Salem,Salem,ZONE,Poovanur
Mangalore,Mangalore,ZONE,Kulai Hosabettu
Aurangabad,Aurangabad,ZONE,Tembhapuri
Aurangabad,Aurangabad,ZONE,Wakod
Tiruchirappalli,Tiruchirappalli,ZONE,Neiveli
Warangal,Warangal,ZONE,Raghavapatnam
Chittoor,Chittoor,ZONE,Nawabpet
Allahabad,Allahabad,ZONE,Bendon
Chittoor,Chittoor,ZONE,Nadavalur
Guntur,Guntur,ZONE,Manchala
North Goa,North Goa,ZONE,Pirna
Madurai,Madurai,ZONE,Anaiyur H.B. Colony
Kolkata,Central,ZONE,Dharmatala
Kolkata,Santoshpur,ZONE,N.R.Avenue
Mumbai,Fort area,ZONE,Colaba
Pune,Kothrud,ZONE,Shivajinagar
Faridabad,Faridabad,ZONE,Sector-35
Tirunelveli,Tirunelveli,ZONE,Vavanagaram
Tirunelveli,Tirunelveli,ZONE,T.N.Puthukudi
Bilaspur,Bilaspur,ZONE,Paunsara
Bilaspur,Bilaspur,ZONE,Chirhula
Guntur,Guntur,ZONE,Kothapalle
Erode,Erode,ZONE,Melapalayam
Nellore,Nellore,ZONE,Turimerla
Jakarta,Cempaka Putih/Kemayoran/Menteng/Tanah abang,ZONE,Cikini
Jakarta,Setiabudi/Tebet/Kuningan,ZONE,Guntur
Salem,Salem,ZONE,Thinnapatti
Cavite,Cavite,ZONE,General Trias
Ranchi,Ranchi,ZONE,Medha
Kannur,Kannur,ZONE,Chalil
Kannur,Kannur,ZONE,Malur
Thiruvananthapuram,Thiruvananthapuram,ZONE,Nagaroor
Thiruvananthapuram,Thiruvananthapuram,ZONE,Venjaramoodu
Thiruvananthapuram,Thiruvananthapuram,ZONE,Aliyadu
Thrissur,Thrissur,ZONE,Peringottukara
Salem,Salem,ZONE,Veerachipalayam
Kozhikode,Kozhikode,ZONE,Feroke
Tiruchirappalli,Tiruchirappalli,ZONE,Sirumayankudi
Thane,Thane Central,ZONE,Mumbra
Tirunelveli,Tirunelveli,ZONE,Sankanapuram
Allahabad,Allahabad,ZONE,Bhita
Chittoor,Chittoor,ZONE,Kadirinathunikota
Tirunelveli,Tirunelveli,ZONE,Sangupuram
Dantewada,Dantewada,ZONE,Palnar
Dantewada,Dantewada,ZONE,Jhapra
Amritsar,Amritsar,ZONE,Rayya
Chittoor,Chittoor,ZONE,Pullareddikandriga
Aurangabad (BH),Aurangabad (BH),ZONE,Parta
Chittoor,Chittoor,ZONE,Peddavelagathur
Meerut,Shastri Nagar,ZONE,Lisari Gate
Hooghly,Hooghly,ZONE,Sunia
Guntur,Guntur,ZONE,Pedagarlapadu
Jaipur,Raja Park,ZONE,Bidara
Chittoor,Chittoor,ZONE,Mangadu Kothur
Allahabad,Allahabad,ZONE,Sujani
Amritsar,Amritsar,ZONE,Jodhe
Erode,Erode,ZONE,Doddampalayam
Erode,Erode,ZONE,Panakkahalli
Vijayawada,Suryaraopet,ZONE,Maruthi Nagar
Nellore,Nellore,ZONE,Kamireddypadu
Madurai,Madurai,ZONE,Melauppiligundu
Indore,Palasia,ZONE,Sanvid Nagar
Taguig,Taguig Region,ZONE,Nangka
Guntur,Guntur,ZONE,Nalluru
Guntur,Guntur,ZONE,Sajjavaripalem
Tangerang,Tangerang,ZONE,Daru
Nashik,Mumbai Naka,ZONE,Dipali Nagar
Hooghly,Hooghly,ZONE,Bhadrakali
Jakarta,PuloGadung/Duren Sawit,ZONE,Matraman
Faridabad,Faridabad,ZONE,J Block
Chandigarh,Sector 36,ZONE,Sector 16
Delhi,Punjabi bagh,ZONE,Bali Nagar
Ranchi,Ranchi,ZONE,Chaingara
Mysore,Mysore,ZONE,Mullur
Delhi,Shahdara,ZONE,Sonia Vihar
Ernakulam,Kakkanad,ZONE,Kakkanad West
Kannur,Kannur,ZONE,Kuttiyeri
Ernakulam,Kakkanad,ZONE,Chowara
Ernakulam,Kakkanad,ZONE,Puliyanam
Kottayam,Kottayam,ZONE,Perunna
Nagpur,Sadar,ZONE,Abhyankar Nagar
Warangal,Warangal,ZONE,Parwathagiri
Aurangabad (BH),Aurangabad (BH),ZONE,Pipra Bagahi
Guntur,Guntur,ZONE,Angalakudur
Amritsar,Amritsar,ZONE,Ram Diwali Muslama
Tirunelveli,Tirunelveli,ZONE,Vellankuli
Bangalore,Whitefield,ZONE,KR Puram
Aurangabad (BH),Aurangabad (BH),ZONE,Kona
Chittoor,Chittoor,ZONE,Koppedu
Aurangabad (BH),Aurangabad (BH),ZONE,Bhadwa Bazar
Madurai,Madurai,ZONE,Thimmanatham
Guntur,Guntur,ZONE,Gollamudipadu
Bilaspur,Bilaspur,ZONE,Takhatpur
Amritsar,Amritsar,ZONE,Sabhra
Amritsar,Amritsar,ZONE,Jeowala
Chennai,Chennai South 1,ZONE,Arumbakkam
Erode,Erode,ZONE,Tingalur
Tangerang,Tangerang,ZONE,Pangarengan
Faridabad,Faridabad,ZONE,Sector 88
Jamshedpur,Jamshedpur,ZONE,Sakchi
San Juan,San Juan Region,ZONE,Caloocan City
Noida,Sector 62,ZONE,Sector 54
Mysore,Mysore,ZONE,Badanavalu
Ernakulam,Tripunithura,ZONE,Poothrikka
Kannur,Kannur,ZONE,Kuthuparamba
Kozhikode,Kozhikode,ZONE,Kuruvangad
Ernakulam,Kakkanad,ZONE,Binanipuram
Kannur,Kannur,ZONE,Peruva
Thiruvananthapuram,Thiruvananthapuram,ZONE,Kaikara
Warangal,Warangal,ZONE,Nelapogula
Allahabad,Allahabad,ZONE,Allahabad High Court
Nellore,Nellore,ZONE,Toderu
Indore,Vijaynagar,ZONE,Prabhandhak Jila Udyog Kendra Polo Ground
Warangal,Warangal,ZONE,Tammadapalli
Guntur,Guntur,ZONE,Adigoppula
Lucknow,Ashiyana,ZONE,Nagram
Dantewada,Dantewada,ZONE,Pondum
Amritsar,Amritsar,ZONE,Fatehabad
Amritsar,Amritsar,ZONE,Taragarh
Jaipur,Malviya Nagar,ZONE,Kalyanpura
Guntur,Guntur,ZONE,Chodayapalem
Guntur,Guntur,ZONE,Guddikayalanka
Erode,Erode,ZONE,Guruvareddiyur
Guntur,Guntur,ZONE,Abburu
Guntur,Guntur,ZONE,Bhrugubanda
Nashik,Gangapur Road,ZONE,Manik Nagar
Mohali,Mohali,ZONE,Phase-VI
Faridabad,Faridabad,ZONE,Gharrot
Faridabad,Faridabad,ZONE,Lohina
South Tangerang,South Tangerang,ZONE,Rawa Mekar Jaya
Kolkata,Santoshpur,ZONE,South Eastern Railway
North 24 Parganas,North 24 Parganas,ZONE,Kadambagachi
North 24 Parganas,North 24 Parganas,ZONE,Kamdevpur
North 24 Parganas,North 24 Parganas,ZONE,Barajonepur
North 24 Parganas,North 24 Parganas,ZONE,Malikapur
Gurgaon,CivilLines,ZONE,Gurgaon Sector 22
Kanpur,Chunniganj,ZONE,Parade
Ranchi,Ranchi,ZONE,Dundigara
Mysore,Mysore,ZONE,Mavathur
Ranchi,Ranchi,ZONE,Ormanjhi
Ernakulam,Tripunithura,ZONE,Kanjiramattom
Kannur,Kannur,ZONE,Kakkat
Ernakulam,Panampilly Nagar,ZONE,Mundamveli
Kannur,Kannur,ZONE,Manikkadavu
Kozhikode,Kozhikode,ZONE,Naripetta
Kozhikode,Kozhikode,ZONE,Vadakara
Thrissur,Thrissur,ZONE,Vyasagiri
Allahabad,Allahabad,ZONE,Mahuli
Guntur,Guntur,ZONE,Peddapalle
Guntur,Guntur,ZONE,Balusulapalem
North Goa,North Goa,ZONE,Tivim Ie
Coimbatore,Singanallur,ZONE,Gandhimaanagar
Erode,Erode,ZONE,Vellierichal
Hyderabad,Begumpet,ZONE,Prakash Nagar
Karur,Karur,ZONE,Mavathur
Hyderabad,Habsiguda,ZONE,Boduppal
Kolkata,Santoshpur,ZONE,Mahendra Banerjee Road
Mumbai,Malad,ZONE,Malad West
Mumbai,Fort area,ZONE,Mazgaon
Surat,Varaccha,ZONE,Kamrej
Nashik,Panchavati,ZONE,Mhasrul
Warangal,Warangal,ZONE,Mudigonda
Lucknow,Ashiyana,ZONE,Barauna
Delhi,Chanakyapuri,ZONE,Delhi Cantt
Amritsar,Amritsar,ZONE,Patti
Kozhikode,Kozhikode,ZONE,Kalpathur
Thrissur,Thrissur,ZONE,Kandanassery
Aurangabad,Aurangabad,ZONE,Kelgaon
Thiruvananthapuram,Thiruvananthapuram,ZONE,Olathanni
Indore,Sapna Sangeeta,ZONE,Mhow Gaon
Nagpur,Dhantoli,ZONE,Dighori Naka
Nagpur,Dhantoli,ZONE,Medical College
Thiruvananthapuram,Thiruvananthapuram,ZONE,Karikuzhi
Tiruchirappalli,Tiruchirappalli,ZONE,Mutalvarapatti
Warangal,Warangal,ZONE,Kyathampalli
Warangal,Warangal,ZONE,Kothareddial
Tirunelveli,Tirunelveli,ZONE,Suviseshapuram
Warangal,Warangal,ZONE,Nandanam
Chittoor,Chittoor,ZONE,Bhimaganipalle
Patna,Rajendra Nagar,ZONE,Kohawan
Tirunelveli,Tirunelveli,ZONE,Courtallam Bus Stand
Lucknow,Aliganj,ZONE,Amausi Ad
Bilaspur,Bilaspur,ZONE,Koni
Warangal,Warangal,ZONE,Shivapuram
Puducherry,Puducherry,ZONE,Ariyankuppam
Puducherry,Puducherry,ZONE,Arumbarthapuram
Chittoor,Chittoor,ZONE,Ugranapalle
Aurangabad (BH),Aurangabad (BH),ZONE,Belabarish
Salem,Salem,ZONE,Palakadu
Lucknow,Ashiyana,ZONE,Barwalia
Aurangabad,Aurangabad,ZONE,Phardapur
Erode,Erode,ZONE,Merkupathi
Erode,Erode,ZONE,Purappalikattuvalasu
Karur,Karur,ZONE,Munayanur
Jakarta,Cempaka Putih/Kemayoran/Menteng/Tanah abang,ZONE,Galur
Jakarta,Mangga Besar/Mangga Dua,ZONE,Karang Anyar
Guntur,Guntur,ZONE,Kothaganesunipadu
Tirunelveli,Tirunelveli,ZONE,Vijayanarayanam
Madurai,Madurai,ZONE,Subramaniapuram
Salem,Salem,ZONE,Puthur
Amritsar,Amritsar,ZONE,Balkalan
Amritsar,Amritsar,ZONE,Naushehra Pannuan
Guntur,Guntur,ZONE,Moparru
Salem,Salem,ZONE,Aladipatti
Quezon City,Quezon Region,ZONE,West Triangle
Tangerang,Tangerang,ZONE,Tegalsari
North 24 Parganas,North 24 Parganas,ZONE,Abad Kuliadanga
Tirunelveli,Tirunelveli,ZONE,Puliyara
Delhi,Rohini,ZONE,Rohini Sector 1
Delhi,Dwarka,ZONE,Dwarka Sector 5
North 24 Parganas,North 24 Parganas,ZONE,Malidah
Hooghly,Hooghly,ZONE,Khamarchandi
Nellore,Nellore,ZONE,Arlapadia
Madurai,Madurai,ZONE,Kuravagudi
Jakarta,Kebayoran/Bintaro,ZONE,Senayan
North 24 Parganas,North 24 Parganas,ZONE,South Sikargheri
Mumbai,Fort area,ZONE,Kala Ghoda
Chittoor,Chittoor,ZONE,Kajoor
Chittoor,Chittoor,ZONE,T.Sowdasamudram
Panchkula,Panchkula,ZONE,C.R.P.F. Pinjore
Greater Noida,Greater Noida,ZONE,Eta II
Cavite,Cavite,ZONE,Trece Martires City
Salem,Salem,ZONE,Dasanaickenpatti
Surat,Katragam,ZONE,Haripura
Gurgaon,DLFPhaseI,ZONE,DLF Phase IV
Hyderabad,Marredpally,ZONE,Picket
Puducherry,Puducherry,ZONE,Mottoupalayam
Puducherry,Puducherry,ZONE,Seliamedu
Delhi,Punjabi bagh,ZONE,Vishnu Garden
Ernakulam,Kakkanad,ZONE,Kozhipilly
Kozhikode,Kozhikode,ZONE,Kongannur
Kozhikode,Kozhikode,ZONE,Oravil
Thiruvananthapuram,Thiruvananthapuram,ZONE,Poothura
Thrissur,Thrissur,ZONE,Kurumbilavu
Nellore,Nellore,ZONE,Aravapalem
Aurangabad,Aurangabad,ZONE,Badod Pan
Tiruchirappalli,Tiruchirappalli,ZONE,Bharathidasan University
East Khasi Hills,Shillong-East Khasi Hills,ZONE,Happy Valley
Warangal,Warangal,ZONE,Nadiwada
Thiruvananthapuram,Thiruvananthapuram,ZONE,Nedumangad
Chittoor,Chittoor,ZONE,Kosuvaripalle
Thrissur,Thrissur,ZONE,Mambra
Bhopal,Central Bhopal,ZONE,Satpura
Tiruchirappalli,Tiruchirappalli,ZONE,Manakkal
Bhubaneswar,Bhubaneswar,ZONE,Brahman Suanlo
Aurangabad (BH),Aurangabad (BH),ZONE,Aurangabad Kutchehry
Allahabad,Allahabad,ZONE,Othgi Tarhar
Chittoor,Chittoor,ZONE,Venkatapathi Rajuvaripet
Amritsar,Amritsar,ZONE,Chicha
Hooghly,Hooghly,ZONE,Kupsit
Nellore,Nellore,ZONE,Iskapalli
Nellore,Nellore,ZONE,Depur
Salem,Salem,ZONE,Periyakuttimaduvu
South Tangerang,South Tangerang,ZONE,Bambu Apus
Quezon City,Quezon Region,ZONE,Cubao
Kolkata,Park street,ZONE,Russel Street
Kolkata,Central,ZONE,Taltala
Delhi,Chanakyapuri,ZONE,Nanakpura
Nellore,Nellore,ZONE,Pottempadu
Salem,Salem,ZONE,Koranampatti
Kottayam,Kottayam,ZONE,Koodapalam
Nellore,Nellore,ZONE,Degapudi
Hooghly,Hooghly,ZONE,Sonatikri
Ahmedabad,Maninagar,ZONE,Dariapur
Ranchi,Ranchi,ZONE,Murkuni
Tirunelveli,Tirunelveli,ZONE,Harikesavanallur
Tirunelveli,Tirunelveli,ZONE,Nagaram
Tirunelveli,Tirunelveli,ZONE,Courtallam
Allahabad,Allahabad,ZONE,Katahra
Chittoor,Chittoor,ZONE,Kalicherla
Thrissur,Thrissur,ZONE,Pazhuvil
Salem,Salem,ZONE,Salem South
Visakhapatnam,Gajuwaka,ZONE,Mattam
Warangal,Warangal,ZONE,Rajole
Thiruvananthapuram,Thiruvananthapuram,ZONE,Memala
Nellore,Nellore,ZONE,Sirasanambedu
Bhubaneswar,Bhubaneswar,ZONE,K I I T
Guntur,Guntur,ZONE,Chowdaripeta
Mohali,Mohali,ZONE,Electronics and Design Plot No. A-34 Ph-8
Jaipur,Raja Park,ZONE,Chhapra Kalan
Guntur,Guntur,ZONE,Kasukarru
Tirunelveli,Tirunelveli,ZONE,Sayamalai
Chittoor,Chittoor,ZONE,Gudipala
Allahabad,Allahabad,ZONE,Jari Bazar
Indore,Palasia,ZONE,Pardesi Pura
San Juan,San Juan Region,ZONE,Longos
Kolkata,Salt lake,ZONE,Lake Town
Kanpur,Chunniganj,ZONE,Industrial Estate
Mumbai,Parel,ZONE,Elphinstone Road
Delhi,South extension,ZONE,Lodhi Colony
Delhi,Shahdara,ZONE,Nand Nagri
Lucknow,Aliganj,ZONE,Khantari
Amritsar,Amritsar,ZONE,Behal
Tiruchirappalli,Tiruchirappalli,ZONE,Tiruthiamalai
Warangal,Warangal,ZONE,Yellapur
Aurangabad (BH),Aurangabad (BH),ZONE,Nagmatia
Bilaspur,Bilaspur,ZONE,Patharia
Amritsar,Amritsar,ZONE,Guru Nanak Dev University
Erode,Erode,ZONE,Anangur
Erode,Erode,ZONE,Thirumalaigoundenpalayam
Guntur,Guntur,ZONE,Pittambanda
Kolkata,Gariahat,ZONE,Kasba
Surat,Varaccha,ZONE,Limbayat
Hooghly,Hooghly,ZONE,Khatul
Ranchi,Ranchi,ZONE,Taimara
Ranchi,Ranchi,ZONE,Bhandra
Ranchi,Ranchi,ZONE,Jaltanda
Kannur,Kannur,ZONE,Punnol
Kottayam,Kottayam,ZONE,Edanad
Kottayam,Kottayam,ZONE,Mutholi
Kottayam,Kottayam,ZONE,Ullanad
Kozhikode,Kozhikode,ZONE,Cheekonnummal West
Aurangabad,Aurangabad,ZONE,Wadod Bajar
Tiruchirappalli,Tiruchirappalli,ZONE,Nochiam
Kottayam,Kottayam,ZONE,Poonjar
Kozhikode,Kozhikode,ZONE,Akkal
Thrissur,Thrissur,ZONE,Kuthampilly
Nellore,Nellore,ZONE,Parikota
Aurangabad,Aurangabad,ZONE,Nizamganj
Warangal,Warangal,ZONE,Chengapur
Tirunelveli,Tirunelveli,ZONE,Mathalamparai
Lucknow,Ashiyana,ZONE,Chandrawal
Delhi,Pitampura,ZONE,Saraswati Vihar
Aurangabad,Aurangabad,ZONE,Lohgaon
Aurangabad (BH),Aurangabad (BH),ZONE,Tara
Allahabad,Allahabad,ZONE,Mukundpur
Salem,Salem,ZONE,Singipuram
Tiruchirappalli,Tiruchirappalli,ZONE,Pallapuram
Warangal,Warangal,ZONE,Chainpak
Tiruchirappalli,Tiruchirappalli,ZONE,Irungalur
Kozhikode,Kozhikode,ZONE,Mudadi
Thrissur,Thrissur,ZONE,Madathumpady
Salem,Salem,ZONE,Salem Steel Plant
Bhopal,Old Bhopal,ZONE,Berasia Road
Tirunelveli,Tirunelveli,ZONE,Moolaikadu
Warangal,Warangal,ZONE,Kodur
Aurangabad (BH),Aurangabad (BH),ZONE,Panti
Tiruchirappalli,Tiruchirappalli,ZONE,Alangudi Mahajanam
Nellore,Nellore,ZONE,Kuppurupadu
Warangal,Warangal,ZONE,Pulukurthy
Aurangabad (BH),Aurangabad (BH),ZONE,Bajauli
Guntur,Guntur,ZONE,Chiluvuru
Amritsar,Amritsar,ZONE,Sultanwind
Amritsar,Amritsar,ZONE,Khanpur
Warangal,Warangal,ZONE,Yellaigudem
Tiruchirappalli,Tiruchirappalli,ZONE,Thayanur
Bhubaneswar,Bhubaneswar,ZONE,Benupur
Guntur,Guntur,ZONE,Factories Ward
Mohali,Mohali,ZONE,Daon
South Goa,South Goa,ZONE,Mardol
Erode,Erode,ZONE,Kambiliampatti
Erode,Erode,ZONE,Rakkiavalasu
Chittoor,Chittoor,ZONE,Thumabakuppam
Chittoor,Chittoor,ZONE,Chinthagunta
Guntur,Guntur,ZONE,Pedapalakaluru
Ernakulam,Kakkanad,ZONE,Aluva Bazar
Ernakulam,Kakkanad,ZONE,Uliyannoor
Kannur,Kannur,ZONE,Eriam
Kottayam,Kottayam,ZONE,Poozhikole
Thiruvananthapuram,Thiruvananthapuram,ZONE,TV University
Thrissur,Thrissur,ZONE,Panjal
Thrissur,Thrissur,ZONE,Kodannur
Nellore,Nellore,ZONE,Chilakampadu
Tirunelveli,Tirunelveli,ZONE,Emankulam
Tirunelveli,Tirunelveli,ZONE,Ramakrishnapuram
Bangalore,Vijayanagar,ZONE,Vidyanagar
Chittoor,Chittoor,ZONE,Thippireddigarialle
Chittoor,Chittoor,ZONE,Chinnamreddikandriga
Guwahati,Guwahati,ZONE,Noonmati
Erode,Erode,ZONE,Nathakadaiyur
Erode,Erode,ZONE,Padiyur
Erode,Erode,ZONE,Sarkarperiapalayam
Erode,Erode,ZONE,Madampalayam
Aurangabad (BH),Aurangabad (BH),ZONE,Jamhor
Madurai,Madurai,ZONE,Karungalakudi
Chittoor,Chittoor,ZONE,Tirupati
Kolkata,Santoshpur,ZONE,Rabindra Nagar
Kolkata,Central,ZONE,Sonai
Kolkata,Santoshpur,ZONE,T.G.Road
Kolkata,Central,ZONE,W.B.Governors Camp.
Chittoor,Chittoor,ZONE,Gandaboyanapalle
Chittoor,Chittoor,ZONE,Tarigonda
Delhi,Dwarka,ZONE,Dwarka Sector 7
Erode,Erode,ZONE,Kongarpalayam
Nellore,Nellore,ZONE,Kogili
Nellore,Nellore,ZONE,Damavaram
Vadodara,Raopura,ZONE,Sayajiganj
Mohali,Mohali,ZONE,Sector- 83
Kanpur,Swaroop Nagar,ZONE,Azad Nagar
Hooghly,Hooghly,ZONE,Ghargohal
Kozhikode,Kozhikode,ZONE,Kunduthode
Kozhikode,Kozhikode,ZONE,Valayam
Thrissur,Thrissur,ZONE,Eravu
Aurangabad,Aurangabad,ZONE,Saigavan
Aurangabad,Aurangabad,ZONE,Takali Raje Rai
Bangalore,Banashankari + RR Nagar,ZONE,Kempegowda Nagar
Chittoor,Chittoor,ZONE,Kanduru
Thrissur,Thrissur,ZONE,Trithallur West
Aurangabad,Aurangabad,ZONE,Vihamandwa
Aurangabad,Aurangabad,ZONE,Padali
Tiruchirappalli,Tiruchirappalli,ZONE,Nagamangalam
Chennai,Chennai South West 1,ZONE,Madipakkam
Guntur,Guntur,ZONE,Nidamarru
Faridabad,Faridabad,ZONE,Sector 82
Nellore,Nellore,ZONE,Udathavaripalem
Madurai,Madurai,ZONE,Sennagarampatti
Quezon City,Quezon Region,ZONE,Santa Lucia
Faridabad,Faridabad,ZONE,Sector 34
Agra,Agra City,ZONE,Avas Vikas Colony
Faridabad,Faridabad,ZONE,Sector-8
Ranchi,Ranchi,ZONE,Sadma
Tirunelveli,Tirunelveli,ZONE,Tirukurungudi
Chittoor,Chittoor,ZONE,Errakotapalle
Aurangabad (BH),Aurangabad (BH),ZONE,Teldiha
Aurangabad (BH),Aurangabad (BH),ZONE,Dhangain
Chittoor,Chittoor,ZONE,Nagalapuram
Kannur,Kannur,ZONE,Thottada
Faridabad,Faridabad,ZONE,Asaota
Ranchi,Ranchi,ZONE,Harmu Housing Colony
Ranchi,Ranchi,ZONE,Hatia Dam
Ranchi,Ranchi,ZONE,HEC Colony
Jakarta,Cempaka Putih/Kemayoran/Menteng/Tanah abang,ZONE,Kampung Bali
Jakarta,Setiabudi/Tebet/Kuningan,ZONE,Pengadegan
Kolkata,Park street,ZONE,Camac Street
Bangalore,BTM Layout,ZONE,Nobo Nagar
Amritsar,Amritsar,ZONE,Kathania
Surat,Katragam,ZONE,Kosad
São Paulo,Morumbi,ZONE,Jardim Guedala
Gurgaon,Sector10,ZONE,Railway Road
Mangalore,Mangalore,ZONE,Badagayedapadavu
Puducherry,Puducherry,ZONE,Saram
Chennai,Chennai Central,ZONE,Shenoy Nagar
Erode,Erode,ZONE,Thayamapalayam
Madurai,Madurai,ZONE,Denobli Press
Nellore,Nellore,ZONE,Chintaladevi
Jakarta,PuloGadung/Duren Sawit,ZONE,Bidara Cina
Kolkata,Dum dum,ZONE,Kolkata Airport
North 24 Parganas,North 24 Parganas,ZONE,Gouribhoj
North 24 Parganas,North 24 Parganas,ZONE,Guma
San Juan,San Juan Region,ZONE,Niugan
San Juan,San Juan Region,ZONE,Addition Hills
Ernakulam,Kakkanad,ZONE,Koovalloor
Ernakulam,Kakkanad,ZONE,Alattuchira
Bhubaneswar,Bhubaneswar,ZONE,Patia Gds
Ranchi,Ranchi,ZONE,Saparam
Mysore,Mysore,ZONE,Lakkikuppe
Kannur,Kannur,ZONE,Kusavanvayal
Karur,Karur,ZONE,Vangal East
Madurai,Madurai,ZONE,Royapalayam
Madurai,Madurai,ZONE,Veeraperumalpuram
Salem,Salem,ZONE,Ammapet Bazaar
Tangerang,Tangerang,ZONE,Rancagong
San Juan,San Juan Region,ZONE,Greenhills North
North 24 Parganas,North 24 Parganas,ZONE,Salua Govt. Colony
Agra,Kamla Nagar,ZONE,Jaganpur
Chittoor,Chittoor,ZONE,Charala
Lucknow,Vikas Nagar,ZONE,Jankipuram
Jakarta,Kebon Jeruk/Tomang/Slipi,ZONE,Kedoya Selatan
Aurangabad,Aurangabad,ZONE,Kalandrabad
Chittoor,Chittoor,ZONE,Puttur South
Guntur,Guntur,ZONE,Munagapadu
Hooghly,Hooghly,ZONE,Dasghara
Coimbatore,Race Course,ZONE,Ramanathapuram
Hyderabad,Langer house,ZONE,Attapur
Nellore,Nellore,ZONE,Kondapuram
Las Pinas,Las Pinas Region,ZONE,San Antonio
Las Pinas,Las Pinas Region,ZONE,Sun Valley
Pune,Karve nagar,ZONE,Warje Malwadi
Nagpur,Dhantoli,ZONE,Manewada
Gurgaon,Manesar,ZONE,Gurgaon Sector 114
Delhi,Karol bagh,ZONE,Patel Nagar East
Guntur,Guntur,ZONE,Pulipadu
Ranchi,Ranchi,ZONE,Noadih
Delhi,Karol bagh,ZONE,Jhandewalan
Erode,Erode,ZONE,Greynagar
Nellore,Nellore,ZONE,Tadakalur
Madurai,Madurai,ZONE,Saptur
Tangerang,Tangerang,ZONE,Kadu
Quezon City,Quezon Region,ZONE,Mariblo
Quezon City,Quezon Region,ZONE,Santa Teresita
Faridabad,Faridabad,ZONE,Sector 18
Chennai,Chennai South East 1,ZONE,Perungudi
Erode,Erode,ZONE,Solipalayam
Hyderabad,Kukatpally,ZONE,Moosapet
Salem,Salem,ZONE,Karipatti
São Paulo,Vila Mariana,ZONE,Indianópolis
Kanpur,Chunniganj,ZONE,Ghanta Ghar Chauraha
Delhi,Preet vihar,ZONE,Dayanand Vihar
Guwahati,Guwahati,ZONE,Ganeshguri
Mumbai,Kurla,ZONE,Bandra Kurla Complex
Manila,Manila Region,ZONE,Binondo
Las Pinas,Las Pinas Region,ZONE,Don Bosco
Quezon City,Quezon Region,ZONE,Blue Ridge A
Surat,Athawa,ZONE,Parvat
Surat,Athawa,ZONE,Navagam
Kannur,Kannur,ZONE,Puthur-panoor
Madurai,Madurai,ZONE,Thaniyamangalam
Salem,Salem,ZONE,Nedunkulam
Tangerang,Tangerang,ZONE,Cibodas Baru
Hooghly,Hooghly,ZONE,Bhagabatipur
North 24 Parganas,North 24 Parganas,ZONE,Amdobe
North 24 Parganas,North 24 Parganas,ZONE,Bamanibad
North 24 Parganas,North 24 Parganas,ZONE,Nimichi
Quezon City,Quezon Region,ZONE,Kaligayahan
Quezon City,Quezon Region,ZONE,Sienna
South Goa,South Goa,ZONE,Assolna
São Paulo,Lapa,ZONE,Vila Gomes
São Paulo,Vila Mariana,ZONE,Vila Clementino
Hooghly,Hooghly,ZONE,Panchpara
North 24 Parganas,North 24 Parganas,ZONE,Chandanpur
Mysore,Mysore,ZONE,Daddakallahalli
Kannur,Kannur,ZONE,Karuvanchal
Warangal,Warangal,ZONE,Nawabpet
Chittoor,Chittoor,ZONE,Satyanarayanapuram
Guntur,Guntur,ZONE,Brodipet
Warangal,Warangal,ZONE,Solipuram
Kannur,Kannur,ZONE,Pilathara
Kannur,Kannur,ZONE,Thirumeni
Meerut,Sadar Bazaar,ZONE,Lal Kurti Bazar
Hooghly,Hooghly,ZONE,Kaiba
Nellore,Nellore,ZONE,Taticherlapalem
Ahmedabad,Saraspur,ZONE,Noblenagar
Quezon City,Quezon Region,ZONE,La Loma
Kolkata,Salt lake,ZONE,Northern Avenue
Makati,Makati Region,ZONE,San Antonio Village
Gurgaon,CivilLines,ZONE,Gurgaon Sector 31
Panchkula,Panchkula,ZONE,Rattewali
Jamshedpur,Jamshedpur,ZONE,Tata Pigment
Jamshedpur,Jamshedpur,ZONE,Tube Division
Noida,Sector 62,ZONE,Sector 65
Ranchi,Ranchi,ZONE,Sugnu
Ranchi,Ranchi,ZONE,Lota
Mohali,Mohali,ZONE,Sector- 103
Ranchi,Ranchi,ZONE,Charkidumri
Mysore,Mysore,ZONE,Devarasanahalli
Ernakulam,Kakkanad,ZONE,Allapra
Mangalore,Mangalore,ZONE,Kenjar
Nellore,Nellore,ZONE,Polampadu
Karur,Karur,ZONE,Kazhugur
Madurai,Madurai,ZONE,Thoppur
Guntur,Guntur,ZONE,Munugodu
Ranchi,Ranchi,ZONE,Birbanki
Quezon City,Quezon Region,ZONE,Villa Maria Clara
Erode,Erode,ZONE,Ichipalayam
Mysore,Mysore,ZONE,Kalkunike
Mysore,Mysore,ZONE,Kattemalalavadi
Erode,Erode,ZONE,Nochikuttai
Kottayam,Kottayam,ZONE,Brahmamangalam
Kottayam,Kottayam,ZONE,Kudakkachira
Kozhikode,Kozhikode,ZONE,Marudonkara
Thiruvananthapuram,Thiruvananthapuram,ZONE,Vallakkadavoo
Salem,Salem,ZONE,Pethanaickenpalayam
Salem,Salem,ZONE,Gangavalli
Kolkata,Dum dum,ZONE,Purba Sinthi
Nellore,Nellore,ZONE,Vavilla
Warangal,Warangal,ZONE,Pasaramadla
Bangalore,shivajinagar + MG Road,ZONE,Frazer Town
Bangalore,Yeshwantpur,ZONE,Jalahalli
Kannur,Kannur,ZONE,Kolakkad
Greater Noida,Greater Noida,ZONE,Delta I
Bilaspur,Bilaspur,ZONE,Kotgar
Lucknow,Ashiyana,ZONE,Tirwa
Guntur,Guntur,ZONE,Mellempudi
Erode,Erode,ZONE,Umareddiyur
Mysore,Mysore,ZONE,Attahlli
Tangerang,Tangerang,ZONE,Nerogtog
Noida,Sector 25,ZONE,Sector 30
Ranchi,Ranchi,ZONE,Tetla
Jaipur,C Scheme,ZONE,Lal Kothi
Ernakulam,Kakkanad,ZONE,Thattekkad
Ernakulam,Kakkanad,ZONE,Koovappady
Ernakulam,Kakkanad,ZONE,Moothakunnam
Nashik,Gangapur Road,ZONE,ST Colony
Anantapur,Anantapur,ZONE,Rayadurgam
Faridabad,Faridabad,ZONE,Sector 14
Ranchi,Ranchi,ZONE,Church Road
Salem,Salem,ZONE,Vellar
Kottayam,Kottayam,ZONE,Udayanapuram
Kozhikode,Kozhikode,ZONE,Avala
Thiruvananthapuram,Thiruvananthapuram,ZONE,Perumathura
Warangal,Warangal,ZONE,Seethanagar
Amritsar,Amritsar,ZONE,Chohan
Hooghly,Hooghly,ZONE,Soaluk
Coimbatore,Race Course,ZONE,Coimbatore Central
Jakarta,Kramat Jati/Pasar Rebo,ZONE,Rambutan
Jakarta,Cengkareng/Penjaringan/Kalideres,ZONE,Pademangan Barat
Jakarta,Cengkareng/Penjaringan/Kalideres,ZONE,Kapuk Muara
Jakarta,Kebon Jeruk/Tomang/Slipi,ZONE,Monoter
Delhi,Dwarka,ZONE,Dwarka Sector 1
Delhi,Dwarka,ZONE,Dabrivillage
Mohali,Mohali,ZONE,Sector 55
Kannur,Kannur,ZONE,Cherukunnu
Kottayam,Kottayam,ZONE,Ithithanam
Kozhikode,Kozhikode,ZONE,Nadakavu
Nellore,Nellore,ZONE,Siddanakonduru
Warangal,Warangal,ZONE,Mylaram
Chittoor,Chittoor,ZONE,V.P.V.Kothapalle
Chittoor,Chittoor,ZONE,Kadapanatham
Chittoor,Chittoor,ZONE,Melmai
Bilaspur,Bilaspur,ZONE,Okhar
Amritsar,Amritsar,ZONE,Nagoke
Delhi,Rohini,ZONE,Pooth Kalan Resettlement
Guntur,Guntur,ZONE,Kaza
Guntur,Guntur,ZONE,Old Mangalagiri
Madurai,Madurai,ZONE,Kalluthu
Jakarta,Cempaka Putih/Kemayoran/Menteng/Tanah abang,ZONE,Cempaka Baru
Jakarta,Cilandak/Pasar Minggu,ZONE,Pejaten Barat
Aurangabad,Aurangabad,ZONE,Kiradpura
Hooghly,Hooghly,ZONE,Konnagar
Hyderabad,Marredpally,ZONE,Babuji Nagar
Kozhikode,Kozhikode,ZONE,Kariyathankavu
Nellore,Nellore,ZONE,Chinacherukuru
Salem,Salem,ZONE,Samiyampalayam
Aurangabad,Aurangabad,ZONE,Aland
Visakhapatnam,Gajuwaka,ZONE,Pendurthy
Tiruchirappalli,Tiruchirappalli,ZONE,Craw Ford Colony
Warangal,Warangal,ZONE,Siripuram
Thiruvananthapuram,Thiruvananthapuram,ZONE,Ilanchiyam
Thane,Dombivali,ZONE,Nilje
Tiruchirappalli,Tiruchirappalli,ZONE,Tiruchirappalli Airport
Agra,Delhi Gate,ZONE,Arsena
Dantewada,Dantewada,ZONE,Bhusaras
Chittoor,Chittoor,ZONE,S.V.Agricultural College
Warangal,Warangal,ZONE,Vanthadapala
South Goa,South Goa,ZONE,Quela
Bilaspur,Bilaspur,ZONE,Bilaspur Industrial Estate
Chittoor,Chittoor,ZONE,Cherukuvaripalle
Bilaspur,Bilaspur,ZONE,Sarwani
Madurai,Madurai,ZONE,Perungudi
Madurai,Madurai,ZONE,Thuvariman
Salem,Salem,ZONE,Kondayampalli
Tangerang,Tangerang,ZONE,Pangkalan
Indore,Old Indore,ZONE,Kalani Nagar
Jaipur,Raja Park,ZONE,Loharwada
Kolkata,Tollygunge,ZONE,T.C.Road
Guntur,Guntur,ZONE,Tummercode
North 24 Parganas,North 24 Parganas,ZONE,Motiganj
Gurgaon,DLFPhaseI,ZONE,DLF Phase I
Vadodara,Raopura,ZONE,Tarsali
Panchkula,Panchkula,ZONE,Suketri
Faridabad,Faridabad,ZONE,Sector 91
Hyderabad,Nallakunta,ZONE,Baghlingampally
Chennai,Chennai South East 2,ZONE,Mount Road
São Paulo,Lapa,ZONE,Alto da Lapa
Salem,Salem,ZONE,Bodinaickenpatti
South Goa,South Goa,ZONE,Cacora
Kannur,Kannur,ZONE,Kizhunna
Aurangabad,Aurangabad,ZONE,Kumbhephal
Nagpur,Ramdaspeth,ZONE,Vishwakarma Nagar
Nashik,Panchavati,ZONE,Adgaon
Warangal,Warangal,ZONE,Budharam
Kottayam,Kottayam,ZONE,Velliappally
Kottayam,Kottayam,ZONE,Pakalomattom
Warangal,Warangal,ZONE,Intikanne
Lucknow,Hazratganj,ZONE,Blunt Square
Bilaspur,Bilaspur,ZONE,Deori
Rajahmundry,Rajahmundry,ZONE,Weavers Colony
Hooghly,Hooghly,ZONE,Bhadreswar
Madurai,Madurai,ZONE,Nattamangalam
Warangal,Warangal,ZONE,Bommakal
Warangal,Warangal,ZONE,Kodavatancha
Aurangabad (BH),Aurangabad (BH),ZONE,Sartu
Allahabad,Allahabad,ZONE,Chhata
Bilaspur,Bilaspur,ZONE,Lakhram
Singapore,Tampines,ZONE,Pasir Ris
Amritsar,Amritsar,ZONE,Heir
Ludhiana,Ludhiana Zone 1,ZONE,Janta Nagar
Hooghly,Hooghly,ZONE,Bengai.
Hyderabad,Bolarum,ZONE,Kompally
Salem,Salem,ZONE,Pallapatti
Tangerang,Tangerang,ZONE,Neglasari
Thiruvananthapuram,Thiruvananthapuram,ZONE,Palayam
Thane,Thane Central,ZONE,Vasant Vihar
Cavite,Cavite,ZONE,Imus
Ranchi,Ranchi,ZONE,Koisera
Nellore,Nellore,ZONE,Somarajupalli
East Khasi Hills,Shillong-East Khasi Hills,ZONE,Umniuh - Tmar
Warangal,Warangal,ZONE,Waddicherla
Chittoor,Chittoor,ZONE,Chiyyavaram
Kozhikode,Kozhikode,ZONE,Kallai-kozhikode
Thrissur,Thrissur,ZONE,Kombathukadavu
Allahabad,Allahabad,ZONE,Ramnagar
Patna,Kankarbagh,ZONE,Dhelwan
Bhopal,Old Bhopal,ZONE,Jumerati
Indore,Sapna Sangeeta,ZONE,Indore Cat
Tiruchirappalli,Tiruchirappalli,ZONE,Devarappampatti
Bhubaneswar,Bhubaneswar,ZONE,Gada Gopinath Prasad
Amritsar,Amritsar,ZONE,Thoba
Lucknow,Hazratganj,ZONE,Gosainganj
Chittoor,Chittoor,ZONE,Rachavetivaripalle
Chittoor,Chittoor,ZONE,Bugga Agraharam
Bilaspur,Bilaspur,ZONE,Neora
Jaipur,Vidhyadhar Nagar,ZONE,High Court
Jaipur,C Scheme,ZONE,Indra Bazar
Erode,Erode,ZONE,Kagam
Guntur,Guntur,ZONE,Bollavaram
Madurai,Madurai,ZONE,Narsingampatti
North 24 Parganas,North 24 Parganas,ZONE,Paschim Parghumti
Faridabad,Faridabad,ZONE,HPL Plot-21 Sector-6
Hooghly,Hooghly,ZONE,Dhobapara
Madurai,Madurai,ZONE,Sakkudi
South Tangerang,South Tangerang,ZONE,Pondok Jaya
Tangerang,Tangerang,ZONE,Munjul
Tangerang,Tangerang,ZONE,Babakan Asem
Makati,Makati Region,ZONE,Pembo
Jakarta,Cempaka Putih/Kemayoran/Menteng/Tanah abang,ZONE,Johar Baru
Indore,Vijaynagar,ZONE,Pipliyahana
Ernakulam,Panampilly Nagar,ZONE,Ayyampilly
South Goa,South Goa,ZONE,Barcem
Thiruvananthapuram,Thiruvananthapuram,ZONE,TV Medical College
Thiruvananthapuram,Thiruvananthapuram,ZONE,Pangappara
Aurangabad (BH),Aurangabad (BH),ZONE,P. Sikandarpur
Lucknow,Indranagar,ZONE,Rajauli
Guntur,Guntur,ZONE,Mulapalem
Coimbatore,Singanallur,ZONE,Pappanaickenpalayam
Puducherry,Puducherry,ZONE,Thiruvalluvar Nagar
Mumbai,Kandivali,ZONE,Charkop
Mumbai,Parel,ZONE,Sewri
Surat,Katragam,ZONE,Sayedpura
Bangalore,shivajinagar + MG Road,ZONE,Cox Town
Ranchi,Ranchi,ZONE,Koaselda
Ernakulam,Tripunithura,ZONE,Oliyapuram
Kottayam,Kottayam,ZONE,Mundathanam
Kottayam,Kottayam,ZONE,Pizhaku
Chittoor,Chittoor,ZONE,Ksheerasamudram
Kottayam,Kottayam,ZONE,Monippally
Kozhikode,Kozhikode,ZONE,Nanminda
Thiruvananthapuram,Thiruvananthapuram,ZONE,Kodungavila
Thrissur,Thrissur,ZONE,Cheruthuruthy
Nellore,Nellore,ZONE,Griddalur
Puducherry,Puducherry,ZONE,Kijour
Warangal,Warangal,ZONE,Iravennur
Tirunelveli,Tirunelveli,ZONE,Tenkasi RS
Lucknow,Hazratganj,ZONE,Arya Nagar
Lucknow,Indranagar,ZONE,Ghazipur
Amritsar,Amritsar,ZONE,Bal Khurd
Amritsar,Amritsar,ZONE,Marari Kalan
Guntur,Guntur,ZONE,Mulukuduru
Nellore,Nellore,ZONE,Thimmasamudram
Salem,Salem,ZONE,Sikkanampatti
Noida,Sector 15,ZONE,Sector 15A
Bhopal,Old Bhopal,ZONE,Ashoka Garden
Thiruvananthapuram,Thiruvananthapuram,ZONE,Vettoor
Thrissur,Thrissur,ZONE,Edamuttam
Bhopal,South Bhopal,ZONE,Bawadia Kalan
East Khasi Hills,Shillong-East Khasi Hills,ZONE,Iewduh
Tirunelveli,Tirunelveli,ZONE,Alagappapuram
Warangal,Warangal,ZONE,Lashkar Bazar
Thiruvananthapuram,Thiruvananthapuram,ZONE,Kottukunnam
Bhopal,Central Bhopal,ZONE,MANITC (Moulana Azad National Institute of Technology)
Salem,Salem,ZONE,Thukkiampalayam
Aurangabad,Aurangabad,ZONE,Maleghogargaon
Bhubaneswar,Bhubaneswar,ZONE,Garh Srirampur
Lucknow,Hazratganj,ZONE,Hasnapur
Mohali,Mohali,ZONE,Hindustan Times plot-8B 64-65
Allahabad,Allahabad,ZONE,Dariyabad
Erode,Erode,ZONE,Chittode
Allahabad,Allahabad,ZONE,Malaka
Chittoor,Chittoor,ZONE,Thurlapalle
Chittoor,Chittoor,ZONE,Vavilthota
South Tangerang,South Tangerang,ZONE,Pondok Kacang Timur
Indore,Sapna Sangeeta,ZONE,Chhatribagh
Kolkata,Central,ZONE,Tiretta Bazar
Bilaspur,Bilaspur,ZONE,Baitalpur
Dantewada,Dantewada,ZONE,Pendalnar
São Paulo,Lapa,ZONE,Barra Funda
Jaipur,Vidhyadhar Nagar,ZONE,Papad
Hooghly,Hooghly,ZONE,Belumilki
Chennai,Chennai South East 1,ZONE,Mettukuppam
South Goa,South Goa,ZONE,Sirvoi
South Goa,South Goa,ZONE,Raia
South Goa,South Goa,ZONE,Veroda
Singapore,City,ZONE,Highstreet
Faridabad,Faridabad,ZONE,Nhpc Colony
São Paulo,Vila Mariana,ZONE,Planalto Paulista
Chennai,Chennai South Central,ZONE,Saidapet
Nellore,Nellore,ZONE,Gottikadu
Salem,Salem,ZONE,Achankuttapatti
Kolkata,Bhowanipore,ZONE,Ballygunge RS
Chennai,Chennai North East,ZONE,Washermenpet
Bangalore,Banashankari + RR Nagar,ZONE,Gubbalala
Singapore,Clementi,ZONE,Dover
Panchkula,Panchkula,ZONE,Nava Vadaj
Delhi,South extension,ZONE,Uday Park
Ranchi,Ranchi,ZONE,T.T.Mankidih
Mysore,Mysore,ZONE,Hosakadajetty
Kannur,Kannur,ZONE,Kolithattu
Nellore,Nellore,ZONE,Koruturu
Aurangabad,Aurangabad,ZONE,Borgaon Kasari
Tiruchirappalli,Tiruchirappalli,ZONE,Ayyampatti
Tiruchirappalli,Tiruchirappalli,ZONE,Inamkulathur R.S.
East Khasi Hills,Shillong-East Khasi Hills,ZONE,Sohpian
Warangal,Warangal,ZONE,Madapur
Kozhikode,Kozhikode,ZONE,Iringallur
Kozhikode,Kozhikode,ZONE,Kuruvattur
Bangalore,Jayanagar,ZONE,Jayanagar 6 Block
Agra,Delhi Gate,ZONE,Runkata
Allahabad,Allahabad,ZONE,Chheoki
Allahabad,Allahabad,ZONE,Garapur
Chittoor,Chittoor,ZONE,Kummarapalle
Guntur,Guntur,ZONE,Vankayalapadu
Chittoor,Chittoor,ZONE,Avalkonda
Erode,Erode,ZONE,Vellavavipudur
Chittoor,Chittoor,ZONE,Suraiahgaripalle
Aurangabad (BH),Aurangabad (BH),ZONE,Satuhai
Erode,Erode,ZONE,Elavamalai
Tangerang,Tangerang,ZONE,Sukasari
Jaipur,Raja Park,ZONE,Mandawari
North 24 Parganas,North 24 Parganas,ZONE,Madiahat
Taguig,Taguig Region,ZONE,Manggahan
Delhi,Rohini,ZONE,Rohini Sector 7
Guntur,Guntur,ZONE,Yerraguntlapadu
Karur,Karur,ZONE,Kagtithapuram
Nellore,Nellore,ZONE,Yerur
Hooghly,Hooghly,ZONE,Barabahera
North 24 Parganas,North 24 Parganas,ZONE,Nirman
Quezon City,Quezon Region,ZONE,Holy Spirit
Indore,Vijaynagar,ZONE,LIG Colony
Ghaziabad,Vaishali,ZONE,Ramprasth Greens
Ernakulam,Kakkanad,ZONE,Thammanam
Ernakulam,Panampilly Nagar,ZONE,Edakochi
Kottayam,Kottayam,ZONE,Pravithanam
Nellore,Nellore,ZONE,Dos Colony
Tiruchirappalli,Tiruchirappalli,ZONE,Nallampillai
Tirunelveli,Tirunelveli,ZONE,Mukkudal
Thiruvananthapuram,Thiruvananthapuram,ZONE,Vattappara
Thiruvananthapuram,Thiruvananthapuram,ZONE,Mg College
Thrissur,Thrissur,ZONE,Arimpur
Aurangabad,Aurangabad,ZONE,Kaigaon
Aurangabad,Aurangabad,ZONE,Kannad
Tiruchirappalli,Tiruchirappalli,ZONE,V.Periyapatti
Tiruchirappalli,Tiruchirappalli,ZONE,Neeliampatti
Tiruchirappalli,Tiruchirappalli,ZONE,Vellalapatti
Delhi,Lajpat nagar,ZONE,Lajpat Nagar
Amritsar,Amritsar,ZONE,Chabha
Hooghly,Hooghly,ZONE,Bora
East Khasi Hills,Shillong-East Khasi Hills,ZONE,Munai
Bangalore,shivajinagar + MG Road,ZONE,St.John's Road
Aurangabad (BH),Aurangabad (BH),ZONE,Jakhim
Guntur,Guntur,ZONE,Tenali
Guntur,Guntur,ZONE,Kuchellapadu
Guntur,Guntur,ZONE,Chintalacheruvu
Karur,Karur,ZONE,Tirumanilaiyur
Guntur,Guntur,ZONE,Peddavaram
Hooghly,Hooghly,ZONE,Pipulpati
Hyderabad,Sanath nagar,ZONE,Balanagar
Erode,Erode,ZONE,Vilarasampatti
Madurai,Madurai,ZONE,Papanasam Pykara Colony
Kolkata,Santoshpur,ZONE,Brahma Samaj Road
Kolkata,Park street,ZONE,Fort William
North 24 Parganas,North 24 Parganas,ZONE,Dakshin Hatgachha
North 24 Parganas,North 24 Parganas,ZONE,Bishalakshi Ghat
Kannur,Kannur,ZONE,Kottiyur
Ranchi,Ranchi,ZONE,Bichina
Kannur,Kannur,ZONE,Peravoor
Kozhikode,Kozhikode,ZONE,Panangad Qdi
Thiruvananthapuram,Thiruvananthapuram,ZONE,Pallithura
Aurangabad,Aurangabad,ZONE,Ajantha Caves
Tiruchirappalli,Tiruchirappalli,ZONE,Ariyavur
Visakhapatnam,Gajuwaka,ZONE,Simhachalam
Visakhapatnam,Gajuwaka,ZONE,Tallavalasa
Tiruchirappalli,Tiruchirappalli,ZONE,Pulangulathupatti
Tirunelveli,Tirunelveli,ZONE,Anaikarai
Thrissur,Thrissur,ZONE,Avittathur
Bhopal,Central Bhopal,ZONE,M.L.A.Rest House
Nellore,Nellore,ZONE,Biradavolu
Tiruchirappalli,Tiruchirappalli,ZONE,Alambakkam
Aurangabad,Aurangabad,ZONE,Pokhari
Tiruchirappalli,Tiruchirappalli,ZONE,Somarasampettai
Warangal,Warangal,ZONE,Devagiripatnam
Tirunelveli,Tirunelveli,ZONE,Perumkottur
Chittoor,Chittoor,ZONE,Pillapalem
Chittoor,Chittoor,ZONE,Kukkambakam
Dantewada,Dantewada,ZONE,Ghotpal
Kanpur,Chunniganj,ZONE,Ashok Nagar
Allahabad,Allahabad,ZONE,Leader Road
Chittoor,Chittoor,ZONE,Punganur
Bilaspur,Bilaspur,ZONE,Harditonakala
Chittoor,Chittoor,ZONE,Tirupati West
Dantewada,Dantewada,ZONE,Ramaram
Jaipur,Jhotwara,ZONE,Hadota
Karur,Karur,ZONE,Pavithram
Nellore,Nellore,ZONE,Muchalagunta
Salem,Salem,ZONE,Dinnapatti
Chennai,Chennai Central,ZONE,Ayanambakkam
Singapore,Clementi,ZONE,Ayer Rajah
Erode,Erode,ZONE,Vellakoil Bazaar
Erode,Erode,ZONE,Kanuvakarai
Salem,Salem,ZONE,Vinayagapuram
South Tangerang,South Tangerang,ZONE,Ciputat
São Paulo,Penha,ZONE,Vila Matilde
Mumbai,Ghatkopar,ZONE,Ghatkopar East
Noida,Sector 25,ZONE,Sector 44
Ranchi,Ranchi,ZONE,Sithio
Ranchi,Ranchi,ZONE,Murupiri
Mangalore,Mangalore,ZONE,Sacherigudde
Mysore,Mysore,ZONE,Jaya Prakash Nagar
Thiruvananthapuram,Thiruvananthapuram,ZONE,Vikas Bhavan
Nellore,Nellore,ZONE,Chemudugunta
Bangalore,Banaswadi,ZONE,Doorvani Nagar
Bangalore,Rajajinagar,ZONE,Basaveshwaranagar
Warangal,Warangal,ZONE,Korepalli
Chittoor,Chittoor,ZONE,Yerrepalle
Chittoor,Chittoor,ZONE,Nehru Bazar
Chittoor,Chittoor,ZONE,Kotamangapuram
Bilaspur,Bilaspur,ZONE,Goindri
Bilaspur,Bilaspur,ZONE,Dhangaongosai
Madurai,Madurai,ZONE,Chatrapatti
Madurai,Madurai,ZONE,Kalimangalam
Madurai,Madurai,ZONE,Kovilangulam
Mumbai,Tardeo,ZONE,Cumballa Hill
Mangalore,Mangalore,ZONE,Mallur
Mysore,Mysore,ZONE,Doddahebbagilu
Kozhikode,Kozhikode,ZONE,Velancode
Thiruvananthapuram,Thiruvananthapuram,ZONE,Chenkal
Thiruvananthapuram,Thiruvananthapuram,ZONE,Cheriyakonni
Nellore,Nellore,ZONE,Narayanappapeta
Tiruchirappalli,Tiruchirappalli,ZONE,Palakurichi
Bhubaneswar,Bhubaneswar,ZONE,V S S Nagar
Chittoor,Chittoor,ZONE,Murukambattu
Bilaspur,Bilaspur,ZONE,Parsada
Bilaspur,Bilaspur,ZONE,Chhindbhog
Amritsar,Amritsar,ZONE,Bhure Kohna
Amritsar,Amritsar,ZONE,Thathian Mahantan
Thrissur,Thrissur,ZONE,Nhamaghat
Aurangabad,Aurangabad,ZONE,Navgaon
Visakhapatnam,Gajuwaka,ZONE,Rampuram
Visakhapatnam,MVP,ZONE,Sangivalasa
Kottayam,Kottayam,ZONE,Chovvur
Kozhikode,Kozhikode,ZONE,Omasseri
Thrissur,Thrissur,ZONE,Akathiyur
Indore,Sapna Sangeeta,ZONE,Mhow College Of Combat
Nellore,Nellore,ZONE,Anikepalli
Tiruchirappalli,Tiruchirappalli,ZONE,Palayakottai
Nashik,Mumbai Naka,ZONE,Cidco Colony
East Khasi Hills,Shillong-East Khasi Hills,ZONE,Nongkynrih
East Khasi Hills,Shillong-East Khasi Hills,ZONE,Nongmynsong
Warangal,Warangal,ZONE,Bethole
Warangal,Warangal,ZONE,Arjunpatla
Chittoor,Chittoor,ZONE,Marrimakulapalle
Allahabad,Allahabad,ZONE,Kapsa
Tirunelveli,Tirunelveli,ZONE,Pottalpudur
Chittoor,Chittoor,ZONE,Nuthanakalava
Bilaspur,Bilaspur,ZONE,Bodtara
Warangal,Warangal,ZONE,Gorrekunta
Aurangabad (BH),Aurangabad (BH),ZONE,Gamhari
Dantewada,Dantewada,ZONE,Chhindnar
Nellore,Nellore,ZONE,Amancherla
Nellore,Nellore,ZONE,Pathapadu
Kanpur,Chunniganj,ZONE,D O Oil Mill
Lucknow,Hazratganj,ZONE,Amethi
Lucknow,Ashiyana,ZONE,Jabrauli
Karur,Karur,ZONE,Manickapuram
Jakarta,Mangga Besar/Mangga Dua,ZONE,Cideng
Jaipur,Raja Park,ZONE,Bhawani
Warangal,Warangal,ZONE,Jangalapally
Salem,Salem,ZONE,Thiyaganur
Salem,Salem,ZONE,Dasavilakku
Chennai,Chennai South Central,ZONE,Guindy Industrial Estate
Chennai,Chennai South West 1,ZONE,Adambakkam
Erode,Erode,ZONE,Nathagoundenpalayam
Guntur,Guntur,ZONE,Dantaluru
Erode,Erode,ZONE,Salangapalayam
Salem,Salem,ZONE,Adikarai
Aurangabad,Aurangabad,ZONE,Balaji Nagar
North 24 Parganas,North 24 Parganas,ZONE,Dhanyakuria
North 24 Parganas,North 24 Parganas,ZONE,Nowbhanga
North 24 Parganas,North 24 Parganas,ZONE,Satashi
Hyderabad,Lb nagar,ZONE,Auto Nagar
Kolkata,Tollygunge,ZONE,Senhati
San Juan,San Juan Region,ZONE,Tonsuya
Hooghly,Hooghly,ZONE,Rajbalhat
Allahabad,Allahabad,ZONE,Public Service Commission
Chittoor,Chittoor,ZONE,Kasiralla
Chittoor,Chittoor,ZONE,R.S.Gardens
Dantewada,Dantewada,ZONE,Misma
Puducherry,Puducherry,ZONE,Odiensalai
Puducherry,Puducherry,ZONE,Puducherry Bazaar
Mysore,Mysore,ZONE,Marballi
Bangalore,Electronics City,ZONE,Chandapura Anekal Road
Kolkata,Dum dum,ZONE,Belgharia
Ernakulam,Kakkanad,ZONE,Ponjassery
São Paulo,Morumbi,ZONE,Cidade Jardim
Kozhikode,Kozhikode,ZONE,Thalakolathur
Thrissur,Thrissur,ZONE,Vatanapilly
Bangalore,Whitefield,ZONE,Mahadevapura
Warangal,Warangal,ZONE,New Abadi
Dantewada,Dantewada,ZONE,Dabpal
Nellore,Nellore,ZONE,Northrajupalem
Aurangabad (BH),Aurangabad (BH),ZONE,Karma Bhagwan
Allahabad,Allahabad,ZONE,Tagore Town
Aurangabad (BH),Aurangabad (BH),ZONE,Jamuaon
Chittoor,Chittoor,ZONE,Nendragunta
Amritsar,Amritsar,ZONE,Rasulpur Kalan
Guntur,Guntur,ZONE,Guntur Medical College
Guntur,Guntur,ZONE,Patsalatadiparru
Guntur,Guntur,ZONE,Kattamuru
Erode,Erode,ZONE,Koothampoondi
Erode,Erode,ZONE,Manakadavu
Vijayawada,Benz Circle,ZONE,Auto Nagar
Salem,Salem,ZONE,Thumbal
Taguig,Taguig Region,ZONE,Santa Lucia
Delhi,Dwarka,ZONE,Dwarka Sector 9
Delhi,Dwarka,ZONE,Dwarka Sector 13
Delhi,Dwarka,ZONE,Dwarka Sector 25
Delhi,Patparganj,ZONE,Mayur Vihar
Delhi,Nehru place,ZONE,Okhla
Ranchi,Ranchi,ZONE,Ahirtoli
Madurai,Madurai,ZONE,Rajakkur
Thrissur,Thrissur,ZONE,Malesamangalam
Nagpur,Sadar,ZONE,Koradi Tps
Salem,Salem,ZONE,Ramireddipatti
Aurangabad,Aurangabad,ZONE,Arif Colony
Hooghly,Hooghly,ZONE,Barunanpara
North 24 Parganas,North 24 Parganas,ZONE,Balisha Chowmatha
Meerut,Sadar Bazaar,ZONE,Jali Kothi
Faridabad,Faridabad,ZONE,Sector 11
South Goa,South Goa,ZONE,Netorlim
Salem,Salem,ZONE,Koneripatti
Chittoor,Chittoor,ZONE,Dasarlapalle
Kakinada,Kakinada,ZONE,Gorripudi
Amritsar,Amritsar,ZONE,Kathunangal
Delhi,Mehrauli,ZONE,Mehrauli
Kozhikode,Kozhikode,ZONE,Melur
Salem,Salem,ZONE,Velampatti
Salem,Salem,ZONE,Vembadithalam
Salem,Salem,ZONE,Mavelipalayam
Mysore,Mysore,ZONE,Gurupura
Mysore,Mysore,ZONE,Kukkur
Ernakulam,Kakkanad,ZONE,Kizhakkambalam
Aurangabad,Aurangabad,ZONE,Gevrai Shami
Visakhapatnam,Gajuwaka,ZONE,Vemulapudi
East Khasi Hills,Shillong-East Khasi Hills,ZONE,Smit
Warangal,Warangal,ZONE,Raghunathpalli
Kozhikode,Kozhikode,ZONE,Kuthiravattom
Thiruvananthapuram,Thiruvananthapuram,ZONE,Konchira
Thrissur,Thrissur,ZONE,Perinjanam West
Allahabad,Allahabad,ZONE,Chamu
Bhubaneswar,Bhubaneswar,ZONE,Regional Research Laboratory
Chittoor,Chittoor,ZONE,Madumuru
Nellore,Nellore,ZONE,Mulumudi
Dantewada,Dantewada,ZONE,Koshalnar
Chittoor,Chittoor,ZONE,D.N.Choultry
Delhi,Shahdara,ZONE,New Seemapuri
Bhubaneswar,Bhubaneswar,ZONE,Gopinathpur
Guntur,Guntur,ZONE,Pusuluru
Erode,Erode,ZONE,Basuvapatti
Nellore,Nellore,ZONE,Talluru
Allahabad,Allahabad,ZONE,Distt.Board
Chittoor,Chittoor,ZONE,Rangasamudram
North 24 Parganas,North 24 Parganas,ZONE,Kalyangarh
San Juan,San Juan Region,ZONE,Dampalit
Kanpur,Chunniganj,ZONE,Gwaltoli
Thrissur,Thrissur,ZONE,South Kondazhi
Aurangabad,Aurangabad,ZONE,Tadpimpalgaon
Bangalore,Indiranagar,ZONE,Old Madras Road
Hooghly,Hooghly,ZONE,Bhurkunda
Hyderabad,Habsiguda,ZONE,Tarnaka
Hyderabad,Kachiguda,ZONE,Nampally
Madurai,Madurai,ZONE,Anna Nagar
Nellore,Nellore,ZONE,Vidavalur
Jakarta,Kramat Jati/Pasar Rebo,ZONE,Bambu Apus
Lucknow,Aliganj,ZONE,Aliganj sector M
Delhi,Preet vihar,ZONE,Pushpanjali Enclave
Kolkata,Central,ZONE,College Square
Kolkata,Gariahat,ZONE,Dover Lane
Mumbai,Fort area,ZONE,Marine Lines
Surat,Katragam,ZONE,Gopipura
Mangalore,Mangalore,ZONE,Jeppinamogaru
Mangalore,Mangalore,ZONE,Kallamundkur
Mysore,Mysore,ZONE,Chapparadahalli
Ernakulam,Kakkanad,ZONE,Thathappilly
Thrissur,Thrissur,ZONE,Parappukkara
Warangal,Warangal,ZONE,Muppanapalli
Kottayam,Kottayam,ZONE,Kidangoor South
Thrissur,Thrissur,ZONE,Perambra-thrissur
Nellore,Nellore,ZONE,Utukur
Tiruchirappalli,Tiruchirappalli,ZONE,Kannudayanpatti
Warangal,Warangal,ZONE,Gurrevula
Tirunelveli,Tirunelveli,ZONE,Alangulam
Tirunelveli,Tirunelveli,ZONE,Karaikurichi
Tirunelveli,Tirunelveli,ZONE,Kilakulam
Pune,Pimpri chinchwad,ZONE,Akurdi
Warangal,Warangal,ZONE,Komandla
Aurangabad (BH),Aurangabad (BH),ZONE,Jaitpur
Chittoor,Chittoor,ZONE,Mogili Venkatagiri
Bilaspur,Bilaspur,ZONE,Amoli
Bilaspur,Bilaspur,ZONE,Belgahana
Thiruvananthapuram,Thiruvananthapuram,ZONE,Mulakkalathukavu
Thrissur,Thrissur,ZONE,Valapad Beach
East Khasi Hills,Shillong-East Khasi Hills,ZONE,Mawklot
Tiruchirappalli,Tiruchirappalli,ZONE,Perugamani
Tirunelveli,Tirunelveli,ZONE,Murugankurichi
Tirunelveli,Tirunelveli,ZONE,Sriregunathapuram
Thrissur,Thrissur,ZONE,Mala-thrissur
Agra,Delhi Gate,ZONE,Malviya Kunj
Allahabad,Allahabad,ZONE,Tilhapur
Chittoor,Chittoor,ZONE,Keelapatla
Lucknow,Indranagar,ZONE,Amraigaon
Bilaspur,Bilaspur,ZONE,Dharampura
Guntur,Guntur,ZONE,Voravakallu
Hooghly,Hooghly,ZONE,Balindar
Amritsar,Amritsar,ZONE,Jandiala Guru
Faridabad,Faridabad,ZONE,Sector 20A
Bhopal,South Bhopal,ZONE,Kolar Road
Nellore,Nellore,ZONE,Ramakur
Tiruchirappalli,Tiruchirappalli,ZONE,Puvalur
Thrissur,Thrissur,ZONE,Kothaparamba
Tiruchirappalli,Tiruchirappalli,ZONE,Gundur
Visakhapatnam,Gajuwaka,ZONE,Visakhapatnam Steel Plant
Tiruchirappalli,Tiruchirappalli,ZONE,Kattur Puvalur
Tiruchirappalli,Tiruchirappalli,ZONE,Manthurai
Warangal,Warangal,ZONE,Chowlapalli
Chittoor,Chittoor,ZONE,Settipalli
Dantewada,Dantewada,ZONE,Dugeli
Chandigarh,Sector 20,ZONE,"Director General, Police Punjab Sector-9"
Warangal,Warangal,ZONE,Hanumanthapur
Chittoor,Chittoor,ZONE,Srinivasanagar
Aurangabad (BH),Aurangabad (BH),ZONE,Jogia
Allahabad,Allahabad,ZONE,Purshottam Nagar
Bilaspur,Bilaspur,ZONE,Bartori
Thane,Vasai,ZONE,Vasai East IE
Meerut,Sadar Bazaar,ZONE,Bhainsa
South Goa,South Goa,ZONE,Vademnagar
Chittoor,Chittoor,ZONE,Kandadu
Kannur,Kannur,ZONE,Kanhirode
Kannur,Kannur,ZONE,Thavam
Kottayam,Kottayam,ZONE,Thiruvanpady
Kozhikode,Kozhikode,ZONE,Chakkittapara
Kozhikode,Kozhikode,ZONE,Vayikkilassery
Warangal,Warangal,ZONE,Timmapur
Chittoor,Chittoor,ZONE,Kandriga
Salem,Salem,ZONE,Puthiragoundampalayam
Kanpur,Kakadeo,ZONE,Hns Nagar
Chittoor,Chittoor,ZONE,Pakala
Kolkata,Central,ZONE,Raipur Jorabagan Road
Delhi,Rohini,ZONE,Rohini Sector 14
Mumbai,Bandra,ZONE,Bandra
Mumbai,Fort area,ZONE,Bhuleshwar
Amritsar,Amritsar,ZONE,Tur
Guntur,Guntur,ZONE,Davuluru
Erode,Erode,ZONE,Getticheyur
Jakarta,Cengkareng/Penjaringan/Kalideres,ZONE,Pademangan
São Paulo,Bela Vista,ZONE,Santa Cecília
Nashik,Gangapur Road,ZONE,Anandvalli
Hooghly,Hooghly,ZONE,Baidyabati
North 24 Parganas,North 24 Parganas,ZONE,Nayapally
Kottayam,Kottayam,ZONE,Newsprint Nagar
Thiruvananthapuram,Thiruvananthapuram,ZONE,Manikanteswaram
Thiruvananthapuram,Thiruvananthapuram,ZONE,Poojapura Junction
Thiruvananthapuram,Thiruvananthapuram,ZONE,Titanium
Thrissur,Thrissur,ZONE,Perumpilavu
Tiruchirappalli,Tiruchirappalli,ZONE,Kolakkudi
Tirunelveli,Tirunelveli,ZONE,Battarpuram
Tirunelveli,Tirunelveli,ZONE,Devanallur
Bangalore,Majestic,ZONE,KG Road
Thiruvananthapuram,Thiruvananthapuram,ZONE,Palamkonam
Nellore,Nellore,ZONE,Palachur
Nellore,Nellore,ZONE,Gangulavaricheruvupalli
Aurangabad,Aurangabad,ZONE,Bidkingaon
Visakhapatnam,MVP,ZONE,Gondupalem
Visakhapatnam,MVP,ZONE,H B Colony
Erode,Erode,ZONE,Pattampalayam
Jaipur,Raja Park,ZONE,Raipur
Erode,Erode,ZONE,Gobichettipalayam
Karur,Karur,ZONE,Pungambadi
Karur,Karur,ZONE,Viswanathapuri
São Paulo,Mooca,ZONE,Vila Carrão
Madurai,Madurai,ZONE,Athipatti
Nashik,Panchavati,ZONE,Durga Nagar
Hooghly,Hooghly,ZONE,Babnan
North 24 Parganas,North 24 Parganas,ZONE,Talpukur
East Khasi Hills,Shillong-East Khasi Hills,ZONE,Diengiei
Singapore,Tampines,ZONE,Marine Parade
Ernakulam,Panampilly Nagar,ZONE,Chittoor-ekm
Ranchi,Ranchi,ZONE,Dahusodang
Ranchi,Ranchi,ZONE,Piskanagri
Salem,Salem,ZONE,Singiripatti
Mysore,Mysore,ZONE,Devaraja Mohalla
Ernakulam,Panampilly Nagar,ZONE,Ayyappankavu
Ranchi,Ranchi,ZONE,Lodhma
Guntur,Guntur,ZONE,Turkapalem
Guntur,Guntur,ZONE,Veldurthy
Karur,Karur,ZONE,Porani
Nellore,Nellore,ZONE,Gudipallipadu
Tangerang,Tangerang,ZONE,Gunung Sari
Tangerang,Tangerang,ZONE,Kedaung
Taguig,Taguig Region,ZONE,San Joaquín
Ahmedabad,Saraspur,ZONE,Meghaningar
Ahmedabad,Naranpura,ZONE,O N G C
Karur,Karur,ZONE,Nungavaram
Vijayawada,Suryaraopet,ZONE,Satyanarayanapuram
Nellore,Nellore,ZONE,Kodavaluru
Madurai,Madurai,ZONE,Mettupatti
Tangerang,Tangerang,ZONE,Sudimara Pinang
Tangerang,Tangerang,ZONE,Sindang Asih
San Juan,San Juan Region,ZONE,Harapin Ang Bukas
Delhi,Malviya nagar,ZONE,Jor Bagh
Ernakulam,Kakkanad,ZONE,Mudakuzha
Bhubaneswar,Bhubaneswar,ZONE,S.E Rly.Proj. Complex
Ernakulam,Panampilly Nagar,ZONE,Perumpilly
Jakarta,Kebayoran/Bintaro,ZONE,Kramat Pela
North 24 Parganas,North 24 Parganas,ZONE,Simulia Kalibari
Bangalore,JP Nagar,ZONE,JP Nagar 5 Phase
Allahabad,Allahabad,ZONE,Prayag
Aurangabad (BH),Aurangabad (BH),ZONE,Seoli Khaira
Kozhikode,Kozhikode,ZONE,Chemancheri
Aurangabad (BH),Aurangabad (BH),ZONE,Baligaon
Allahabad,Allahabad,ZONE,Kiraon
Lucknow,Aliganj,ZONE,R P Line
Guntur,Guntur,ZONE,Yeletipalem
Hooghly,Hooghly,ZONE,Chinsurah
Hooghly,Hooghly,ZONE,Bhadur
Tangerang,Tangerang,ZONE,Sindang Sari
Allahabad,Allahabad,ZONE,Kydgang
Kolkata,Central,ZONE,Colootola
Mumbai,Goregaon,ZONE,Jogeshwari West
Kottayam,Kottayam,ZONE,Nattassery S H Mount
Ludhiana,Ludhiana Zone 1,ZONE,Subhash Nagar
Ahmedabad,Naranpura,ZONE,Nava Vadaj
Ahmedabad,Maninagar,ZONE,Navapura
Meerut,Shastri Nagar,ZONE,Shastri Nagar
Karur,Karur,ZONE,Alamarathupatti
Karur,Karur,ZONE,Manavadi
Hooghly,Hooghly,ZONE,Alati
Faridabad,Faridabad,ZONE,New Industrial Township 1
Faridabad,Faridabad,ZONE,Sector 15
Gurgaon,Manesar,ZONE,Gurgaon Sector 84
Noida,Sector 71,ZONE,Sector 52
Faridabad,Faridabad,ZONE,"G Motors, Sector-11"
Lucknow,Hazratganj,ZONE,Pateona
Erode,Erode,ZONE,Sokkumaripalayam
Erode,Erode,ZONE,Thamaraipalayam
Salem,Salem,ZONE,Maramangalathupatti
Faridabad,Faridabad,ZONE,Sector-12
Bhopal,East Bhopal,ZONE,Indrapuri
Kanpur,Chunniganj,ZONE,Civil Lines
Allahabad,Allahabad,ZONE,Mamfordganj
Hooghly,Hooghly,ZONE,Bandel Junction
Mumbai,Tardeo,ZONE,Chinchpokli
Vadodara,Waghodia Road,ZONE,Manjusar
Nellore,Nellore,ZONE,Damaramadugu
Ernakulam,Tripunithura,ZONE,Mannathur
Madurai,Madurai,ZONE,Veppampatti
Salem,Salem,ZONE,Savariyarpalayam
Mangalore,Mangalore,ZONE,Nellikar
Ernakulam,Kakkanad,ZONE,Neericode
Hooghly,Hooghly,ZONE,Tinna
North 24 Parganas,North 24 Parganas,ZONE,Barrackpore Bazar
North 24 Parganas,North 24 Parganas,ZONE,Murighata
Guntur,Guntur,ZONE,Kothapeta
Jaipur,Vidhyadhar Nagar,ZONE,Road No-5 Vkia
Jaipur,Vidhyadhar Nagar,ZONE,Tripolia Bazar
Faridabad,Faridabad,ZONE,Northern India
Madurai,Madurai,ZONE,Vannivelampatti
Madurai,Madurai,ZONE,A.Kokkulam
Hooghly,Hooghly,ZONE,Kalachara
North 24 Parganas,North 24 Parganas,ZONE,Bira Ballavepara
North 24 Parganas,North 24 Parganas,ZONE,Chandipur
Meerut,Sadar Bazaar,ZONE,Baghpat Gate
Delhi,Shahdara,ZONE,Dilshad Garden
Ernakulam,Panampilly Nagar,ZONE,Ernakulam College
Kannur,Kannur,ZONE,Kunhimangalam
Guwahati,Guwahati,ZONE,I I T
Hyderabad,Marredpally,ZONE,Mettuguda
Salem,Salem,ZONE,Neyyamalai
Lucknow,Aliganj,ZONE,Asti
Bilaspur,Bilaspur,ZONE,Spinning Mills Bilaspur
Hooghly,Hooghly,ZONE,Chandraban
Kolkata,Central,ZONE,Narkeldanga
Taguig,Taguig Region,ZONE,Barangka
Hyderabad,Sanath nagar,ZONE,IDPL Colony
Noida,Sector 50,ZONE,Sector 41
Mysore,Mysore,ZONE,Vijaynagar II Stage
São Paulo,Lapa,ZONE,Vila Lageado
Mysore,Mysore,ZONE,Sindhuvalli
North Goa,North Goa,ZONE,Anjuna
Ranchi,Ranchi,ZONE,Saiko
Madurai,Madurai,ZONE,Kappalur
Jakarta,Cempaka Putih/Kemayoran/Menteng/Tanah abang,ZONE,Tanah Tinggi
Tangerang,Tangerang,ZONE,Bakung
North 24 Parganas,North 24 Parganas,ZONE,Rajarhat Bishnupur
North 24 Parganas,North 24 Parganas,ZONE,Bishpur
Bangalore,Yelahanka,ZONE,Kannuru
Hyderabad,Kachiguda,ZONE,Koti
Ahmedabad,Naranpura,ZONE,Gota
Jaipur,Jhotwara,ZONE,Jhotwara
Kannur,Kannur,ZONE,Pappinisseri West
Hooghly,Hooghly,ZONE,Hirapur
Kozhikode,Kozhikode,ZONE,Korothroad
Thiruvananthapuram,Thiruvananthapuram,ZONE,Puthencurichy
Nellore,Nellore,ZONE,Pandipadu
Madurai,Madurai,ZONE,Erkudi Achampathu
North 24 Parganas,North 24 Parganas,ZONE,Makhalgacha
Mysore,Mysore,ZONE,Ambalare
Ernakulam,Panampilly Nagar,ZONE,Mattancherry
Kannur,Kannur,ZONE,Kozhichal
Chittoor,Chittoor,ZONE,Sadasivapuram
Agra,Agra City,ZONE,G.M Khan
Aurangabad (BH),Aurangabad (BH),ZONE,Bairia
Lucknow,Aliganj,ZONE,Sadrauna
Aurangabad (BH),Aurangabad (BH),ZONE,Angara
Ernakulam,Kakkanad,ZONE,Choondakuzhy
Kannur,Kannur,ZONE,Kannoth
Kannur,Kannur,ZONE,Mangattidam
Jakarta,Cempaka Putih/Kemayoran/Menteng/Tanah abang,ZONE,Cempaka Putih
Nellore,Nellore,ZONE,Isakapalem
Bilaspur,Bilaspur,ZONE,Seepat
Guntur,Guntur,ZONE,Rupenagunta
Ludhiana,Ludhiana Zone 3,ZONE,L.I.C. Dugri
Kannur,Kannur,ZONE,Peringadi
Tangerang,Tangerang,ZONE,Kayu Agung
Tangerang,Tangerang,ZONE,Sangiang
Delhi,Karol bagh,ZONE,Inder Puri
Kolkata,Jadavpur,ZONE,Jadavgarh
Mangalore,Mangalore,ZONE,Balkunje
Kannur,Kannur,ZONE,Kuniyampuzha
Mysore,Mysore,ZONE,Periyapatna Fort
Kannur,Kannur,ZONE,Mattanur College
Madurai,Madurai,ZONE,Mangulam
Quezon City,Quezon Region,ZONE,Socorro
North 24 Parganas,North 24 Parganas,ZONE,Petrapole
São Paulo,Jabaquara,ZONE,Jardim Brasil (Zona Sul)
Bangalore,BTM Layout,ZONE,Tavarekere
Kottayam,Kottayam,ZONE,Pulikkallu
Ranchi,Ranchi,ZONE,Chinarpurio
Kannur,Kannur,ZONE,Karthikapuram
Nellore,Nellore,ZONE,Gudali
Nellore,Nellore,ZONE,Tinnelapudi
Nellore,Nellore,ZONE,Jaladevi
Nellore,Nellore,ZONE,Kakolluvaripalli
Bangalore,shivajinagar + MG Road,ZONE,Brigade Road
Allahabad,Allahabad,ZONE,Pachera
Bilaspur,Bilaspur,ZONE,Jarhagaon
Amritsar,Amritsar,ZONE,Mohar
Amritsar,Amritsar,ZONE,EPPF Basant Avenue
North Goa,North Goa,ZONE,Arpora
Guntur,Guntur,ZONE,Vipparlapalle
Guntur,Guntur,ZONE,Pamidipadu
Karur,Karur,ZONE,Manavasi
Madurai,Madurai,ZONE,Paravai
Tangerang,Tangerang,ZONE,Wana Kerta
Kolkata,Park street,ZONE,Mott Lane
Faridabad,Faridabad,ZONE,Sanjay Gandhi Memorial Nagar
São Paulo,Cidade Sao Mateus,ZONE,Jardim Aricanduva
Las Pinas,Las Pinas Region,ZONE,San Martin De Porres
North 24 Parganas,North 24 Parganas,ZONE,Jhawdanga
Bangalore,Hebbal + HBR layout,ZONE,Bhoopasandra
Mangalore,Mangalore,ZONE,Jokatte
Kottayam,Kottayam,ZONE,Karukachal
Kozhikode,Kozhikode,ZONE,Santhi Nagar
Aurangabad,Aurangabad,ZONE,Dr. B.A. Marathwada University
Nellore,Nellore,ZONE,Vatambedu
Nashik,Mumbai Naka,ZONE,Pathardi
Warangal,Warangal,ZONE,Manneguda
Tirunelveli,Tirunelveli,ZONE,Oothu
Warangal,Warangal,ZONE,Topanapalli
Lucknow,Gomtinagar,ZONE,Bakkash
Guntur,Guntur,ZONE,Kothapalem
Hooghly,Hooghly,ZONE,Boinchi
Hooghly,Hooghly,ZONE,Anandanagar
Nellore,Nellore,ZONE,Kaligiri
Jakarta,Cilandak/Pasar Minggu,ZONE,Tanjung Barat
Salem,Salem,ZONE,Semmandapatti
Tangerang,Tangerang,ZONE,Bojong Nangka
Tangerang,Tangerang,ZONE,Waliwis
Hooghly,Hooghly,ZONE,Krishanagar
Hooghly,Hooghly,ZONE,Nabagram
Hooghly,Hooghly,ZONE,Sheoraphuli
Taguig,Taguig Region,ZONE,San Pedro
Ahmedabad,Memnagar,ZONE,Sola
Jamshedpur,Jamshedpur,ZONE,Telco Works
Ranchi,Ranchi,ZONE,Bongaibera
Mysore,Mysore,ZONE,Yadakola
Delhi,Janakpuri,ZONE,Vikas Puri
Kozhikode,Kozhikode,ZONE,Kayanna
Thiruvananthapuram,Thiruvananthapuram,ZONE,Kurakkada
Thrissur,Thrissur,ZONE,Chentrappinni
Thrissur,Thrissur,ZONE,Thalore
Nellore,Nellore,ZONE,Timmanaidupeta
Aurangabad,Aurangabad,ZONE,Pal
Aurangabad,Aurangabad,ZONE,Hatti
Warangal,Warangal,ZONE,Edulapalli
Kozhikode,Kozhikode,ZONE,Koombara Bazar
Nellore,Nellore,ZONE,Nedurupalli
Tiruchirappalli,Tiruchirappalli,ZONE,Marudur
Aurangabad,Aurangabad,ZONE,Palaskheda
Warangal,Warangal,ZONE,Nagireddipalli
Warangal,Warangal,ZONE,Pochannapet
Warangal,Warangal,ZONE,Domeda
Allahabad,Allahabad,ZONE,Singra Mau
Kanpur,Swaroop Nagar,ZONE,Agriculture College
Bhubaneswar,Bhubaneswar,ZONE,Kakarudrapur
Chittoor,Chittoor,ZONE,Nidigunta
Chittoor,Chittoor,ZONE,Pravalvanneswarapuram
Guntur,Guntur,ZONE,Kattubadivaripalem
Guntur,Guntur,ZONE,Morampudi
Aurangabad (BH),Aurangabad (BH),ZONE,Ithat
Amritsar,Amritsar,ZONE,Kot Dharam Chand Kalan
Guntur,Guntur,ZONE,Pedakakani
Kolkata,Salt lake,ZONE,Pathuriaghata
Delhi,Rohini,ZONE,Rohini Sector 15
Guntur,Guntur,ZONE,Annavarappadu
Tangerang,Tangerang,ZONE,Pajang
Nashik,Mumbai Naka,ZONE,Tagore Nagar
Hooghly,Hooghly,ZONE,Makalpur
Hooghly,Hooghly,ZONE,Nimdangi
North 24 Parganas,North 24 Parganas,ZONE,Bena
South Goa,South Goa,ZONE,Carmona
Faridabad,Faridabad,ZONE,NSSO NH-IV
Bangalore,Koramangala,ZONE,Ejipura
Mysore,Mysore,ZONE,Chakkur
Mysore,Mysore,ZONE,Bannikuppe
Mysore,Mysore,ZONE,Vatalu
Kannur,Kannur,ZONE,Pariyaram Medical College
Kottayam,Kottayam,ZONE,Mevada
Thrissur,Thrissur,ZONE,Varakara
Tiruchirappalli,Tiruchirappalli,ZONE,Manaparai R.S
Warangal,Warangal,ZONE,Ramarajpalli
Warangal,Warangal,ZONE,Vuyyalawada
Kottayam,Kottayam,ZONE,Akkarapadom
Kottayam,Kottayam,ZONE,Pious Mount
Kozhikode,Kozhikode,ZONE,Edakulam Koyilandi
Tirunelveli,Tirunelveli,ZONE,Ravanasamudram
Allahabad,Allahabad,ZONE,Beerapur
Delhi,Janakpuri,ZONE,Maya Puri
Guntur,Guntur,ZONE,Agnigundala
Tangerang,Tangerang,ZONE,Cimone Jaya
Agra,Agra City,ZONE,Chimman Lal Road
Aurangabad (BH),Aurangabad (BH),ZONE,Dugul
Bilaspur,Bilaspur,ZONE,Bagadi
Bilaspur,Bilaspur,ZONE,Putipakhna
Ahmedabad,Saraspur,ZONE,Naroda
Guntur,Guntur,ZONE,Idupalli
Guntur,Guntur,ZONE,Chagallu
North Goa,North Goa,ZONE,Mandrem
Amritsar,Amritsar,ZONE,Jahangir
Coimbatore,Singanallur,ZONE,Peelamedu East
Erode,Erode,ZONE,Arikkaranvalasu
Tangerang,Tangerang,ZONE,Karang Anyar
Kolkata,Central,ZONE,Kalakar Street
Mysore,Mysore,ZONE,Vajamangala
Thrissur,Thrissur,ZONE,Tirur
Salem,Salem,ZONE,Sanniyasigundu
Tirunelveli,Tirunelveli,ZONE,Samaria
Aurangabad,Aurangabad,ZONE,Hanumantkheda
Warangal,Warangal,ZONE,Guruvannapet
Bhubaneswar,Bhubaneswar,ZONE,Mancheswar
Dantewada,Dantewada,ZONE,Errabore
Guntur,Guntur,ZONE,Regulagadda
Lucknow,Ashiyana,ZONE,Meeraknagar
Tirunelveli,Tirunelveli,ZONE,Vadanathampatti
Bilaspur,Bilaspur,ZONE,Muru
Delhi,Preet vihar,ZONE,Geeta Colony
Guntur,Guntur,ZONE,Perecherla
Meerut,Sadar Bazaar,ZONE,Abulane
Guntur,Guntur,ZONE,Nallurupalem
North 24 Parganas,North 24 Parganas,ZONE,Bermajur
Gurgaon,Sector43,ZONE,Gurgaon Sector 41
Chennai,Chennai South East 1,ZONE,Pudupakkam
Faridabad,Faridabad,ZONE,Marraoli
Hooghly,Hooghly,ZONE,Debanandapur
Guntur,Guntur,ZONE,Mandepudi
Kolkata,Park street,ZONE,Park Circus
Delhi,Rohini,ZONE,Rohini Sector 13
Aurangabad,Aurangabad,ZONE,Sangram Nagar
Mumbai,Powai,ZONE,LBS Marg
Panchkula,Panchkula,ZONE,Bharog
Mohali,Mohali,ZONE,Sector- 85
Ranchi,Ranchi,ZONE,Kokar
Mysore,Mysore,ZONE,Jakkahalli
Ernakulam,Panampilly Nagar,ZONE,Kochi M.G.Road
Mysore,Mysore,ZONE,Rangasamudra
Kannur,Kannur,ZONE,Thabore
Nellore,Nellore,ZONE,Vinjamur
Aurangabad,Aurangabad,ZONE,Adul Budruk
Pune,Kothrud,ZONE,Ganeshkhind
Pune,Kothrud,ZONE,Model Colony
Pune,Aundh,ZONE,Baner
Bangalore,Majestic,ZONE,Shantinagar
Tirunelveli,Tirunelveli,ZONE,Seethaparpanallur
Warangal,Warangal,ZONE,Haripirala
Chittoor,Chittoor,ZONE,Nesanur
Lucknow,Ashiyana,ZONE,Pawanpuri
Bilaspur,Bilaspur,ZONE,Pendra Road R.S.
Lucknow,Hazratganj,ZONE,Daulatpur
North Goa,North Goa,ZONE,Dhagalim
North Goa,North Goa,ZONE,Mulgao
North Goa,North Goa,ZONE,Navelim
Erode,Erode,ZONE,Edakkalpadi
Erode,Erode,ZONE,Kundadam
Madurai,Madurai,ZONE,Vavidaimaruthur
Mumbai,Tardeo,ZONE,Tardeo
Mysore,Mysore,ZONE,Vidyapeetha
Kannur,Kannur,ZONE,Pathayakunnu
Thrissur,Thrissur,ZONE,Kecheri
Nellore,Nellore,ZONE,Velagalaponnur
Nagpur,Ramdaspeth,ZONE,Dharampeth
Bhubaneswar,Bhubaneswar,ZONE,Udyan Marg
Chittoor,Chittoor,ZONE,Tenebanda
Kottayam,Kottayam,ZONE,Kidangoor
Kozhikode,Kozhikode,ZONE,Tiruvambadi
Thiruvananthapuram,Thiruvananthapuram,ZONE,Attakulangara
Tiruchirappalli,Tiruchirappalli,ZONE,Kuthur
Pune,Aundh,ZONE,Aundh
Warangal,Warangal,ZONE,Itikalapalli
Chittoor,Chittoor,ZONE,Pachigunta
Warangal,Warangal,ZONE,Raghunath Pally
Chittoor,Chittoor,ZONE,64-peddur
Amritsar,Amritsar,ZONE,Algon Khurd
Delhi,Nehru place,ZONE,Pul Pahladpur
Kolkata,Central,ZONE,Ahritola
Chittoor,Chittoor,ZONE,Aragonda
Chandigarh,Sector 36,ZONE,Sector-38
Puducherry,Puducherry,ZONE,Poothurai
Mysore,Mysore,ZONE,Krishna Rajendra Circle
Mysore,Mysore,ZONE,Horalavadi
Ernakulam,Tripunithura,ZONE,Kadamattam
Ernakulam,Tripunithura,ZONE,Avoly
Kannur,Kannur,ZONE,Aralam Farm
Warangal,Warangal,ZONE,Pogullapalli
Tirunelveli,Tirunelveli,ZONE,Vadakangulam
Tirunelveli,Tirunelveli,ZONE,Vadalivilai
Thiruvananthapuram,Thiruvananthapuram,ZONE,Tholicode
Thrissur,Thrissur,ZONE,Chimoni Dam
Nellore,Nellore,ZONE,Kothapalli
Patna,Raja Bazar,ZONE,Rastra Nagar Rarha
Chandigarh,Sector 20,ZONE,Airforce Highground
Chittoor,Chittoor,ZONE,Irugulam
Tiruchirappalli,Tiruchirappalli,ZONE,Teppakulam
Tiruchirappalli,Tiruchirappalli,ZONE,Maruvathur
Bhubaneswar,Bhubaneswar,ZONE,Baramunda Colony
Bhubaneswar,Bhubaneswar,ZONE,Jagannathpur
Warangal,Warangal,ZONE,Ramanakkapet
Guntur,Guntur,ZONE,Jalalapuram
North Goa,North Goa,ZONE,Goa University
Erode,Erode,ZONE,Elathur Chettipalayam
Aurangabad (BH),Aurangabad (BH),ZONE,Jalna Road
Aurangabad (BH),Aurangabad (BH),ZONE,Chauria
Chittoor,Chittoor,ZONE,Sompalem
Salem,Salem,ZONE,Naduvalur
Nashik,Panchavati,ZONE,Shalimar
Dantewada,Dantewada,ZONE,Talnar
Chittoor,Chittoor,ZONE,Chedalla
Chittoor,Chittoor,ZONE,Kotevaripalle
Patna,Kankarbagh,ZONE,Mithapur
Nellore,Nellore,ZONE,Chittepalli
Indore,Old Indore,ZONE,Indore Collectorate
Indore,Sapna Sangeeta,ZONE,Lokmanya Nagar Indore
Chittoor,Chittoor,ZONE,Panagal
Chittoor,Chittoor,ZONE,Kapugunneri
Kottayam,Kottayam,ZONE,Arunoottimangalam
Thrissur,Thrissur,ZONE,Thekkumkara
Aurangabad,Aurangabad,ZONE,Nagapur
Aurangabad,Aurangabad,ZONE,Borsar BK
Warangal,Warangal,ZONE,Lingal
Allahabad,Allahabad,ZONE,Akorha
Aurangabad (BH),Aurangabad (BH),ZONE,Karsara
Bilaspur,Bilaspur,ZONE,Amora
Guntur,Guntur,ZONE,Penumarru
Guntur,Guntur,ZONE,Visadala
Guntur,Guntur,ZONE,Alapadu
Nellore,Nellore,ZONE,Zammavaram
Vadodara,Raopura,ZONE,Maneja
Panchkula,Panchkula,ZONE,Raiwali
Jakarta,Mangga Besar/Mangga Dua,ZONE,Sawah Besar
Chittoor,Chittoor,ZONE,Budithireddipalle
Aurangabad (BH),Aurangabad (BH),ZONE,Samser Nagar
Chittoor,Chittoor,ZONE,Padiredu
Amritsar,Amritsar,ZONE,Chhidan
Jaipur,C Scheme,ZONE,Ashok Nagar
Erode,Erode,ZONE,Avalpundurai
Tangerang,Tangerang,ZONE,Pondok Bahar
North 24 Parganas,North 24 Parganas,ZONE,Purba Deuli
Hyderabad,Lb nagar,ZONE,Vanasthalipuram
Salem,Salem,ZONE,Thandanur
Navi Mumbai,Nerul,ZONE,Darave
Amritsar,Amritsar,ZONE,Vairowal Bawian
Gurgaon,Sohna,ZONE,Maruti Kunj
Gurgaon,CivilLines,ZONE,Gurgaon Sector 30
Faridabad,Faridabad,ZONE,Sector-23
Greater Noida,Greater Noida,ZONE,Alpha I
Gurgaon,Badsharpur,ZONE,South City-II
Mohali,Mohali,ZONE,Bassian Brahman
Nellore,Nellore,ZONE,Kunkuvaripalem
Madurai,Madurai,ZONE,Buthagudi
Kannur,Kannur,ZONE,Chempanthotty
São Paulo,Mooca,ZONE,Pari
Singapore,City,ZONE,Bayfront Avenue
Madurai,Madurai,ZONE,Sulapuram
Salem,Salem,ZONE,Palamalai Hills
North 24 Parganas,North 24 Parganas,ZONE,Monirampore
South Goa,South Goa,ZONE,Fatorda
Faridabad,Faridabad,ZONE,Sector-7
Faridabad,Faridabad,ZONE,Sector-22
Ernakulam,Kakkanad,ZONE,Pulluvazhi
Kannur,Kannur,ZONE,Kalluvayal
Ludhiana,Ludhiana Zone 2,ZONE,Vikas nagar
Ludhiana,Ludhiana Zone 2,ZONE,Giaspura
Nellore,Nellore,ZONE,Patur
Ranchi,Ranchi,ZONE,"CGMT, BSNL"
São Paulo,Jabaquara,ZONE,Brooklin Paulista
Salem,Salem,ZONE,Amaragundhi
Mangalore,Mangalore,ZONE,Kadri Hills
Ernakulam,Tripunithura,ZONE,Nadakkavu
Kottayam,Kottayam,ZONE,Thalumkal
Kottayam,Kottayam,ZONE,Urakkanadu
Kottayam,Kottayam,ZONE,Amalagiri
Ernakulam,Panampilly Nagar,ZONE,Kochi Naval Base
Kannur,Kannur,ZONE,Rayarom
Kottayam,Kottayam,ZONE,Vakad
Thiruvananthapuram,Thiruvananthapuram,ZONE,Ayilam
Thiruvananthapuram,Thiruvananthapuram,ZONE,Pattom
Thrissur,Thrissur,ZONE,Puduruthy
Thrissur,Thrissur,ZONE,Chovvur
Thrissur,Thrissur,ZONE,Kolazhi Rm
Thrissur,Thrissur,ZONE,Kuriachira
Tiruchirappalli,Tiruchirappalli,ZONE,Peramangalam
Pune,Kothrud,ZONE,Sadashiv Peth
Erode,Erode,ZONE,Uttukuli Rs
Karur,Karur,ZONE,Neidalur
Salem,Salem,ZONE,Narasingapuram
Las Pinas,Las Pinas Region,ZONE,Don Galo
Allahabad,Allahabad,ZONE,Katra
Allahabad,Allahabad,ZONE,Achhola
Thiruvananthapuram,Thiruvananthapuram,ZONE,Sainik School
Thiruvananthapuram,Thiruvananthapuram,ZONE,Chakkai
Warangal,Warangal,ZONE,Neredupalli
Bangalore,Hebbal + HBR layout,ZONE,Mathikere - BEL
Allahabad,Allahabad,ZONE,Rokari
Allahabad,Allahabad,ZONE,Bhageshar
Lucknow,Ashiyana,ZONE,Shia Lines
Amritsar,Amritsar,ZONE,Hide Market
North Goa,North Goa,ZONE,Penha De France
North Goa,North Goa,ZONE,Tuem I E
Hooghly,Hooghly,ZONE,Telinipara
Chennai,Chennai Central,ZONE,Aminjikarai
Hyderabad,Trimulgherry,ZONE,Ecil
Nellore,Nellore,ZONE,Padmanabhasatram
Madurai,Madurai,ZONE,Sholavandan Bazaar
North 24 Parganas,North 24 Parganas,ZONE,Gopalnagar
Mangalore,Mangalore,ZONE,Mercara Hill
North Goa,North Goa,ZONE,Pratapnagar Harvale
Guntur,Guntur,ZONE,Kopalle
Guntur,Guntur,ZONE,Pedagadelavarru
Karur,Karur,ZONE,Kulittalai
Madurai,Madurai,ZONE,Ponnamangalam
Jakarta,Cilandak/Pasar Minggu,ZONE,Lebak Bulus
Bangalore,Hebbal + HBR layout,ZONE,Hegde Nagar
Nellore,Nellore,ZONE,Mudivarthi
Kannur,Kannur,ZONE,Tiruvangad
Aurangabad,Aurangabad,ZONE,Padampura
North 24 Parganas,North 24 Parganas,ZONE,Rajibpur
North 24 Parganas,North 24 Parganas,ZONE,Samudrapur
Hyderabad,Lb nagar,ZONE,DRDL
Hyderabad,Begumpet,ZONE,Sindhi Colony
Mysore,Mysore,ZONE,Bannur Santhemala
Kannur,Kannur,ZONE,Paral
Delhi,Karol bagh,ZONE,Pahar Ganj
Kakinada,Kakinada,ZONE,Atchampeta
Erode,Erode,ZONE,Erode Market
Erode,Erode,ZONE,Kallipatti
North 24 Parganas,North 24 Parganas,ZONE,Nakpul
Hooghly,Hooghly,ZONE,Gholdigrui
Guntur,Guntur,ZONE,Buddam
Guntur,Guntur,ZONE,Nagavaram
Pune,Pimpri chinchwad,ZONE,Pimple Gurav
Hooghly,Hooghly,ZONE,Singherbheri
Coimbatore,Gandhipuram,ZONE,Gandhipuram
Erode,Erode,ZONE,Thottipalayam
Kozhikode,Kozhikode,ZONE,Muttancheri
Thiruvananthapuram,Thiruvananthapuram,ZONE,Payattuvila
Tiruchirappalli,Tiruchirappalli,ZONE,Puthanatham
Tirunelveli,Tirunelveli,ZONE,Kaduvetti
Puducherry,Puducherry,ZONE,Karikalambakkam
Karur,Karur,ZONE,Renganathapuram
Nellore,Nellore,ZONE,Ramaswamypalli
Salem,Salem,ZONE,Malliakarai
Singapore,Clementi,ZONE,Queenstown
São Paulo,Jabaquara,ZONE,Vila Cruzeiro
Kolkata,Central,ZONE,Cossipore
Kozhikode,Kozhikode,ZONE,Punnasseri
Thiruvananthapuram,Thiruvananthapuram,ZONE,Perumkadavila
Nagpur,Sadar,ZONE,Panchsheel Nagar
Warangal,Warangal,ZONE,Visnoor
Erode,Erode,ZONE,Kalingarayanpalayam Pudur
Madurai,Madurai,ZONE,Vellalur
Tangerang,Tangerang,ZONE,Karangharja
Nashik,Panchavati,ZONE,Konark Nagar
Chittoor,Chittoor,ZONE,Srirangarajapuram
Aurangabad (BH),Aurangabad (BH),ZONE,Tarari
Allahabad,Allahabad,ZONE,Saraswatipur Urf Kaudhiyar
Lucknow,Ashiyana,ZONE,Bani
Lucknow,Hazratganj,ZONE,Chandganj
Amritsar,Amritsar,ZONE,Khadoor Sahib
Kozhikode,Kozhikode,ZONE,Poozhithode
Salem,Salem,ZONE,Sankaridrug
Salem,Salem,ZONE,Aranoothumalai
Aurangabad,Aurangabad,ZONE,Thergaon
Visakhapatnam,MVP,ZONE,Chepaluppada
Tiruchirappalli,Tiruchirappalli,ZONE,Ambikapuram
Tiruchirappalli,Tiruchirappalli,ZONE,Pallakadu
Bangalore,Electronics City,ZONE,Hennagara
Warangal,Warangal,ZONE,Borenarsapur
Ranchi,Ranchi,ZONE,Kurse
Hooghly,Hooghly,ZONE,Rameswarpur
Singapore,Clementi,ZONE,Pasir Panjang
Kozhikode,Kozhikode,ZONE,Karaparamba
Thrissur,Thrissur,ZONE,Kottanallur
Agra,Kamla Nagar,ZONE,N.V.Colony
Chittoor,Chittoor,ZONE,Miniki
Allahabad,Allahabad,ZONE,Chhiri
Guwahati,Guwahati,ZONE,Bharalumukh
Mysore,Mysore,ZONE,Doddabylalu
Tiruchirappalli,Tiruchirappalli,ZONE,Kokkudi
Thane,Thane Central,ZONE,Manpada
Allahabad,Allahabad,ZONE,Utraon
Patna,Raja Bazar,ZONE,Phulwarisharif
Dantewada,Dantewada,ZONE,Bheji
Tirunelveli,Tirunelveli,ZONE,Naduvakurichi
Chittoor,Chittoor,ZONE,T.T.D.Press
Allahabad,Allahabad,ZONE,Panwar
Chittoor,Chittoor,ZONE,Rishivalley
Aurangabad (BH),Aurangabad (BH),ZONE,Aranda
Chittoor,Chittoor,ZONE,Velkur
Delhi,Vasant kunj,ZONE,Vasant Vihar
Thrissur,Thrissur,ZONE,Enamakkal
Guntur,Guntur,ZONE,Municipal Office
Guntur,Guntur,ZONE,Yazali
Salem,Salem,ZONE,Kaveripuram
Tangerang,Tangerang,ZONE,Jambe
North 24 Parganas,North 24 Parganas,ZONE,Ambikapur Mamudpur
Noida,Sector 71,ZONE,Gaur City
Bangalore,Marathahalli,ZONE,Basavanagara
Ahmedabad,Maninagar,ZONE,Ghodasar
Singapore,Sengkang,ZONE,Buangkok
Bangalore,JP Nagar,ZONE,Nyanappana Halli
Aurangabad,Aurangabad,ZONE,Dhupkheda
Aurangabad,Aurangabad,ZONE,Issarwadi
East Khasi Hills,Shillong-East Khasi Hills,ZONE,Nongthymmai
Tirunelveli,Tirunelveli,ZONE,Karaichuthupudur
Bangalore,Banashankari + RR Nagar,ZONE,Padmanabhanagar
Ernakulam,Panampilly Nagar,ZONE,Ernakulam North
São Paulo,Cidade Sao Mateus,ZONE,Aricanduva
Hooghly,Hooghly,ZONE,Ragpur
Chittoor,Chittoor,ZONE,Magandlapalle
Aurangabad (BH),Aurangabad (BH),ZONE,Bara
Thiruvananthapuram,Thiruvananthapuram,ZONE,Anakudy
Thiruvananthapuram,Thiruvananthapuram,ZONE,Ayira
Thrissur,Thrissur,ZONE,Kunnappilly
Tiruchirappalli,Tiruchirappalli,ZONE,Alundalaipur
Tiruchirappalli,Tiruchirappalli,ZONE,Tirumanamedu
Tiruchirappalli,Tiruchirappalli,ZONE,Kalingamudayanpatti
Delhi,Mehrauli,ZONE,Saket
Delhi,Mehrauli,ZONE,Fatehpur Beri
Mohali,Mohali,ZONE,Geega Majra
Faridabad,Faridabad,ZONE,Baghola
Ernakulam,Panampilly Nagar,ZONE,Kumbalam
Erode,Erode,ZONE,Nallampatti
Guntur,Guntur,ZONE,Kunchanapalle
Guntur,Guntur,ZONE,Tadikonda
Karur,Karur,ZONE,Sukkaliyur
Hooghly,Hooghly,ZONE,Uttarpara
Warangal,Warangal,ZONE,Issipet
Chittoor,Chittoor,ZONE,Thettupalle
Aurangabad (BH),Aurangabad (BH),ZONE,Kanbehari
Kanpur,Chunniganj,ZONE,Narona Exchange
Dantewada,Dantewada,ZONE,Sonakuknar
Amritsar,Amritsar,ZONE,Tangra
Amritsar,Amritsar,ZONE,Jaura
Madurai,Madurai,ZONE,Vilacheri
Ahmedabad,Maninagar,ZONE,Lal Darwaja
Kolkata,Salt lake,ZONE,Parsibagan
Gurgaon,DLFPhaseI,ZONE,Gurgaon Sector 24
Amritsar,Amritsar,ZONE,Sarhali Mandan
Jaipur,Jhotwara,ZONE,Dantala Meena
Hooghly,Hooghly,ZONE,Chandanpur
Guntur,Guntur,ZONE,Gokanakonda
Karur,Karur,ZONE,Punjaipugalur
Guntur,Guntur,ZONE,Pathuru
Guntur,Guntur,ZONE,Kasipadu
Salem,Salem,ZONE,Egapuram
Mangalore,Mangalore,ZONE,Falnir
Mysore,Mysore,ZONE,Kabir Road
Ranchi,Ranchi,ZONE,Kone
Taguig,Taguig Region,ZONE,Santa Ana
San Juan,San Juan Region,ZONE,Salapán
Ahmedabad,Naranpura,ZONE,Jantanagar
Hooghly,Hooghly,ZONE,Kristarampur
Hooghly,Hooghly,ZONE,Kishorepur
Guntur,Guntur,ZONE,Marripalem
Kannur,Kannur,ZONE,Arabi
Faridabad,Faridabad,ZONE,Dighot
Gurgaon,DLFPhaseI,ZONE,Arjun Nagar
Chandigarh,Sector 36,ZONE,Sector-43
São Paulo,Morumbi,ZONE,Vila Progredior
Makati,Makati Region,ZONE,Pio del Pilar
Vadodara,Raopura,ZONE,Khanderao Market
Ernakulam,Kakkanad,ZONE,Brahmapuram
Ernakulam,Kakkanad,ZONE,Vengola
Pune,Vishrantwadi,ZONE,Koregaon Park
Pune,Bibvewadi,ZONE,Mukund Nagar
Allahabad,Allahabad,ZONE,Arai
Bhopal,Old Bhopal,ZONE,Lalghati
Salem,Salem,ZONE,Ariyanur
Kannur,Kannur,ZONE,Vijayagiri
Guntur,Guntur,ZONE,Brahmanakoduru
Guntur,Guntur,ZONE,Sankurathripadu
Erode,Erode,ZONE,Thukkachi
Hyderabad,Hitech city,ZONE,Gachibowli
Salem,Salem,ZONE,Marakkadai
Kannur,Kannur,ZONE,Randamkadavu
Delhi,Greater kailash,ZONE,Greater Kailash
Vadodara,Alkapuri,ZONE,Alkapuri
Thiruvananthapuram,Thiruvananthapuram,ZONE,Kumarapuram
Ranchi,Ranchi,ZONE,Sn Ganguly Road
Mangalore,Mangalore,ZONE,Mangalanthi
Ernakulam,Kakkanad,ZONE,Urulanthanni
Erode,Erode,ZONE,Kodumanal
Salem,Salem,ZONE,Kurumbapatti
Tangerang,Tangerang,ZONE,Budi Mulya
Hooghly,Hooghly,ZONE,Jayer
North 24 Parganas,North 24 Parganas,ZONE,Dakshin Panchpota
Faridabad,Faridabad,ZONE,Pali
Faridabad,Faridabad,ZONE,Bhartia Catlar Hamer
Ranchi,Ranchi,ZONE,Sosai
Kannur,Kannur,ZONE,Chalakkode
Salem,Salem,ZONE,Arurpatti
Kottayam,Kottayam,ZONE,Kattampack
Kozhikode,Kozhikode,ZONE,Memunda
Nellore,Nellore,ZONE,Yerikollu
Tiruchirappalli,Tiruchirappalli,ZONE,Srirangam North
Bangalore,Hebbal + HBR layout,ZONE,Narayanapura
Guntur,Guntur,ZONE,Narakoduru
Amritsar,Amritsar,ZONE,Bhoewali
Guntur,Guntur,ZONE,Chandrajupalem
Amritsar,Amritsar,ZONE,Distrillery Khasa
Hooghly,Hooghly,ZONE,Alipur Nayanagar
Erode,Erode,ZONE,Alangiam
Jakarta,Cengkareng/Penjaringan/Kalideres,ZONE,Pejagalan
Delhi,Nehru place,ZONE,Jasola
Ludhiana,Ludhiana Zone 3,ZONE,Pritm Nagar
Mangalore,Mangalore,ZONE,Kulshekar Churchgate
Ernakulam,Kakkanad,ZONE,Paravur Town
Kottayam,Kottayam,ZONE,Kurumpanadom
Nellore,Nellore,ZONE,Sullurpeta
Nellore,Nellore,ZONE,Palur
Warangal,Warangal,ZONE,Peddapendyal
Allahabad,Allahabad,ZONE,V N Marg
Hooghly,Hooghly,ZONE,Ganderpukur
Salem,Salem,ZONE,Mallikuttai
Ahmedabad,Saraspur,ZONE,Naroda I E
Faridabad,Faridabad,ZONE,Sihol
Ranchi,Ranchi,ZONE,Amlesha
Ranchi,Ranchi,ZONE,Arki
Puducherry,Puducherry,ZONE,Puducherry Courts
Kozhikode,Kozhikode,ZONE,Alli
Kozhikode,Kozhikode,ZONE,Calicut Beach
Visakhapatnam,MVP,ZONE,Gandigundam
Visakhapatnam,MVP,ZONE,Kothaparadesipalem
Tiruchirappalli,Tiruchirappalli,ZONE,Mutharasanallur
Nellore,Nellore,ZONE,Mohammadapuram
Bangalore,Koramangala,ZONE,Koramangala 8 Block
Guwahati,Guwahati,ZONE,Assam Engg. Institute
Patna,Rajendra Nagar,ZONE,Hazipur Belaur
Chandigarh,Sector 36,ZONE,Sector 22
Amritsar,Amritsar,ZONE,Banke
Allahabad,Allahabad,ZONE,Nehru Nagar
Guntur,Guntur,ZONE,Guntur Collectorate
Mohali,Mohali,ZONE,Parol
Kanpur,Chunniganj,ZONE,Farrashkhana
Lucknow,Hazratganj,ZONE,Fftc Indaurabagh
Bilaspur,Bilaspur,ZONE,Anda
Dantewada,Dantewada,ZONE,Pakhnar
Nellore,Nellore,ZONE,Chaparallapalli
Nellore,Nellore,ZONE,Nidigallu
Madurai,Madurai,ZONE,Samanatham
Delhi,Greater kailash,ZONE,Greater Kailash Part III
Delhi,Lajpat nagar,ZONE,Kilokri
Makati,Makati Region,ZONE,Palanan
Delhi,Dwarka,ZONE,Dwarka Sector 26
Ludhiana,Ludhiana Zone 3,ZONE,Guru Gian Vihar
North 24 Parganas,North 24 Parganas,ZONE,Noapara
Delhi,Rohini,ZONE,Rohini Sector 32
Mumbai,Mulund,ZONE,Bhandup
Anantapur,Anantapur,ZONE,Singanamala
Mumbai,Ghatkopar,ZONE,Vidyavihar
Panchkula,Panchkula,ZONE,Sector- 30
Singapore,Geylang,ZONE,Eunos
Faridabad,Faridabad,ZONE,Panhera Khurd
Faridabad,Faridabad,ZONE,Jawahar Colony
Bhubaneswar,Bhubaneswar,ZONE,Rajabazar
Mysore,Mysore,ZONE,Annur
Kannur,Kannur,ZONE,Kuttur
Kottayam,Kottayam,ZONE,Velanilam
Warangal,Warangal,ZONE,Muddunur
Warangal,Warangal,ZONE,Ghanpur
Allahabad,Allahabad,ZONE,Mandwa Bazar
Lucknow,Gomtinagar,ZONE,Industrial Area
Nellore,Nellore,ZONE,Chilamanchenu
Tiruchirappalli,Tiruchirappalli,ZONE,T.Sathanur
Warangal,Warangal,ZONE,Pasra
Bangalore,Yelahanka,ZONE,Byatarayanapura
Tirunelveli,Tirunelveli,ZONE,Tirumalapuram
Tirunelveli,Tirunelveli,ZONE,Rajaputhukudi
Amritsar,Amritsar,ZONE,Khem Karan
Amritsar,Amritsar,ZONE,Mehta Chowk
Tangerang,Tangerang,ZONE,Pasar Baru
Hooghly,Hooghly,ZONE,Uttarpara Bazar
Allahabad,Allahabad,ZONE,Panasa
Chittoor,Chittoor,ZONE,Kaliyambakam
Lucknow,Hazratganj,ZONE,R B Colony
Aurangabad (BH),Aurangabad (BH),ZONE,Kerap
Guntur,Guntur,ZONE,Koduru-komali
Guntur,Guntur,ZONE,Lemellepadu
Kolkata,Salt lake,ZONE,Belgachia Road
Chennai,Chennai South West 1,ZONE,Velachery
Bangalore,Electronics City,ZONE,Chandapura
Noida,Gejha,ZONE,Sector 105
Ahmedabad,Saraspur,ZONE,Raipur
Amritsar,Amritsar,ZONE,Bhuse
Lucknow,Aliganj,ZONE,Triveni Nagar
Hooghly,Hooghly,ZONE,Anur
Tangerang,Tangerang,ZONE,Pinang
Kolkata,Gariahat,ZONE,Chowbaga
Kolkata,Dum dum,ZONE,Durganagar
Mysore,Mysore,ZONE,Mallahalli
East Khasi Hills,Shillong-East Khasi Hills,ZONE,Kynton - U - Mon
Mangalore,Mangalore,ZONE,Kavur
Thiruvananthapuram,Thiruvananthapuram,ZONE,Koonthallur
Thrissur,Thrissur,ZONE,Kavida
Nellore,Nellore,ZONE,Bhaktavatsalanagar
East Khasi Hills,Shillong-East Khasi Hills,ZONE,Jongksha
Warangal,Warangal,ZONE,Kuravi
Agra,Taj Ganj,ZONE,Tajganj
Thiruvananthapuram,Thiruvananthapuram,ZONE,Vellumannady
Thiruvananthapuram,Thiruvananthapuram,ZONE,Poovachal
Chittoor,Chittoor,ZONE,Chembakur
Chittoor,Chittoor,ZONE,Madanapalle Society Colony
Chandigarh,Sector 20,ZONE,Mhc Manimajra
Nellore,Nellore,ZONE,Maneguntapadu
Bhubaneswar,Bhubaneswar,ZONE,Itipur
Chittoor,Chittoor,ZONE,Muthukuru
Guntur,Guntur,ZONE,Budampadu
Lucknow,Hazratganj,ZONE,Salempur
Allahabad,Allahabad,ZONE,Dhara
Kanpur,Kidwai Nagar,ZONE,Jarkala
Amritsar,Amritsar,ZONE,Dhundhai Wala
Amritsar,Amritsar,ZONE,Johal Dhai Wala
Guntur,Guntur,ZONE,Pallegunta
Jaipur,Jhotwara,ZONE,Khawa
Salem,Salem,ZONE,Reddipatti
North 24 Parganas,North 24 Parganas,ZONE,Paschim Malikberia
Erode,Erode,ZONE,Alukuli
Erode,Erode,ZONE,Ammankoil
Vijayawada,Benz Circle,ZONE,Benz Circle
Nellore,Nellore,ZONE,Pigilam
Indore,Vijaynagar,ZONE,Nipania
Delhi,Dwarka,ZONE,Dwarka Sector 24
Noida,Sector 50,ZONE,Sector 39
Noida,Gejha,ZONE,Sector 110
Ludhiana,Ludhiana Zone 3,ZONE,New Shiv puri
Lucknow,Vikas Nagar,ZONE,Jankipuram Extension
Salem,Salem,ZONE,Iruppali
Ernakulam,Panampilly Nagar,ZONE,Kumbalangi
Kottayam,Kottayam,ZONE,Manarcaudu
Kottayam,Kottayam,ZONE,Muttambalam
Kottayam,Kottayam,ZONE,Pulikkuttissery
Kottayam,Kottayam,ZONE,Vettimukal
Thrissur,Thrissur,ZONE,Ammadam
Aurangabad,Aurangabad,ZONE,Jaitkheda
Bangalore,shivajinagar + MG Road,ZONE,Museum Road
Tirunelveli,Tirunelveli,ZONE,Tachanallur
Chittoor,Chittoor,ZONE,Nayanicheruvupalle
Aurangabad (BH),Aurangabad (BH),ZONE,Pirthoo
Amritsar,Amritsar,ZONE,Dhariwal Kaler
North Goa,North Goa,ZONE,Gurim
Chennai,Chennai North,ZONE,Jawahar Nagar
Guntur,Guntur,ZONE,Perurupadu
Madurai,Madurai,ZONE,Alagappa Nagar
Nellore,Nellore,ZONE,Narampeta
Madurai,Madurai,ZONE,Madurai Corporation Building
Madurai,Madurai,ZONE,Mudalaikulam
Lucknow,Gomtinagar,ZONE,Vinamra khand
Salem,Salem,ZONE,Papparapatti
Tangerang,Tangerang,ZONE,Rajeg
Tangerang,Tangerang,ZONE,Sepatan
Surat,Varaccha,ZONE,Dindoli
Bangalore,Majestic,ZONE,Cubbonpet
East Khasi Hills,Shillong-East Khasi Hills,ZONE,Dawki
Mysore,Mysore,ZONE,Kamplapura
Mysore,Mysore,ZONE,Hanumanalu
Kottayam,Kottayam,ZONE,Ruby Nagar
Mysore,Mysore,ZONE,Kuppe
Kottayam,Kottayam,ZONE,Thrickodithanam
Kottayam,Kottayam,ZONE,Chakompathal
Kottayam,Kottayam,ZONE,Nariyanani
Kottayam,Kottayam,ZONE,Vizhikithode
Aurangabad,Aurangabad,ZONE,Kasoda
East Khasi Hills,Shillong-East Khasi Hills,ZONE,Mawput
Bangalore,Banaswadi,ZONE,Ramamurthy Nagar
Agra,Delhi Gate,ZONE,Bodla
Chittoor,Chittoor,ZONE,Beerakuppam
Bilaspur,Bilaspur,ZONE,Karri
Guntur,Guntur,ZONE,Vatticheruku
Amritsar,Amritsar,ZONE,Lopoke
Guntur,Guntur,ZONE,Karankivaripalem
Hooghly,Hooghly,ZONE,Balidewanganj
Coimbatore,Singanallur,ZONE,Sulur
Bilaspur,Bilaspur,ZONE,Khamhi
Delhi,South extension,ZONE,Kidwai Nagar West
Amritsar,Amritsar,ZONE,Kotla Sultan Singh
Hooghly,Hooghly,ZONE,Manaspur
Hooghly,Hooghly,ZONE,Bahirkhand
Thiruvananthapuram,Thiruvananthapuram,ZONE,Kilimanur Palace
Nellore,Nellore,ZONE,Pudur
Visakhapatnam,Gajuwaka,ZONE,Mindi
Tiruchirappalli,Tiruchirappalli,ZONE,Nagaiyanallur
East Khasi Hills,Shillong-East Khasi Hills,ZONE,Rangshken
Visakhapatnam,Gajuwaka,ZONE,Vemulavalasa
Tirunelveli,Tirunelveli,ZONE,Timmarajapuram
Kozhikode,Kozhikode,ZONE,Pokkunnu
Kozhikode,Kozhikode,ZONE,Pulluram Para
Kozhikode,Kozhikode,ZONE,Punnur - Cherupalam
Nellore,Nellore,ZONE,Varigonda
Tawang,Zimithang,ZONE,Sakpret
Guwahati,Guwahati,ZONE,Assam Tribune
Kozhikode,Kozhikode,ZONE,Mundur -- Kozhikode
Patna,Raja Bazar,ZONE,New Jakkanpur
Bhopal,East Bhopal,ZONE,Pipaliya Jaheerpeer
Aurangabad (BH),Aurangabad (BH),ZONE,Dhamni
Allahabad,Allahabad,ZONE,Purabnara
Bilaspur,Bilaspur,ZONE,Kaudia
Lucknow,Gomtinagar,ZONE,Chatauni
Rajahmundry,Rajahmundry,ZONE,Prakashnagar
Guntur,Guntur,ZONE,Chinkapalem
Erode,Erode,ZONE,Odathurai
Erode,Erode,ZONE,Oricheri
Erode,Erode,ZONE,Elumathur
Warangal,Warangal,ZONE,Kolkonda
Erode,Erode,ZONE,Karapadi
Salem,Salem,ZONE,Anaiyampatti
Jakarta,Cilandak/Pasar Minggu,ZONE,Pejaten Timur
Jakarta,Kebayoran/Bintaro,ZONE,Petukangan Selatan
Hooghly,Hooghly,ZONE,Garalgacha
Hooghly,Hooghly,ZONE,Kharsarai
Hooghly,Hooghly,ZONE,Panchgharabazar
Kolkata,Park street,ZONE,Asylum Lane
Tangerang,Tangerang,ZONE,Tanah Tinggi
North 24 Parganas,North 24 Parganas,ZONE,Kharupala
Chittoor,Chittoor,ZONE,Chittapara
Warangal,Warangal,ZONE,Agapet
Las Pinas,Las Pinas Region,ZONE,Moonwalk
Mumbai,Andheri west,ZONE,Lokhandwala
Mangalore,Mangalore,ZONE,Baikampady
Mysore,Mysore,ZONE,Hediyala
Thiruvananthapuram,Thiruvananthapuram,ZONE,Ookode
Thiruvananthapuram,Thiruvananthapuram,ZONE,Ottasekharamangalam
Thiruvananthapuram,Thiruvananthapuram,ZONE,Anayara
Indore,Old Indore,ZONE,Sachiv Madhyamik Shiksha Mandal Chiman Bag
Tiruchirappalli,Tiruchirappalli,ZONE,Devimangalam
Tiruchirappalli,Tiruchirappalli,ZONE,Sirupathur
Tirunelveli,Tirunelveli,ZONE,Merku Alwarkurichi
Chittoor,Chittoor,ZONE,Vepanjeri
Delhi,Lajpat nagar,ZONE,Lodhi Road
Kozhikode,Kozhikode,ZONE,Modakkallur
Tiruchirappalli,Tiruchirappalli,ZONE,Administrative Office
Kozhikode,Kozhikode,ZONE,Cheruvadi
Guntur,Guntur,ZONE,Maddirala
Indore,Palasia,ZONE,Indore Malwa Mill
Tiruchirappalli,Tiruchirappalli,ZONE,Nachilipatti
Guntur,Guntur,ZONE,Kurnuthala
Mohali,Mohali,ZONE,Naya Shehar
Erode,Erode,ZONE,Chikkahalli
Erode,Erode,ZONE,Sellappampalayam
Nellore,Nellore,ZONE,Yachavaram
Chittoor,Chittoor,ZONE,Narasingapuram
Chittoor,Chittoor,ZONE,Rangannagarigadda
Madurai,Madurai,ZONE,Podumbu
Jaipur,Vidhyadhar Nagar,ZONE,Dhola Ka Bas
Aurangabad (BH),Aurangabad (BH),ZONE,G. Kharma
Indore,Old Indore,ZONE,Khajuri Bazaar
Indore,Palasia,ZONE,Telephone Nagar
Mysore,Mysore,ZONE,T Narasipura
Ernakulam,Kakkanad,ZONE,Pattimattam
Kannur,Kannur,ZONE,Kandakai
Salem,Salem,ZONE,Salem Bazaar
Tiruchirappalli,Tiruchirappalli,ZONE,Minnathampatti
Tirunelveli,Tirunelveli,ZONE,Melapalayam
Tirunelveli,Tirunelveli,ZONE,Palayankottai High Grounds
Bangalore,BTM Layout,ZONE,Madiwala
Tirunelveli,Tirunelveli,ZONE,Perumanal
Chittoor,Chittoor,ZONE,Devalacheruvu
Allahabad,Allahabad,ZONE,Kumhawa
Patna,Rajendra Nagar,ZONE,Machhuatoli
Tiruchirappalli,Tiruchirappalli,ZONE,Tiruchirappalli Collectorate
Warangal,Warangal,ZONE,Nallikaddur
Tirunelveli,Tirunelveli,ZONE,Serndamangalam
Thiruvananthapuram,Thiruvananthapuram,ZONE,Peringamala
Tiruchirappalli,Tiruchirappalli,ZONE,Kattukulam
Tiruchirappalli,Tiruchirappalli,ZONE,Sundaikkai
Warangal,Warangal,ZONE,Paidipalli
Bangalore,Indiranagar,ZONE,Kaggadasapura
Chittoor,Chittoor,ZONE,Ellamanda
Bilaspur,Bilaspur,ZONE,Patgawan
Amritsar,Amritsar,ZONE,Fatehpur Rajputan
Guntur,Guntur,ZONE,Balijepalli
Guwahati,Guwahati,ZONE,Mlg Rly Hqs
Chandigarh,Sector 20,ZONE,"Staff Selection commission, Kendriya building, Sector-9"
Meerut,Saket Ganganagar,ZONE,Aseelpur
Guntur,Guntur,ZONE,Pedapuluguvaripalem
Jakarta,Cempaka Putih/Kemayoran/Menteng/Tanah abang,ZONE,Bungur
Faridabad,Faridabad,ZONE,Sector 32
North 24 Parganas,North 24 Parganas,ZONE,Duma
North 24 Parganas,North 24 Parganas,ZONE,Fultala
Erode,Erode,ZONE,Periyur
Nellore,Nellore,ZONE,Chunchuluru
Indore,Palasia,ZONE,Chhoti Gwaltoli
Las Pinas,Las Pinas Region,ZONE,Ayala Alabang
Kolkata,Tollygunge,ZONE,Taratala Road
Delhi,Rohini,ZONE,Rohini Sector 19
Ahmedabad,Saraspur,ZONE,Sub Foreign
Amritsar,Amritsar,ZONE,Cheema Kalan
Chandigarh,Sector 36,ZONE,Sector-25
Mohali,Mohali,ZONE,Sector-61
Salem,Salem,ZONE,Dadubaikuttai
Mangalore,Mangalore,ZONE,Chitrapu
Hooghly,Hooghly,ZONE,Rajabazar
Hooghly,Hooghly,ZONE,Badanganj
Erode,Erode,ZONE,Vallipurathanpalayam
Salem,Salem,ZONE,Perumampatti
Kanpur,Chunniganj,ZONE,Mall Road
Mysore,Mysore,ZONE,Gavadagere
Ernakulam,Kakkanad,ZONE,Chully
Kannur,Kannur,ZONE,Poduvachery
Panchkula,Panchkula,ZONE,Sector 8
Nellore,Nellore,ZONE,Sreedhanamalli
Mumbai,Dadar,ZONE,Wadala
Puducherry,Puducherry,ZONE,White Town
Faridabad,Faridabad,ZONE,Anangpur
Ernakulam,Kakkanad,ZONE,Desom
Kannur,Kannur,ZONE,Etakkad
Salem,Salem,ZONE,Attukaranur
Kannur,Kannur,ZONE,Mokeri
Ernakulam,Kakkanad,ZONE,Pezhakkappilly
Ernakulam,Kakkanad,ZONE,Palarivattom
Kottayam,Kottayam,ZONE,Kottayam Collectorate
Kottayam,Kottayam,ZONE,Kothavara
Kozhikode,Kozhikode,ZONE,Moilothara
Kozhikode,Kozhikode,ZONE,Thiruvallur
Thrissur,Thrissur,ZONE,Adat
Aurangabad,Aurangabad,ZONE,Takali Kadim
East Khasi Hills,Shillong-East Khasi Hills,ZONE,Khonjoy
East Khasi Hills,Shillong-East Khasi Hills,ZONE,Mawkdok
Salem,Salem,ZONE,Kandampatti
Kolkata,Central,ZONE,Great Eastern Hotel
Taguig,Taguig Region,ZONE,Bagong Katipunan
Warangal,Warangal,ZONE,Kondaparthy
Chittoor,Chittoor,ZONE,Patnam
Warangal,Warangal,ZONE,Gurrampaet
Dantewada,Dantewada,ZONE,Badelakhapal
Kozhikode,Kozhikode,ZONE,Maniyur
Thiruvananthapuram,Thiruvananthapuram,ZONE,Kovalam Beach
Thiruvananthapuram,Thiruvananthapuram,ZONE,PTP Jn
Pune,Ambegaon,ZONE,Pirangut
Warangal,Warangal,ZONE,Mamnoor
Tirunelveli,Tirunelveli,ZONE,Therku Madathur
Tirunelveli,Tirunelveli,ZONE,Vadakku Ariyanayagipuram Petta
Tirunelveli,Tirunelveli,ZONE,Tirunelveli Terku
Tirunelveli,Tirunelveli,ZONE,Parankundrapuram
Agra,Delhi Gate,ZONE,Artoni
Amritsar,Amritsar,ZONE,Butter Sivya
North Goa,North Goa,ZONE,Parxem
Erode,Erode,ZONE,Bagavankoil
Hyderabad,Nallakunta,ZONE,Tilak Nagar
Nellore,Nellore,ZONE,Botikerlapadu
Madurai,Madurai,ZONE,Madurai North
Madurai,Madurai,ZONE,Pandiarajapuram
Visakhapatnam,Gajuwaka,ZONE,Auto Nagar
Kolkata,Salt lake,ZONE,Bidhan Sarani
Delhi,Chanakyapuri,ZONE,Shanti Niketan
Surat,Athawa,ZONE,Bhestan
Mangalore,Mangalore,ZONE,Kinya
Mangalore,Mangalore,ZONE,Mangalagangothri
Mangalore,Mangalore,ZONE,Mangalore Collectorate
Jaipur,Vaishali Nagar,ZONE,Vidyut Bhawan
Chennai,Chennai South East 1,ZONE,Adyar
Karur,Karur,ZONE,Mushtakinathupatti
Salem,Salem,ZONE,Moongilpadi
Aurangabad,Aurangabad,ZONE,Jawahar Colony
North 24 Parganas,North 24 Parganas,ZONE,Sulkuniabad
Ahmedabad,Satellite,ZONE,Sarkhej
Kannur,Kannur,ZONE,Perundattil
Jaipur,Raja Park,ZONE,Moti Doongari Road
Nellore,Nellore,ZONE,Kotitheertham
Tangerang,Tangerang,ZONE,Cibogo
Chennai,Chennai South East 1,ZONE,Beach Road
Ahmedabad,Maninagar,ZONE,Gheekanta Road
Guntur,Guntur,ZONE,Namburu
Erode,Erode,ZONE,Varnapuram
Kozhikode,Kozhikode,ZONE,Peruvayal
Thiruvananthapuram,Thiruvananthapuram,ZONE,Keezharur
Thrissur,Thrissur,ZONE,Palayamparambu
Nellore,Nellore,ZONE,Chalamcherla
Faridabad,Faridabad,ZONE,Mandkola
São Paulo,Bela Vista,ZONE,Cerqueira César
Tangerang,Tangerang,ZONE,Ciakar
Kottayam,Kottayam,ZONE,Anthinad
Thrissur,Thrissur,ZONE,Maruthancode
Tiruchirappalli,Tiruchirappalli,ZONE,Elamanam
Tiruchirappalli,Tiruchirappalli,ZONE,Karumakavundanpatti
Tiruchirappalli,Tiruchirappalli,ZONE,Thiagesaralai
Warangal,Warangal,ZONE,Maheshwaram
Warangal,Warangal,ZONE,Narsakkapalli
Faridabad,Faridabad,ZONE,Mewala Maharajpur
Pune,Kothrud,ZONE,Law College Road
Nellore,Nellore,ZONE,Chinnagopavaram
Tangerang,Tangerang,ZONE,Parung Serab
Tangerang,Tangerang,ZONE,Binong
Ludhiana,Ludhiana Zone 1,ZONE,Chaura Bazar
Bangalore,BTM Layout,ZONE,Kodichikkanahalli
Ludhiana,Ludhiana Zone 1,ZONE,Green park
Tirunelveli,Tirunelveli,ZONE,Vadugapatti
Tirunelveli,Tirunelveli,ZONE,Rajapandi
Allahabad,Allahabad,ZONE,Janghai Bazar
Nellore,Nellore,ZONE,Chinnamachanur
Visakhapatnam,Gajuwaka,ZONE,Gopalapatnam
East Khasi Hills,Shillong-East Khasi Hills,ZONE,Mawroh
Warangal,Warangal,ZONE,Kootigal
Hooghly,Hooghly,ZONE,Kharua
Faridabad,Faridabad,ZONE,Sector 15A
Ahmedabad,Saraspur,ZONE,Civil Hospital
Faridabad,Faridabad,ZONE,Seekri
Warangal,Warangal,ZONE,Gollabudharam
Allahabad,Allahabad,ZONE,Bai Ka Bagh
Indore,Palasia,ZONE,Chairman M.P.PSC Residency Area
Ernakulam,Kakkanad,ZONE,Nellad
Ernakulam,Kakkanad,ZONE,Paravur Market
Aurangabad,Aurangabad,ZONE,Biloni
Warangal,Warangal,ZONE,Oorugonda
Bhubaneswar,Bhubaneswar,ZONE,Kalarahanga
Warangal,Warangal,ZONE,Devaruppal
Allahabad,Allahabad,ZONE,Dhokari
Chittoor,Chittoor,ZONE,Pallecheruvu
Amritsar,Amritsar,ZONE,Ram Talai
Guwahati,Guwahati,ZONE,Paltanbazar
Chittoor,Chittoor,ZONE,Rajupeta
Guntur,Guntur,ZONE,Konduru
Delhi,Malviya nagar,ZONE,Green Park
Amritsar,Amritsar,ZONE,Lakhna
Nellore,Nellore,ZONE,Allampadu
Bilaspur,Bilaspur,ZONE,Janji
Delhi,Shahdara,ZONE,Kailash Nagar
Delhi,Model town,ZONE,Ashok Vihar Phase 1
Guntur,Guntur,ZONE,Pedakodamagundla
Madurai,Madurai,ZONE,Uthapuram
Kannur,Kannur,ZONE,Thalassery
Tangerang,Tangerang,ZONE,Kadu Jaya
Nashik,Panchavati,ZONE,Omkar Nagar
North 24 Parganas,North 24 Parganas,ZONE,Nehalpur
Quezon City,Quezon Region,ZONE,San Isidro
Faridabad,Faridabad,ZONE,Feroz Gandhi Nagar
Nellore,Nellore,ZONE,Khaderpur
Salem,Salem,ZONE,Nirmullikuttai
Tirunelveli,Tirunelveli,ZONE,Vannarpettai
Ranchi,Ranchi,ZONE,HEC Adm Bldg
Salem,Salem,ZONE,Settiyur
Bhubaneswar,Bhubaneswar,ZONE,Paikerapur
Kannur,Kannur,ZONE,Karanthat
Warangal,Warangal,ZONE,Subedari
Kozhikode,Kozhikode,ZONE,Chevayur
Thrissur,Thrissur,ZONE,Nenmenikkara
Chandigarh,Sector 36,ZONE,Naya Gaon
Jakarta,Kebon Jeruk/Tomang/Slipi,ZONE,Kedoya Utara
Guntur,Guntur,ZONE,Govt. General Hospital
Meerut,Saket Ganganagar,ZONE,Bastora
Bhubaneswar,Bhubaneswar,ZONE,CRP Lines
Bhubaneswar,Bhubaneswar,ZONE,Jayapur
Delhi,Lajpat nagar,ZONE,Hazrat Nizamuddin
Guntur,Guntur,ZONE,Pallapatla
Guntur,Guntur,ZONE,Kotturu
Karur,Karur,ZONE,Nanjaipugalur
Karur,Karur,ZONE,Chinthalavadi
Jakarta,Setiabudi/Tebet/Kuningan,ZONE,Bangka
Madurai,Madurai,ZONE,Alagapuri
Tangerang,Tangerang,ZONE,Pabuaran Tumpeng
Hooghly,Hooghly,ZONE,Monirampur
North 24 Parganas,North 24 Parganas,ZONE,Bhatpara
Kannur,Kannur,ZONE,Pazhassikari
Warangal,Warangal,ZONE,Sarvapur
Chandigarh,Sector 36,ZONE,Sector 55
Lucknow,Aliganj,ZONE,Akariakalan
Bilaspur,Bilaspur,ZONE,Bilaspur R.S.
Meerut,Bacha Park,ZONE,Meerut Tehsil
North 24 Parganas,North 24 Parganas,ZONE,Rupmari
Erode,Erode,ZONE,Bhavanisagar
Erode,Erode,ZONE,Rajannagar
Bangalore,Marathahalli,ZONE,Bhoganahalli
Salem,Salem,ZONE,Siruvachur
Salem,Salem,ZONE,Thamaiyanur
Nashik,Nashik Road,ZONE,Deolali Gaon
Hooghly,Hooghly,ZONE,Jagatnagar
Madurai,Madurai,ZONE,M.Subbulapuram
Chandigarh,Sector 36,ZONE,Sector-32
Ranchi,Ranchi,ZONE,Marcha
Faridabad,Faridabad,ZONE,Siaroli
Salem,Salem,ZONE,D.Perumapalayam
Ranchi,Ranchi,ZONE,Sataki
Kannur,Kannur,ZONE,Elampara
North Goa,North Goa,ZONE,Panaji
South Goa,South Goa,ZONE,A.P.Terminal
North 24 Parganas,North 24 Parganas,ZONE,Ghuni
North 24 Parganas,North 24 Parganas,ZONE,Shyamnagar
Bangalore,Yelahanka,ZONE,Canara bank layout
Kottayam,Kottayam,ZONE,Thuruthy
Hooghly,Hooghly,ZONE,Mostafapur
Erode,Erode,ZONE,Nathachennigoundenvalasu
Erode,Erode,ZONE,Erahanahalli
Erode,Erode,ZONE,Soosaipuram
Vijayawada,Suryaraopet,ZONE,Seetharampuram
Nellore,Nellore,ZONE,Bommavaram
Thrissur,Thrissur,ZONE,Netumpura
Thrissur,Thrissur,ZONE,Parlikkad
Thrissur,Thrissur,ZONE,Avanur
Tiruchirappalli,Tiruchirappalli,ZONE,Arachi
North 24 Parganas,North 24 Parganas,ZONE,Chandua
Delhi,Dwarka,ZONE,Dwarka Sector 14
Hyderabad,Sanath nagar,ZONE,Chandra Nagar
Gurgaon,Sector43,ZONE,Gurgaon Sector 51
Gurgaon,Sector10,ZONE,Gurgaon Sector 7
Tirunelveli,Tirunelveli,ZONE,Viraraghavapuram
Chittoor,Chittoor,ZONE,Annur
Vadodara,Vasna Road,ZONE,Saiyed Vasna
São Paulo,Santana,ZONE,Vila Maria
Panchkula,Panchkula,ZONE,Sector- 18
Gurgaon,Sector43,ZONE,Sushant Lok III
Ranchi,Ranchi,ZONE,Hatu Ghaghra
Ernakulam,Kakkanad,ZONE,Kunjithai
Guntur,Guntur,ZONE,Tallacheruvu
Amritsar,Amritsar,ZONE,Gorala
Guntur,Guntur,ZONE,Jillellamudi
Guntur,Guntur,ZONE,Kolaganivaripalem
Amritsar,Amritsar,ZONE,Rampur Bhootwind
Hooghly,Hooghly,ZONE,Aslahari
Delhi,Preet vihar,ZONE,Yojana Vihar
Delhi,Pitampura,ZONE,Jahangirpuri
Noida,Sector 50,ZONE,Sector 48
Ernakulam,Tripunithura,ZONE,Ambalamugal
Ernakulam,Tripunithura,ZONE,Kakkad
Kannur,Kannur,ZONE,Poolakutty
Kannur,Kannur,ZONE,Vadakkumbad
Karur,Karur,ZONE,Malaikovil
Madurai,Madurai,ZONE,Tiruvadur
Nashik,Gangapur Road,ZONE,DGP Nagar
Hooghly,Hooghly,ZONE,Magura
North 24 Parganas,North 24 Parganas,ZONE,Bhebia
Mysore,Mysore,ZONE,G B Sargur
Mysore,Mysore,ZONE,Bilikere
Kannur,Kannur,ZONE,Cherikode
Kottayam,Kottayam,ZONE,Yendayar
Mysore,Mysore,ZONE,Somanahalli
Kottayam,Kottayam,ZONE,Ezhumanthuruth
Tiruchirappalli,Tiruchirappalli,ZONE,Sittalarai
Pune,Karve nagar,ZONE,Dhayari
Tiruchirappalli,Tiruchirappalli,ZONE,Arangoor
Bangalore,HSR Layout,ZONE,Singasandra
Chittoor,Chittoor,ZONE,Tenepalle
Lucknow,Ashiyana,ZONE,Piparsand
Amritsar,Amritsar,ZONE,Chogawan
Erode,Erode,ZONE,Talguni
Hyderabad,Marredpally,ZONE,Secunderabad
Tangerang,Tangerang,ZONE,Pasar Kemis
Delhi,Preet vihar,ZONE,Shankar Vihar
Pune,Kothrud,ZONE,Gokhale Nagar
Ludhiana,Ludhiana Zone 3,ZONE,Govind pura
Mangalore,Mangalore,ZONE,Muchur
Mysore,Mysore,ZONE,S Hoskote
Mysore,Mysore,ZONE,S K P Extension
Thiruvananthapuram,Thiruvananthapuram,ZONE,Chowara
Thiruvananthapuram,Thiruvananthapuram,ZONE,Mulluvila
Thrissur,Thrissur,ZONE,Chemmanthatta
Thrissur,Thrissur,ZONE,Elanad
Indore,Old Indore,ZONE,Sadar Bazar Indore
Aurangabad,Aurangabad,ZONE,Chittepimpalgaon
Tiruchirappalli,Tiruchirappalli,ZONE,Endapuli
Tiruchirappalli,Tiruchirappalli,ZONE,Kumaravadi
Tirunelveli,Tirunelveli,ZONE,Ayyanarkulam
Tirunelveli,Tirunelveli,ZONE,Pethanadarpatti
Tirunelveli,Tirunelveli,ZONE,Vallam
Allahabad,Allahabad,ZONE,Mendara
Allahabad,Allahabad,ZONE,Bithauli
Chittoor,Chittoor,ZONE,Cheekunatham
Chittoor,Chittoor,ZONE,Settipalle
Tangerang,Tangerang,ZONE,Sumur Bandung
North 24 Parganas,North 24 Parganas,ZONE,Chakpanchuria
Ranchi,Ranchi,ZONE,Khatanga
Kannur,Kannur,ZONE,Udayagiri
Kozhikode,Kozhikode,ZONE,Kurichagam
Kozhikode,Kozhikode,ZONE,Calicut Arts & Science College
Thrissur,Thrissur,ZONE,Viyyur
Warangal,Warangal,ZONE,Walmidi
Kozhikode,Kozhikode,ZONE,Calicut R.S.
Thrissur,Thrissur,ZONE,Mathilakam
Tiruchirappalli,Tiruchirappalli,ZONE,Naduvalur
Patna,Rajendra Nagar,ZONE,Pachhim Darwaza
Amritsar,Amritsar,ZONE,Dhianpur
South Goa,South Goa,ZONE,Panchwadi
Meerut,Bacha Park,ZONE,Chhipi Tank
Guntur,Guntur,ZONE,Piduguralla
Kanpur,Kidwai Nagar,ZONE,Sisamau
Erode,Erode,ZONE,Muduthurai
South Tangerang,South Tangerang,ZONE,Jombang
Faridabad,Faridabad,ZONE,Sector 28
San Juan,San Juan Region,ZONE,East Grace Park
San Juan,San Juan Region,ZONE,University Hills
North 24 Parganas,North 24 Parganas,ZONE,Khalitpur
Las Pinas,Las Pinas Region,ZONE,Santo Niño
Guntur,Guntur,ZONE,Alavala
Madurai,Madurai,ZONE,T.Ramanathapuram
North 24 Parganas,North 24 Parganas,ZONE,Amankandi
Chennai,Chennai North East,ZONE,Tiruvottiyur
Gurgaon,Sector43,ZONE,Gurgaon Sector 45
Mumbai,Mulund,ZONE,Mulund
Mumbai,Tardeo,ZONE,Nagpada
Chennai,Chennai South East 1,ZONE,ECR Road
South Goa,South Goa,ZONE,Macazana
Ahmedabad,Maninagar,ZONE,Isanpur
Ernakulam,Tripunithura,ZONE,Kochi Palace
Ernakulam,Tripunithura,ZONE,Panangad
Kannur,Kannur,ZONE,Chemperi
Thiruvananthapuram,Thiruvananthapuram,ZONE,Attukal
Thrissur,Thrissur,ZONE,Palappilly
Indore,Sapna Sangeeta,ZONE,Mhow Cantt
Nagpur,Sadar,ZONE,Seminary Hills
Tiruchirappalli,Tiruchirappalli,ZONE,Thenur
Bilaspur,Bilaspur,ZONE,Bija
Kozhikode,Kozhikode,ZONE,Chempanoda
Thrissur,Thrissur,ZONE,Painkulam
Thrissur,Thrissur,ZONE,Konikara
Aurangabad,Aurangabad,ZONE,Mali Wadgaon
Warangal,Warangal,ZONE,Chintagattu
Warangal,Warangal,ZONE,Yeswantapur
Tirunelveli,Tirunelveli,ZONE,Nanguneri
Tirunelveli,Tirunelveli,ZONE,Tiruvengadanathapuram
Tirunelveli,Tirunelveli,ZONE,Karungulam
Guntur,Guntur,ZONE,Narukullapadu
Nellore,Nellore,ZONE,Vajjavaripalem
Salem,Salem,ZONE,Ammapet
Hooghly,Hooghly,ZONE,Mollerberh
Aurangabad (BH),Aurangabad (BH),ZONE,Kaithi
Dantewada,Dantewada,ZONE,Bache R.S.
North 24 Parganas,North 24 Parganas,ZONE,Dhakuria Kali Bari
Taguig,Taguig Region,ZONE,Tanyag
Amritsar,Amritsar,ZONE,Jandiala R.S
Hyderabad,Hitech city,ZONE,Madhapur
Lucknow,Hazratganj,ZONE,Civil Lines
Hooghly,Hooghly,ZONE,Kamarpukur
Ranchi,Ranchi,ZONE,Dorma
Kozhikode,Kozhikode,ZONE,Ekarool
Thiruvananthapuram,Thiruvananthapuram,ZONE,Pulimath
Thrissur,Thrissur,ZONE,Ollur Thaikkattussery
Bhopal,Old Bhopal,ZONE,Berasia Bhopal
Aurangabad,Aurangabad,ZONE,Marsawali
East Khasi Hills,Shillong-East Khasi Hills,ZONE,Thynroit
Bangalore,JP Nagar,ZONE,JP Nagar 3 Phase
Agra,Delhi Gate,ZONE,Jagdish Pura
Thiruvananthapuram,Thiruvananthapuram,ZONE,Panayamuttom
Chittoor,Chittoor,ZONE,Madanapalle Spinning Mills Gds
Allahabad,Allahabad,ZONE,Samhan
Patna,Rajendra Nagar,ZONE,Alipur Bihta
Aurangabad,Aurangabad,ZONE,Chorwaghalgaon
Warangal,Warangal,ZONE,Ainapur
Amritsar,Amritsar,ZONE,Naushehra Nangli
Guntur,Guntur,ZONE,Unnava
Noida,Sector 18,ZONE,Sector 17
Kanpur,Kakadeo,ZONE,Panki Ganga Ganj
Jaipur,Jhotwara,ZONE,Jhotwara Industrial Area
North Goa,North Goa,ZONE,Corlim IE
South Goa,South Goa,ZONE,Ponda Camp
Meerut,Sadar Bazaar,ZONE,I. E. Partapur
Erode,Erode,ZONE,Karalayam
Erode,Erode,ZONE,Koothampalayam
Nellore,Nellore,ZONE,Chejerla
Nellore,Nellore,ZONE,Chowtaputtedu
Nellore,Nellore,ZONE,Mopur
Salem,Salem,ZONE,Thangayur
Tangerang,Tangerang,ZONE,Cisauk
Hooghly,Hooghly,ZONE,Sabalsingpur
South Goa,South Goa,ZONE,Cavorim
Visakhapatnam,Gajuwaka,ZONE,NAD Kotha Road Junction
Nellore,Nellore,ZONE,Chennarayunipalem
North 24 Parganas,North 24 Parganas,ZONE,Karua Chandpur
Taguig,Taguig Region,ZONE,Ugong
North 24 Parganas,North 24 Parganas,ZONE,Maslishpur
Gurgaon,CivilLines,ZONE,Gurgaon Sector 18
Noida,Sector 50,ZONE,Sector 50
São Paulo,Bela Vista,ZONE,Consolação
Ranchi,Ranchi,ZONE,Hathudani
Mysore,Mysore,ZONE,Manuganahalli
Ernakulam,Tripunithura,ZONE,Thiruvamkulam
Kottayam,Kottayam,ZONE,Pallom
Amritsar,Amritsar,ZONE,Padri
Navi Mumbai,JNPT,ZONE,Uran
Nashik,Panchavati,ZONE,Sri Ram Nagar
Hooghly,Hooghly,ZONE,Sultangacha
Hooghly,Hooghly,ZONE,Chatra
Quezon City,Quezon Region,ZONE,Mangga
Chennai,Chennai Central East,ZONE,Pazavanthangal
Singapore,Sengkang,ZONE,Kembangan
São Paulo,Interlagos,ZONE,Jardim Myrna
Ranchi,Ranchi,ZONE,Tarasiladon
Kottayam,Kottayam,ZONE,Thazhathuvadakara
Mysore,Mysore,ZONE,Panchavalli
Kottayam,Kottayam,ZONE,Kulasekharamangalam
Thiruvananthapuram,Thiruvananthapuram,ZONE,Cotton Hill
Thrissur,Thrissur,ZONE,Kainoor
Tiruchirappalli,Tiruchirappalli,ZONE,Srirangam West
Tirunelveli,Tirunelveli,ZONE,Salainainarpallivasal
Tirunelveli,Tirunelveli,ZONE,E.Meenakshipuram
Agra,Delhi Gate,ZONE,B.M. Khan
Warangal,Warangal,ZONE,Fatimanagar
Aurangabad (BH),Aurangabad (BH),ZONE,Karmalahang
Bilaspur,Bilaspur,ZONE,Padampur
Puducherry,Puducherry,ZONE,Vadhanur
Guntur,Guntur,ZONE,Bavajipalem
Hooghly,Hooghly,ZONE,Pahalampur
Chennai,Chennai North East,ZONE,Park Town
Amritsar,Amritsar,ZONE,Tarpai
Aurangabad,Aurangabad,ZONE,Halda
Visakhapatnam,Gajuwaka,ZONE,Boyapalem
Visakhapatnam,MVP,ZONE,Gitam Engg. College
Tiruchirappalli,Tiruchirappalli,ZONE,Tholurpatti
Thrissur,Thrissur,ZONE,Vellangallur
Allahabad,Allahabad,ZONE,Sirsa
Thiruvananthapuram,Thiruvananthapuram,ZONE,Ambalathinkala
Patna,Rajendra Nagar,ZONE,C.D.A
Chandigarh,Sector 20,ZONE,Sector 21
Thrissur,Thrissur,ZONE,Muttithadi
Tirunelveli,Tirunelveli,ZONE,Royagiri
Aurangabad (BH),Aurangabad (BH),ZONE,Bahuara
Aurangabad (BH),Aurangabad (BH),ZONE,Anurahi
Allahabad,Allahabad,ZONE,Prithvipur
Chittoor,Chittoor,ZONE,Pakala Railway Colony
Lucknow,Ashiyana,ZONE,Alamnagar
Lucknow,Ashiyana,ZONE,Benti
Lucknow,Indranagar,ZONE,Hal
Amritsar,Amritsar,ZONE,Bhikhiwind
Warangal,Warangal,ZONE,Katkur
Tiruchirappalli,Tiruchirappalli,ZONE,Neikuppai
Mohali,Mohali,ZONE,Mote Majra
Jaipur,Raja Park,ZONE,Bagru
Rajahmundry,Rajahmundry,ZONE,Punyakshetram
Guntur,Guntur,ZONE,Velagapudi
Madurai,Madurai,ZONE,Melakottai
Madurai,Madurai,ZONE,Kattathevanpatti
Madurai,Madurai,ZONE,Pothampati
Hooghly,Hooghly,ZONE,Aidakismat
Erode,Erode,ZONE,Mudianerichal
Warangal,Warangal,ZONE,Bandarupalli
Nellore,Nellore,ZONE,Mangupalli
Nellore,Nellore,ZONE,Battepadu
Hooghly,Hooghly,ZONE,Raghunathpur
North 24 Parganas,North 24 Parganas,ZONE,Sulka Durgapur
Allahabad,Allahabad,ZONE,K N Marg
Allahabad,Allahabad,ZONE,Karehnda
Mumbai,Dadar,ZONE,Dadar East
Ranchi,Ranchi,ZONE,Dolaicha
Ranchi,Ranchi,ZONE,Janumpiri
Chittoor,Chittoor,ZONE,Thettu
Chittoor,Chittoor,ZONE,Muthireval
Faridabad,Faridabad,ZONE,Baroli
Panchkula,Panchkula,ZONE,Sector- 26
Thrissur,Thrissur,ZONE,Puthenchira
Thrissur,Thrissur,ZONE,Puthenchira Thekkummuri
Warangal,Warangal,ZONE,Unikicherla
Tirunelveli,Tirunelveli,ZONE,Gunaramanallur
Chittoor,Chittoor,ZONE,Gonamakulapalle
Chittoor,Chittoor,ZONE,Pogurupalle
Lucknow,Hazratganj,ZONE,Charbagh
Kozhikode,Kozhikode,ZONE,Naduvathur
Thrissur,Thrissur,ZONE,Engandiyur
Salem,Salem,ZONE,Koothampalayam
Salem,Salem,ZONE,C.P.Valasu
East Khasi Hills,Shillong-East Khasi Hills,ZONE,Thyllaw
East Khasi Hills,Shillong-East Khasi Hills,ZONE,Dalia
Bangalore,Jayanagar,ZONE,Jayanagar
Bangalore,Banashankari + RR Nagar,ZONE,Nayandahalli
Bangalore,Indiranagar,ZONE,New Thippasandra
Kozhikode,Kozhikode,ZONE,Kumaranellur
Allahabad,Allahabad,ZONE,Bharatganj
Chittoor,Chittoor,ZONE,Gottipudi
Chittoor,Chittoor,ZONE,Edigapalle
Allahabad,Allahabad,ZONE,Sikandra
Nellore,Nellore,ZONE,Pellakur
Guntur,Guntur,ZONE,Pothavaram
Warangal,Warangal,ZONE,Neerukulla
Warangal,Warangal,ZONE,Nirmal
Noida,Gejha,ZONE,Gejha
Chittoor,Chittoor,ZONE,Errandlapalle
Madurai,Madurai,ZONE,Ayyapatti
Aurangabad (BH),Aurangabad (BH),ZONE,Deshpur
Chittoor,Chittoor,ZONE,Pachikapallam
Salem,Salem,ZONE,Veppadi
Navi Mumbai,Vashi,ZONE,Kopar Khairne
Mysore,Mysore,ZONE,Nisana Belathur
South Goa,South Goa,ZONE,Velguem
Kottayam,Kottayam,ZONE,Pampavally North
Ludhiana,Ludhiana Zone 3,ZONE,Ram Nagar
Aurangabad,Aurangabad,ZONE,Madni
Tirunelveli,Tirunelveli,ZONE,Anuvijay Township
Bangalore,Electronics City,ZONE,Handenahalli
Tirunelveli,Tirunelveli,ZONE,Panrimalai
Chittoor,Chittoor,ZONE,Cherukuvaipalle
Chittoor,Chittoor,ZONE,Musalikunta
Patna,Rajendra Nagar,ZONE,Kansari
Tiruchirappalli,Tiruchirappalli,ZONE,Vallam
Tiruchirappalli,Tiruchirappalli,ZONE,Valavandankottai
Dantewada,Dantewada,ZONE,Argatta
Amritsar,Amritsar,ZONE,Medical College
Warangal,Warangal,ZONE,Mohd.Gouspalli
Thiruvananthapuram,Thiruvananthapuram,ZONE,TVM Pettah
Warangal,Warangal,ZONE,Bapujinagar
Aurangabad (BH),Aurangabad (BH),ZONE,Sananpura
Erode,Erode,ZONE,Periapuliyur
Nellore,Nellore,ZONE,Malavyanagar
Nellore,Nellore,ZONE,Kavali Mustapuram
Indore,Palasia,ZONE,Bengali Square
Mohali,Mohali,ZONE,Phase 7
Bilaspur,Bilaspur,ZONE,Urtum
Amritsar,Amritsar,ZONE,Khatrian Kalan
Kakinada,Kakinada,ZONE,Ganganapalli
Mohali,Mohali,ZONE,Cholta Khurd
South Goa,South Goa,ZONE,Gaodongarim
Guntur,Guntur,ZONE,Balijepalle
Erode,Erode,ZONE,Undarapatti
Erode,Erode,ZONE,Ammapettai
Tangerang,Tangerang,ZONE,Cengklong
Gurgaon,Badsharpur,ZONE,Gurgaon Sector 48
Hooghly,Hooghly,ZONE,Gandhisarak
South Tangerang,South Tangerang,ZONE,Pondok Benda
Jaipur,Vaishali Nagar,ZONE,Nirman Nagar
Kolkata,Bhowanipore,ZONE,R.K.Seva Pratisthan
North 24 Parganas,North 24 Parganas,ZONE,Kaijuri
North 24 Parganas,North 24 Parganas,ZONE,Kharampur
Ahmedabad,Maninagar,ZONE,Vastral
North Goa,North Goa,ZONE,Pilerne
Chandigarh,Sector 36,ZONE,Sector-48
Salem,Salem,ZONE,Chennagiri
Madurai,Madurai,ZONE,Royapuram
Kolkata,Central,ZONE,Jorasanko
San Juan,San Juan Region,ZONE,Hagdan Bato Libis
Jakarta,Mangga Besar/Mangga Dua,ZONE,Gambir
Karur,Karur,ZONE,Kurikkaranvalasu
Madurai,Madurai,ZONE,Pottapatti
Mumbai,Parel,ZONE,Worli
Madurai,Madurai,ZONE,Vandapuli
Madurai,Madurai,ZONE,Vandari
Hooghly,Hooghly,ZONE,Satithan
Faridabad,Faridabad,ZONE,Sarai Khawaja Village
Hyderabad,Habsiguda,ZONE,Shanti Nagar
Gurgaon,Manesar,ZONE,Gurgaon Sector 88
Ernakulam,Tripunithura,ZONE,Varikoli
Kannur,Kannur,ZONE,Kottayampoil
Ludhiana,Ludhiana Zone 3,ZONE,Model town extension
Mangalore,Mangalore,ZONE,Surathkal
São Paulo,Interlagos,ZONE,Vila São José (Cidade Dutra)
Ernakulam,Kakkanad,ZONE,Parappuram
South Goa,South Goa,ZONE,Verem De Ponda
Bhubaneswar,Bhubaneswar,ZONE,Prataprudrapur
Ranchi,Ranchi,ZONE,Gutjora
Mangalore,Mangalore,ZONE,Kallabettu
Kottayam,Kottayam,ZONE,Pariyaram
Kottayam,Kottayam,ZONE,Chamakala
Kottayam,Kottayam,ZONE,Memuri
Thrissur,Thrissur,ZONE,Pazhayannur
Tiruchirappalli,Tiruchirappalli,ZONE,Sithambur
Nellore,Nellore,ZONE,Saipeta
Madurai,Madurai,ZONE,Chintamani
Jakarta,PuloGadung/Duren Sawit,ZONE,Klender
Kolkata,Central,ZONE,Girish Avenue
San Juan,San Juan Region,ZONE,Old Zañiga
Tirunelveli,Tirunelveli,ZONE,Uchankulam
Warangal,Warangal,ZONE,Peddapahad
Warangal,Warangal,ZONE,Bollikunta
Bilaspur,Bilaspur,ZONE,Pura
Thiruvananthapuram,Thiruvananthapuram,ZONE,Valiamala
Aurangabad,Aurangabad,ZONE,Wadner
Nellore,Nellore,ZONE,Guruvindapudi
Tiruchirappalli,Tiruchirappalli,ZONE,Urakkarai
Agra,Agra City,ZONE,Gandhi Nagar
Coimbatore,Singanallur,ZONE,Uppilipalayam
Salem,Salem,ZONE,Idayapatti
San Juan,San Juan Region,ZONE,Hulong Duhat
Quezon City,Quezon Region,ZONE,Escopa IV
Mumbai,Ghatkopar,ZONE,Pant Nagar
Mumbai,Juhu,ZONE,Vakola
Delhi,Shahdara,ZONE,Shankar Nagar
Gurgaon,Sector43,ZONE,Gurgaon Sector 53
Nellore,Nellore,ZONE,Kovur Cutchery
Ranchi,Ranchi,ZONE,Khunti
North Goa,North Goa,ZONE,Pomburpa
Guntur,Guntur,ZONE,Yerukalapudi
Aurangabad,Aurangabad,ZONE,Chintamani Colony
Kolkata,Jadavpur,ZONE,Selimpur
Surat,Katragam,ZONE,Variavi Bhagal
Mysore,Mysore,ZONE,Bettadathunga
Kannur,Kannur,ZONE,Uruvachal
Aurangabad,Aurangabad,ZONE,Jyoti Nagar
Gurgaon,Badsharpur,ZONE,Gurgaon Sector 64
Bangalore,Yelahanka,ZONE,BSF Campus
Hyderabad,Bolarum,ZONE,Kapra
Hyderabad,Kukatpally,ZONE,Lingampally
Mysore,Mysore,ZONE,Heggur
Guntur,Guntur,ZONE,Jangamaheswarapuram
Guntur,Guntur,ZONE,Miriyala
Delhi,Civil lines,ZONE,Civil Lines
Jaipur,C Scheme,ZONE,Raj Bhawan
Erode,Erode,ZONE,Gobichettipalayam East
Erode,Erode,ZONE,Kummakalipalayam
Karur,Karur,ZONE,Kadambankurichi
Salem,Salem,ZONE,Madayankuttai
Hooghly,Hooghly,ZONE,Chandpur
Quezon City,Quezon Region,ZONE,Pag-Ibig sa Nayon
Quezon City,Quezon Region,ZONE,Unang Sigaw
Chennai,Chennai Central East,ZONE,Kattupakkam
South Goa,South Goa,ZONE,Fatorpa
Hooghly,Hooghly,ZONE,Krishnapur
Singapore,Geylang,ZONE,Kaki Bukit
Amritsar,Amritsar,ZONE,Bhattike
Hyderabad,Nallakunta,ZONE,Vidyanagar
Kottayam,Kottayam,ZONE,Kanakari
Tirunelveli,Tirunelveli,ZONE,Govindaperi
Jakarta,PuloGadung/Duren Sawit,ZONE,Bali Mester
Allahabad,Allahabad,ZONE,Rambagh
Chittoor,Chittoor,ZONE,Marakalakuppam
Chittoor,Chittoor,ZONE,Narasingarayanipettah
Madurai,Madurai,ZONE,Austinpatti
Salem,Salem,ZONE,Amaram
Salem,Salem,ZONE,Kullamudayanur
Vadodara,Vasna Road,ZONE,Masar
Noida,Sector 25,ZONE,Sector 36
Chittoor,Chittoor,ZONE,Sankampalle
Bilaspur,Bilaspur,ZONE,Semartal
Amritsar,Amritsar,ZONE,Waryam Nangal
Delhi,Lajpat nagar,ZONE,Defence Colony
Kozhikode,Kozhikode,ZONE,Kolakkad
Thrissur,Thrissur,ZONE,Orumanayur
Thrissur,Thrissur,ZONE,Mulayam
Aurangabad,Aurangabad,ZONE,Bilda
North 24 Parganas,North 24 Parganas,ZONE,Nalkora
Quezon City,Quezon Region,ZONE,Duyan-Duyan
North 24 Parganas,North 24 Parganas,ZONE,Panchberia
Quezon City,Quezon Region,ZONE,Santo Domingo
Hyderabad,Punjagutta,ZONE,SR Nagar
Warangal,Warangal,ZONE,Kasibugga
Warangal,Warangal,ZONE,Dardepalli
Allahabad,Allahabad,ZONE,Bamrauli Air Port
Warangal,Warangal,ZONE,Salvapur
Warangal,Warangal,ZONE,Konapuram
Tiruchirappalli,Tiruchirappalli,ZONE,Alathudayanpatti
Warangal,Warangal,ZONE,Incherla
Tirunelveli,Tirunelveli,ZONE,Panavadalichatram
Dantewada,Dantewada,ZONE,Gorli
Chittoor,Chittoor,ZONE,Srikalahasti
Allahabad,Allahabad,ZONE,Rajrooppur
Allahabad,Allahabad,ZONE,Sahson
Aurangabad (BH),Aurangabad (BH),ZONE,Purdina
Rajahmundry,Rajahmundry,ZONE,Visranthipuram
Amritsar,Amritsar,ZONE,Jethuwal
Guntur,Guntur,ZONE,Bodipalem
Amritsar,Amritsar,ZONE,Wadala Viram
Lucknow,Aliganj,ZONE,Usarana
Chittoor,Chittoor,ZONE,Chindepalle
Delhi,Patparganj,ZONE,Mayur Vihar Ph-III
Meerut,Saket Ganganagar,ZONE,Victoria Park
Tangerang,Tangerang,ZONE,Tamiang
North 24 Parganas,North 24 Parganas,ZONE,Baduria
Faridabad,Faridabad,ZONE,Sector 54
Chennai,Chennai North East,ZONE,Ennore
Ahmedabad,Saraspur,ZONE,Bapunagar
Nellore,Nellore,ZONE,Elamanchipadu
São Paulo,Lapa,ZONE,Vila Romana
East Khasi Hills,Shillong-East Khasi Hills,ZONE,Mawphlang
Tirunelveli,Tirunelveli,ZONE,Melapalayam Bazaar
Ranchi,Ranchi,ZONE,Lame Baragaon
Mysore,Mysore,ZONE,Chunchunakatte
Ernakulam,Kakkanad,ZONE,Edapally North
Allahabad,Allahabad,ZONE,Alam Chand
Patna,Rajendra Nagar,ZONE,Bihari Bigha
Kozhikode,Kozhikode,ZONE,Kakkur
Kozhikode,Kozhikode,ZONE,Malayamma
Thrissur,Thrissur,ZONE,Kallettumkara
Chittoor,Chittoor,ZONE,Peddagottigallu
Tiruchirappalli,Tiruchirappalli,ZONE,Thuvakudimalai
Chittoor,Chittoor,ZONE,Panakam
Dantewada,Dantewada,ZONE,Kikirpal
Tiruchirappalli,Tiruchirappalli,ZONE,Pagalavadi
Faridabad,Faridabad,ZONE,Chant
Ranchi,Ranchi,ZONE,Kamre
Tangerang,Tangerang,ZONE,Kedung Dalem
Aurangabad,Aurangabad,ZONE,Mukundwadi
Aurangabad,Aurangabad,ZONE,Naralibag
Kannur,Kannur,ZONE,Payyan R.S.
Tirunelveli,Tirunelveli,ZONE,Perumpattur
Bilaspur,Bilaspur,ZONE,Kilaward Bilaspur
Dantewada,Dantewada,ZONE,Urmapal
Amritsar,Amritsar,ZONE,Jhandher M Purkhan
Amritsar,Amritsar,ZONE,Kirtowal
North 24 Parganas,North 24 Parganas,ZONE,Takipur
Erode,Erode,ZONE,Palayakottai
Salem,Salem,ZONE,Talaivasal
Mumbai,Chembur,ZONE,Deonar
São Paulo,Bela Vista,ZONE,Bela Vista
Erode,Erode,ZONE,Palakuttaipattipudur
Guntur,Guntur,ZONE,Rayapudi
Karur,Karur,ZONE,Kalaiyapatti
Nellore,Nellore,ZONE,Jirravaripalem
Surat,Varaccha,ZONE,Godadara
Gurgaon,Sohna,ZONE,Bisru
Delhi,Punjabi bagh,ZONE,Punjabi Bagh
Ranchi,Ranchi,ZONE,Pundag
Gurgaon,Manesar,ZONE,Gurgaon Sector 97
Jaipur,Raja Park,ZONE,Krishna Mandir
Nellore,Nellore,ZONE,Cherloyadavalli
Nellore,Nellore,ZONE,Venkataraopalli
Madurai,Madurai,ZONE,Mudakkuchalai
Salem,Salem,ZONE,Samudram
Thiruvananthapuram,Thiruvananthapuram,ZONE,Thope
Thrissur,Thrissur,ZONE,Anjur Mundur
Tiruchirappalli,Tiruchirappalli,ZONE,Amur
Indore,Sapna Sangeeta,ZONE,Vishnu Puri Colony
Kolkata,Salt lake,ZONE,Paikapara
São Paulo,Lapa,ZONE,Jardim das Bandeiras
Thane,Thane Central,ZONE,Hiranandani Estate
Makati,Makati Region,ZONE,Bangkal
Delhi,Rohini,ZONE,Rohini Sector 10
Mangalore,Mangalore,ZONE,Padumarnad
Ernakulam,Tripunithura,ZONE,Thirumarayoor
Chittoor,Chittoor,ZONE,Kona
Aurangabad (BH),Aurangabad (BH),ZONE,Gosaidih
Chittoor,Chittoor,ZONE,Mangalampet
Salem,Salem,ZONE,C.S.Padi
Lucknow,Ashiyana,ZONE,Mahmoodnagar
Coimbatore,Gandhipuram,ZONE,Ranganathapuram
Coimbatore,Race Course,ZONE,Coimbatore Courts
Hyderabad,Nallakunta,ZONE,Amberpet
San Juan,San Juan Region,ZONE,Pleasant Hills
Ludhiana,Ludhiana Zone 1,ZONE,Aggar Nagar A block
Mangalore,Mangalore,ZONE,Kotekar
Karur,Karur,ZONE,Chinnavangalampalayam
Kannur,Kannur,ZONE,Sivapuram
Karur,Karur,ZONE,Uttupatti
Hooghly,Hooghly,ZONE,Hanral
Meerut,Shastri Nagar,ZONE,Jagriti Vihar
Quezon City,Quezon Region,ZONE,Bagong Silangan
North 24 Parganas,North 24 Parganas,ZONE,Paschim Monipur
Ghaziabad,Vaishali,ZONE,Brij Vihar
South Goa,South Goa,ZONE,Sem-rachol Soso
Singapore,Sengkang,ZONE,Jalan Kayu
Salem,Salem,ZONE,Erumaipatti
Mangalore,Mangalore,ZONE,Shirthady
Mysore,Mysore,ZONE,Hanagodu
Kanpur,Kakadeo,ZONE,Sharda Nagar
Ernakulam,Tripunithura,ZONE,Nettoor
Kottayam,Kottayam,ZONE,Enadi
Nellore,Nellore,ZONE,Lalapeta
Tiruchirappalli,Tiruchirappalli,ZONE,Mambarai
Pune,Pimpri chinchwad,ZONE,Pimpri-Chinchwad
Tirunelveli,Tirunelveli,ZONE,Surangudi
Bangalore,Hebbal + HBR layout,ZONE,RMV 2nd Stage
Lucknow,Hazratganj,ZONE,Sarfarazganj
Amritsar,Amritsar,ZONE,Amritsar Sadar Bazar
Guntur,Guntur,ZONE,Thotapalli
Guntur,Guntur,ZONE,Endugumpalem
North Goa,North Goa,ZONE,Tivim
Guntur,Guntur,ZONE,Pamidipadu Agraharam
Karur,Karur,ZONE,Rakkampatti
Madurai,Madurai,ZONE,Anuppanady
Tangerang,Tangerang,ZONE,Sukamantri
Kolkata,Central,ZONE,Chittaranjan Avenue
Amritsar,Amritsar,ZONE,Dhab Khatikan
Surat,Athawa,ZONE,Sachin R.S.
Surat,Varaccha,ZONE,Surta Textile Market
Nellore,Nellore,ZONE,Baddevolu
East Khasi Hills,Shillong-East Khasi Hills,ZONE,Umsyiem
Mysore,Mysore,ZONE,Nandinathapura
Thrissur,Thrissur,ZONE,Chuvannamannu
Aurangabad (BH),Aurangabad (BH),ZONE,Nabinagar Road
Chittoor,Chittoor,ZONE,Badikayalapalle
Chittoor,Chittoor,ZONE,Vepulabailu
Guntur,Guntur,ZONE,Cherukupalle
Amritsar,Amritsar,ZONE,Hs College
North Goa,North Goa,ZONE,Arambol
Erode,Erode,ZONE,Kadayur
Nellore,Nellore,ZONE,Chodavaram
Jakarta,PuloGadung/Duren Sawit,ZONE,Ceger
Jakarta,PuloGadung/Duren Sawit,ZONE,Kebon Pala
Jakarta,PuloGadung/Duren Sawit,ZONE,Kayu Manis
Tangerang,Tangerang,ZONE,Pondok Jaya
Kolkata,Jadavpur,ZONE,Bijoygarh
Kolkata,Howrah,ZONE,Hindustan Building
Kolkata,Salt lake,ZONE,Kankurgachi
Mumbai,Malad,ZONE,Malad
Mumbai,Fort area,ZONE,Opera House
Ranchi,Ranchi,ZONE,Balsota
Ranchi,Ranchi,ZONE,Bingaon
Mangalore,Mangalore,ZONE,Konchady
Kottayam,Kottayam,ZONE,Chelacompu
Thrissur,Thrissur,ZONE,Pudukad
Aurangabad,Aurangabad,ZONE,Shevga
Tiruchirappalli,Tiruchirappalli,ZONE,Pothamettupatti
Bhubaneswar,Bhubaneswar,ZONE,Turintira
Warangal,Warangal,ZONE,Naskal
Chittoor,Chittoor,ZONE,Mudaramdoddi
Bilaspur,Bilaspur,ZONE,Bijatarai
Guntur,Guntur,ZONE,Burripalem
Delhi,Lajpat nagar,ZONE,Hari Nagar Ashram
Hooghly,Hooghly,ZONE,Beraberi
Jaipur,Vaishali Nagar,ZONE,Sali
Karur,Karur,ZONE,Pallapalayam
Madurai,Madurai,ZONE,Karaikeni
Tangerang,Tangerang,ZONE,Jati Waringin
Hooghly,Hooghly,ZONE,Rahimpur
Chennai,Chennai South West 2,ZONE,Singaperumal Kovil
Nellore,Nellore,ZONE,Kullur
Patna,Rajendra Nagar,ZONE,Tripolia
Ranchi,Ranchi,ZONE,Etta
Ranchi,Ranchi,ZONE,Icha
Mysore,Mysore,ZONE,Jt Extension
Ernakulam,Kakkanad,ZONE,Varapetty
Thrissur,Thrissur,ZONE,Elavally
Thrissur,Thrissur,ZONE,Koorikuzhi
Thrissur,Thrissur,ZONE,Thrissur Engg College
Salem,Salem,ZONE,Sanniyasipatti Agraharam
Nellore,Nellore,ZONE,Sydadupalli
Tiruchirappalli,Tiruchirappalli,ZONE,Nagar
Thane,Dombivali,ZONE,Dombivli
Bangalore,Koramangala,ZONE,Koramangala 3 Block
Kanpur,Kidwai Nagar,ZONE,Anwarganj
Tiruchirappalli,Tiruchirappalli,ZONE,Naganallur
Guntur,Guntur,ZONE,Bandarupalle
Amritsar,Amritsar,ZONE,Chohla Sahib
Delhi,Karol bagh,ZONE,Patel Nagar South
Erode,Erode,ZONE,Chimtahalli
Nashik,Panchavati,ZONE,Raviwar Karanja
San Juan,San Juan Region,ZONE,Potrero
Erode,Erode,ZONE,Karaipudur
Karur,Karur,ZONE,Elavanur
Madurai,Madurai,ZONE,Sokkampatti
Salem,Salem,ZONE,Aranganur
Nashik,Nashik Road,ZONE,Maratha Nagar
North 24 Parganas,North 24 Parganas,ZONE,Amudia
North 24 Parganas,North 24 Parganas,ZONE,Basirhat College
Navi Mumbai,Nerul,ZONE,Nerul
Vadodara,Vasna Road,ZONE,Vasna Road
Hooghly,Hooghly,ZONE,Nandanpur
Ranchi,Ranchi,ZONE,Bijjulia
Ranchi,Ranchi,ZONE,Barwadag
Ernakulam,Tripunithura,ZONE,Poothotta
Kannur,Kannur,ZONE,Arang
Kannur,Kannur,ZONE,Josegiri
Kottayam,Kottayam,ZONE,Mariappally
Kozhikode,Kozhikode,ZONE,Paropadi
Indore,Palasia,ZONE,Old Palasia
Tiruchirappalli,Tiruchirappalli,ZONE,Sevalur
Tirunelveli,Tirunelveli,ZONE,Sundaresapuram
Chittoor,Chittoor,ZONE,Dasegowniyur
Kozhikode,Kozhikode,ZONE,Indira Nagar
Kozhikode,Kozhikode,ZONE,Poothampara
Thrissur,Thrissur,ZONE,Chittilapilly
Nellore,Nellore,ZONE,Muttembaka
Nellore,Nellore,ZONE,Gangireddypalem
Chennai,Chennai South Central,ZONE,Guindy
Karur,Karur,ZONE,Vedichipalayam
Karur,Karur,ZONE,West Orathai
Chittoor,Chittoor,ZONE,Vadlakunta
Las Pinas,Las Pinas Region,ZONE,Daniel Fajardo
San Juan,San Juan Region,ZONE,West Crame
Quezon City,Quezon Region,ZONE,N.S. Amoranto
Guntur,Guntur,ZONE,Gudavalli
North Goa,North Goa,ZONE,Porvorim
North Goa,North Goa,ZONE,Saipem
Hooghly,Hooghly,ZONE,Sainta
Erode,Erode,ZONE,Avanashipalayampudur
Madurai,Madurai,ZONE,Thodaneri
Jakarta,Kramat Jati/Pasar Rebo,ZONE,Cibubur
Kolkata,Santoshpur,ZONE,Kamalapur
North 24 Parganas,North 24 Parganas,ZONE,Goshna
Mumbai,Mulund,ZONE,Bhandup West
Mangalore,Mangalore,ZONE,Bikkarnakatte
Ranchi,Ranchi,ZONE,Phudi
Mangalore,Mangalore,ZONE,Kuppepadavu
Kozhikode,Kozhikode,ZONE,Kannadipoil
Thiruvananthapuram,Thiruvananthapuram,ZONE,Navaikulam
Nellore,Nellore,ZONE,Kanururajupalem
Salem,Salem,ZONE,Salem Pension Lines
Ernakulam,Kakkanad,ZONE,Mudavoor
Visakhapatnam,Gajuwaka,ZONE,Narava
Tiruchirappalli,Tiruchirappalli,ZONE,Arasangudi
Agra,Agra City,ZONE,Rawatpara
Thiruvananthapuram,Thiruvananthapuram,ZONE,Kottakkakom
Guwahati,Guwahati,ZONE,Garchuk
Allahabad,Allahabad,ZONE,Malak Harhar
Tiruchirappalli,Tiruchirappalli,ZONE,Ariyur
Warangal,Warangal,ZONE,Jhengaid
Dantewada,Dantewada,ZONE,Gadmiri
Dantewada,Dantewada,ZONE,Badesatti
Lucknow,Ashiyana,ZONE,Singhrawa
Warangal,Warangal,ZONE,Narasimulapet
Aurangabad (BH),Aurangabad (BH),ZONE,Kashipur Tetaria
Chittoor,Chittoor,ZONE,Thirumanyam Rajula Kandriga
Guntur,Guntur,ZONE,Railpet
Guntur,Guntur,ZONE,Vejendla
Tangerang,Tangerang,ZONE,Talaga
North 24 Parganas,North 24 Parganas,ZONE,Angrail
Mumbai,Andheri west,ZONE,New Link Road
Singapore,Geylang,ZONE,Kallang
Faridabad,Faridabad,ZONE,Bhaskola
Meerut,Sadar Bazaar,ZONE,Kaseru Khera
Erode,Erode,ZONE,Arachalur
Erode,Erode,ZONE,Arakkankottai
Salem,Salem,ZONE,Sitheri
Nashik,Mumbai Naka,ZONE,Lekha Nagar
Delhi,Rohini,ZONE,Rohini Sector 2
North 24 Parganas,North 24 Parganas,ZONE,Matia
Visakhapatnam,MVP,ZONE,Madhavadhara
Ranchi,Ranchi,ZONE,Tala
Ernakulam,Kakkanad,ZONE,Kalamassery Development Plot
Kannur,Kannur,ZONE,Kalliasseri
Kottayam,Kottayam,ZONE,Kanamala
Cavite,Cavite,ZONE,Rosario
Lucknow,Hazratganj,ZONE,Fazullaganj
Kannur,Kannur,ZONE,Thrichambaram
Warangal,Warangal,ZONE,Madipalli
Tirunelveli,Tirunelveli,ZONE,Nallankulam
Chittoor,Chittoor,ZONE,Adavaram
Allahabad,Allahabad,ZONE,Basahra
Bilaspur,Bilaspur,ZONE,Bhatgaon
Chittoor,Chittoor,ZONE,Sriharipuram
Amritsar,Amritsar,ZONE,Allowal
Guntur,Guntur,ZONE,Ramnayyapalem
Guntur,Guntur,ZONE,Narasingapadu
Hooghly,Hooghly,ZONE,Dedhara
Karur,Karur,ZONE,Mathagiri
Jakarta,Kelapa Gading,ZONE,Papango
North 24 Parganas,North 24 Parganas,ZONE,Kantadhar
Mumbai,Chembur,ZONE,Chembur
Kannur,Kannur,ZONE,Chirakk R.S.
Kottayam,Kottayam,ZONE,Champakara
